tier,score,client,sector_guess,source_name,source_domain,published_at,title,url,summary,topics,why_it_matters
DISCARDED,0,Vodafone,Telecoms,Google News: Vodafone,news.google.com,2026-07-27T06:42:36+00:00,"UK Stock Market News: Pinewood, Cranswick, Vodafone - The Armchair Trader",https://news.google.com/rss/articles/CBMiiwFBVV95cUxOZ1J4RGF5YWRJZUpWeFdTU2FGWUhEYkw3cGs2dFRlZkNyRVlhbDM3YzY0WFRyb1RKTGFGam8yOEU4RWtvWFJGbWNYY2ppVTNsVXlleGc1X2pjS1FZMnJEUEJNZ0owcFFOU1FPWWNYdmpxVTRycXdST0c0UDJhSnkxWTllX0hZWE10U3FJ?oc=5,"UK Stock Market News: Pinewood, Cranswick, Vodafone The Armchair Trader",,
MENTIONED,12,Thames Water | Ofwat,Water,Google News: Thames Water,news.google.com,2026-07-22T14:50:52+00:00,Thames Water: Decision time for Ofwat - Good Law Project,https://news.google.com/rss/articles/CBMickFVX3lxTE1xTDFaOHUwMlVRUHRGYXo2MS1ZbDlSdDFJOVZEREFZRVY2Vk1xcEVYNFJkemJXdjlvTzRNaXMwTDF2N0pnMkZLZ1NhVTJiSGlOdWJOaWR6aFo1Z0JqX1ZHSGQycE9UQmMxeGdZZzFjUnA0dw?oc=5,Thames Water: Decision time for Ofwat Good Law Project,,
MENTIONED,12,National Grid | Ofgem,Electricity,Google News: Ofgem,news.google.com,2026-07-23T08:04:48+00:00,Ofgem to investigate NESO over heatwave pressures - Energy Live News,https://news.google.com/rss/articles/CBMilwFBVV95cUxORmF6NHhnSHNEQnhOLUVORXBqd1J6UTFDNll0TlhvQXpxZ3NrMFQyN1B6N25pQTIwTVUyUWdWOVI1Z2dYdEI3VXhIc1hCcHU3UUZ6MnlYdGxLSmJyd2ozRlVZcE9iQnBNdGppNTQyQ3llWTJxSUtnUEFtemdodUI2d3k3RVY4S2M4Q1FYeHN2M21kVEl0N1o4?oc=5,Ofgem to investigate NESO over heatwave pressures Energy Live News,,
MENTIONED,11,Scottish Water | BT Group,Water,Google News: Scottish Water,news.google.com,2026-07-21T08:00:00+00:00,BT Business secures multi-million pound contract to enhance critical national infrastructure for Scottish Water - BT Group Newsroom,https://news.google.com/rss/articles/CBMi0gFBVV95cUxOeDBmQTRIam4tSGI4cVUzbUJXOW9mWVpucDN0LVZ2NExWOWN3Tms0QnVLN1RqNjYwZzdQeVFRQkswX20xLWZqdWdxYWVDTDVLaDQ4THNjWVdlTG8xdDFfQUdDS2h5dGhsT1dVREhBTHJBc2d2amllcTJBR3hHUFVJSlZaaEZPcVpsYkJUMEZzSHI4NG9DenRNanBBenN2a3JNZU1kOFkzTnotZHM1Z1hLaXl5MVB0YllUVjNNaERfWjk0MTNEYzZYQVhReGVVRS1aNWc?oc=5,BT Business secures multi-million pound contract to enhance critical national infrastructure for Scottish Water BT Group Newsroom,media_and_events,+1 other outlet covered this
MENTIONED,11,Scottish Water | BT Group,Water,Google News: Scottish Water,news.google.com,2026-07-21T16:44:35+00:00,"Scottish Water taps BT, Accenture to plot digital future - Computer Weekly",https://news.google.com/rss/articles/CBMiowFBVV95cUxQWnhyRmdXMTlaWXdZZ1lCRDh5WVozNTBHWHpyX2tnV0NwY1JCZHo3UWlhbC1kdWxHZVREN05rUG5UNWg4NmlEcXFvdmZQRi16ZkxRMThBLUV0VDdjaGNlT01vMzItT0dUcWNFZ0FDM0tqQnR3V29uQl9oS3YwZ04wVUtfMkJLalc5OGJCNjNqY1JCeHFmdTk2Ync0eW1GSXVDRHl3?oc=5,"Scottish Water taps BT, Accenture to plot digital future Computer Weekly",media_and_events,+1 other outlet covered this
MENTIONED,11,Scottish Water | BT Group,Water,Google News: Scottish Water,news.google.com,2026-07-21T10:30:04+00:00,"BT wins network, security services contract with Scottish Water - Telecompaper",https://news.google.com/rss/articles/CBMiqAFBVV95cUxOVHRXcnNBOXJvR2pmWF82T0dGbnhydW42UVNEQVNFTjg2ZXZhb3A1ejBsTkVWSFZvZlNzQXF5dWZiZVNpam5LZTNBcHB5VHY0eVVKNm1fTmtQLXlpclNuSF83Q2RUd3NEblZmNTlpTDR4V3l2YTBXemRzLVV2R0plUUp2eVBtVHVrbkJoazY4YlhaMDRDbFZjdDhpRVoyZjlIZlNLVHVENHY?oc=5,"BT wins network, security services contract with Scottish Water Telecompaper",media_and_events,
MENTIONED,10,Virgin Media O2,Telecoms,Google News: Virgin Media O2,news.google.com,2026-07-24T09:32:37+00:00,Virgin Media O2 reaches 9m full-fibre premises - Broadband TV News,https://news.google.com/rss/articles/CBMilAFBVV95cUxQTlZDV0hkS0w0bUJIcGw3YUtGMnZ2bEhkdjB4emU0SERxUVBTdzZHZGhSYzQ4V2tLQWtxaVdIZ20zQXlJNHFxbzRqWHNNOFBkcjlsUXF6V09KdEN1U3ppMzdOeGowNC1nMTJnNW8tS0k5cjFaRTl0RmFmRWZfVTVFWUJwU3BEN0Q3MlNjRUZ0ZXNYZzVx?oc=5,Virgin Media O2 reaches 9m full-fibre premises Broadband TV News,,+1 other outlet covered this
MENTIONED,10,Virgin Media O2,Telecoms,Google News: Virgin Media O2,news.google.com,2026-07-24T09:46:50+00:00,Virgin Media O2 Q2 revenue down 7.9% - Advanced Television,https://news.google.com/rss/articles/CBMiiwFBVV95cUxNUDVVOHREeGdocDlLTGZ0X0FSd2FNUEtDeHozQ1RhQzNFcjRwQVhqWmtVTXdRUUVBbFNIekZjOVVyOFpqcVFGQWZTUjVBMkp0OE52eUMzbDdoTEo4YjAtZk1DUEZGU2V5NlBYeldla01ZMUdJcnZyVmpMNDdSSU5lUVBNbFBzZGtVNkhR?oc=5,Virgin Media O2 Q2 revenue down 7.9% Advanced Television,,+1 other outlet covered this
MENTIONED,10,Virgin Media O2,Telecoms,Google News: Virgin Media O2,news.google.com,2026-07-22T14:42:55+00:00,Virgin Media O2 switches on 500th Giga site in UK - Data Center Dynamics,https://news.google.com/rss/articles/CBMimAFBVV95cUxQMnFPcFBSdEFRUTJBLUdTTHFYcm42S2JWWWR2T21jc1F4ZUZLZXZZYXowNW91elVkSjNPNEJQcXdzcERsZ291MHFpSlJ4VjFKQ0JKa0psUkJfbUdDVm0zbEIyeTVuVHhZTEhXdzdZOWhtd1JCM24yNDU3YWFkYkZBU2FSWlMyUTgtaEtPSllzNmF1MUFEQlgxYw?oc=5,Virgin Media O2 switches on 500th Giga site in UK Data Center Dynamics,,
MENTIONED,9,Anglian Water | South Staffs Water,Water,Google News: Anglian Water,news.google.com,2026-07-25T06:00:00+00:00,Cambridge Water and Anglian Water hosepipe bans welcomed by Cam Valley Forum - Cambridge Independent,https://news.google.com/rss/articles/CBMisgFBVV95cUxQMVQ1SnVXZU93Uy1YLWJjT0ZnUmZidW9LOUFqNWs5eWJoT1FLOHJlOG1lZlV3Y3psaVc1RDNTd3hYWXFzYXZ3cEVxcjhtYTZLR05Yc3F0cVFNaTNzeWJPWW5HWndSbnA3YjZMQnBLOFB3ZE1jYTlUR3MxcXBfVHBMS2dKczBORmpkZmFNLXJ2a3NrbUtVbWlRU3VRSDEzT3lRYi1kWkRFcW8zZ0hJYm5xaE5R?oc=5,Cambridge Water and Anglian Water hosepipe bans welcomed by Cam Valley Forum Cambridge Independent,,
MENTIONED,9,Northumbrian Water | Ofwat,Water,Google News: Northumbrian Water,news.google.com,2026-07-26T04:00:00+00:00,Northumbrian Water chief handed £1.5m payout that falls outside Ofwat bonus ban - Hexham Courant,https://news.google.com/rss/articles/CBMiqwFBVV95cUxNTFJvbTRZS0Z1cldONHczcThxUG9lWkxkaHVCWl9lNDVlSk1JbVNjWGFHY0dPWFJPcVhwSTNiRmtWZFB3ek94SzhkOHp2S2hyV3hGYk1uZ2pXc0lnaXNwWHROR093NDFGdHI5Z1lvb0dRVlVJYlpxaHF3eUhtZTFaQmozM0I0VlViMkpkQmNLd3kydUlmX1RMdjF3bktCOThnOFhqZDB4ZXFMQ1U?oc=5,Northumbrian Water chief handed £1.5m payout that falls outside Ofwat bonus ban Hexham Courant,,
MENTIONED,9,Scottish Water,Water,Google News: Scottish Water,news.google.com,2026-07-23T09:13:13+00:00,Scottish Water: Official Supporter of the Glasgow '26 Commonwealth Games - Scottish Water,https://news.google.com/rss/articles/CBMikwFBVV95cUxQa0lpOWNNTXRiQV93VUdsb0Uzbkh4c24wMTdRNUJsZlZiMDl4WXB5S3VmZ2UyYjlUQU9tdmRLQVl3d0FCRVY5N01FdGVSR0x3QktLcE9sVWxBVUdlWWVLM2ItQl9tRkFuMnUzRWpEektITk5tYnJxMjBfcDVTSW9NR1hVVVlLZE1TSGZtMjF2WFI2SVE?oc=5,Scottish Water: Official Supporter of the Glasgow '26 Commonwealth Games Scottish Water,media_and_events,
MENTIONED,9,Virgin Media O2,Telecoms,Google News: UK telecoms,news.google.com,2026-07-22T11:28:00+00:00,"Reform net neutrality rules to unlock innovation and new mobile network investment, report says - Virgin Media O2",https://news.google.com/rss/articles/CBMixwFBVV95cUxPQXNXeHVzU2RkZUo0bTMzZzZKTUE4MlhKazVfWVJtQVVsT19RS2djZUVZZ05SUVFqTEdIZkRLRWVHOTd0dUtRNVRucnlNUC03TUdNZ1MxUUxJWnNWajRXQXR3RXpVZVM3d05zY3U2V0dWRlFIZlZKeElfWWVPanlfbmdmdC1ScUJCUXQxUFpKX3QwVjhSNDh5SHJLZmFueE01NmpoSmlKMi1MVEhYUmc1UjNGSVFESlJ2amlKal81d1Q5dE5qa3lR?oc=5,"Reform net neutrality rules to unlock innovation and new mobile network investment, report says Virgin Media O2",telecoms_infrastructure,
MENTIONED,8,Anglian Water,Water,Google News: Anglian Water,news.google.com,2026-07-20T14:43:00+00:00,Water use falls after hosepipe ban as Anglian Water urges customers to keep saving - Northampton Chronicle and Echo,https://news.google.com/rss/articles/CBMi0wFBVV95cUxNUGtNeER1LXVMZy12MFlDVldVWUM2UEt6eGpja2NqdnJiM3Q1WVJhS2VKcmt5c1VRWURScjFCVlVRTkk1VkhlVjFLRGNUcEtKa2JkakZ3SUJ5ZzkwaVEyTWlfUjl4RWlDRHYtM292XzloTEdHRjY3ODBoOEZYdTV0YW80c1dEajFQTlp3QzJINEpZMW9zcGdfTjZ6V0dSbU9PbVR1eWdrT3U5b0RlOW1GSGQxMUxOOEtyQWZkcFRZbE1OZFhWVDBoVDRxbEd1Rjc0cmww?oc=5,Water use falls after hosepipe ban as Anglian Water urges customers to keep saving Northampton Chronicle and Echo,,
MENTIONED,8,Yorkshire Water,Water,Google News: Yorkshire Water,news.google.com,2026-07-25T11:15:00+00:00,Yorkshire Water row at Calderdale Council meeting - Halifax Courier,https://news.google.com/rss/articles/CBMipwFBVV95cUxPZTFHaW9BNUcyYWdpaGNhQkhUT2xrRlRKSUtmLXRSQzZUYWdVYTRlSzByTFdJT1h2ZGFhdDJKSmgxRnRJRUtnUXVqYThQSzdvMnoyQ3pQLUEzMUdVbWZtOGk0YVA0MzRSZFJwOHlsS1kyMVRnSU91S2pTdi0xMUtFdmhUWGtpMmI4REM3cHhzRTBBSTM5ekg4Z1A4XzZsdDBmb0wwaHpNQQ?oc=5,Yorkshire Water row at Calderdale Council meeting Halifax Courier,,
MENTIONED,8,Southern Water,Water,Google News: Southern Water,news.google.com,2026-07-24T12:00:50+00:00,Southern Water responds after ex-chief executive charged - Isle of Wight County Press,https://news.google.com/rss/articles/CBMimwFBVV95cUxNd084Rkw0R0J5TkFYM0wxQWszX0VleFhLQUExOEEzYjlaSEhRMGJLVFR1cFlsUUxtNWt0XzJud0dNV1FMaElrWFdpTWFsYmpoekJFUkhRclczS01HTVVlMXFWTEYxVFQ0eFRUUmJDTkJnWEw5cWpLRW9LMFd4SjBTWVJ1TTZncG1qeXJLV25YWkgyNnFKbWtSal9JZw?oc=5,Southern Water responds after ex-chief executive charged Isle of Wight County Press,,
MENTIONED,8,Southern Water,Water,Google News: Southern Water,news.google.com,2026-07-24T11:18:33+00:00,"£5,000 Southern Water funding supports Friends of Botany Bay’s 2026 community programme - The Isle of Thanet News",https://news.google.com/rss/articles/CBMixwFBVV95cUxOQXZBTHF5Y2RHbGFTSXFuU3FmLVZsR2wzNDNlcUduMDZqWkI5a2MxMDJPa0N3cEhWb1hib3JUV2E2a0JsUUFPT29vMTFLRlJVN1NUYUM5VnBhTG9XZEk1WXNFdzRkaS1pbmZLbjBrSUtjMmNSVkJhdFJrTnVVSU0ydHZjeEMwNVpYcTZadUtWOXQ5RnI0T1ZQMVJnZGpobmkzZDJlRUR6LVNCNi1xbGN5Z2xXNkUyZzBac1M0ZDc3aHlDaWVPODhv?oc=5,"£5,000 Southern Water funding supports Friends of Botany Bay’s 2026 community programme The Isle of Thanet News",,
MENTIONED,8,Southern Water,Water,Google News: Southern Water,news.google.com,2026-07-24T14:55:51+00:00,"Southern Water pledges action on Bembridge Point flooding, says councillor - Isle of Wight News from OnTheWight",https://news.google.com/rss/articles/CBMingFBVV95cUxQWllNRlluX1ZNc1BPUllMdTRMYl9wdlZxOXdmdEpxOFZlSzJqaFpXNDIydTdqeWVlaURaLUlTRGxyNzkwZzVfbVg1eFI0S2xKcTFlclNSeG01QTRmUEhRaTZ6TW9OT3RzWlp2Yk85bmNxQ1d0SmVENVZUcVpPRHI0VGRqTXo4ZE5DN2M1ZWNUY2ZOQkFZZ1hEbkJaVVl1UQ?oc=5,"Southern Water pledges action on Bembridge Point flooding, says councillor Isle of Wight News from OnTheWight",,
MENTIONED,8,Southern Water,Water,Google News: Southern Water,news.google.com,2026-07-21T09:35:13+00:00,Councillors split three ways over Southern Water no confidence vote - Isle of Wight News from OnTheWight,https://news.google.com/rss/articles/CBMilgFBVV95cUxPdzZmTXZCUkRnYW1qYkNHMFlIRmJUNGdCYmlWSlE5SGpTZnBLQmJvQ1d6T2Y1My1LbU1Hek16bUoyM01WUmhQWGVCamFoZnJsTjF2Tml1M05TRU1IX1J0b2VsOGFaQVk4dU01QW1nLXB6aVRsQ1prY2IyS0ZGUnhsUjR6dktHa3VzU2pBdFU1dHZfcjNGR2c?oc=5,Councillors split three ways over Southern Water no confidence vote Isle of Wight News from OnTheWight,,
MENTIONED,8,Southern Water,Water,Google News: Southern Water,news.google.com,2026-07-20T11:16:08+00:00,Southern Water water recycling plan tweaked after wave of objections - Isle of Wight County Press,https://news.google.com/rss/articles/CBMimAFBVV95cUxNZVB2RjlRWWx3TlJ5N1BzbjA2ZVhtWmpFeVJjWTZuQ0NzckZaZ2NRMXhaYjdkUk9YTWtMSDhCZUZGREdJZWVkaXkyeG9nMW03X21lemdUQ3J4YmtUWjhrZllZV3FvWFVBcWpiM1N4UjdyZ3VCY25PdTRyWXRCSnlxTnhoejUtTEd2SUF6ZW5KMENERVhXOExrSQ?oc=5,Southern Water water recycling plan tweaked after wave of objections Isle of Wight County Press,,
MENTIONED,8,South East Water,Water,Google News: South East Water,news.google.com,2026-07-20T10:51:13+00:00,South East Water hosepipe ban extended: expert comment - University of Reading,https://news.google.com/rss/articles/CBMipwFBVV95cUxOZkNNY1ZiSDhWTHNoU3NHc2NTUnVGNzZYYUR0YXlLQzg5c0RJR2REN0h0NUhmblZJdFFqUGdlSWhCeDczaC1KU2VPWk5yV3hRMGxGM3Vic0dLVjRpLWxrYWUwTTllem8wR0ZTZmtLeXdORVFTNXhscmpTU1lQM01iSmdhOXZCTzVILTV2RzJwV3NjTTI4d0ZiWTN5LTkteG5jdWk2MkExdw?oc=5,South East Water hosepipe ban extended: expert comment University of Reading,,+2 other outlets covered this
MENTIONED,8,BT Group,Telecoms,Google News: BT Group,news.google.com,2026-07-22T08:01:58+00:00,Are BT shares a buy ahead of tomorrow’s Q1 trading update? - Yahoo Finance UK,https://news.google.com/rss/articles/CBMigwFBVV95cUxOT2dDMERnTlBIQ3BhdjVfUVdUcmFkNURNek92eXkxYWdxN2FiLWotWUNpbS1lUzRILXpsQVhIUDByYU1ELWhzNXJFNERpUHg5WlNvR2MwbXdqUk4wdmVEdDhaYU5XZmpsREktQi11dkNIb2dLYVhPaGN5bVpwWWxxLWRIVQ?oc=5,Are BT shares a buy ahead of tomorrow’s Q1 trading update? Yahoo Finance UK,,
MENTIONED,8,BT Group,Telecoms,Google News: BT Group,news.google.com,2026-07-20T17:07:41+00:00,BT Group Shares Why Did a Major Investor Sell? - Brussels Morning Newspaper,https://news.google.com/rss/articles/CBMigAFBVV95cUxQZ2RaV1Y2WXlzVUlneURpeHljZlpON1NSMW5jWDh2bThtM3J5SmNVVFVtYzhZS1lmMkVUN3Qxb3YzY0lsXy1rNUt6cnRTLU9vdnBOeVVfWkpKZC04SVliczd5Mld1dTJwRlZSRU01T2h0dHJjZ1FxalpaTDVZQ2lHOQ?oc=5,BT Group Shares Why Did a Major Investor Sell? Brussels Morning Newspaper,,
MENTIONED,8,SSEN,Electricity,Google News: SSEN,news.google.com,2026-07-21T09:53:24+00:00,SSEN Transmission begins landmark drilling works at Rattray Head for Spittal to Peterhead project - Aberdeen & Grampian Chamber of Commerce,https://news.google.com/rss/articles/CBMizgFBVV95cUxPX0Z2XzZJYjN1eUxobFFxYktsdVJVeTZlMElkVXVvNG4zV2hOQzRxYV9ROGZmMHZDam9RTVgtR3BsbVJGa1NOQ1JIeWEwVWdZX1hXcnBQRDVLdWlfTTJia0F4NGNPTzBXaE5uQVZCeHpldXpTaXd4c2M1QWZXYWxQR3B4RTZ2eXpXZk1RRmhyVjhFZVE4YndYVXhudnJsWXFseENac3piT1NEN3R0TjdnQnlwZzFFZENOMThINzBBNzdUXzhZcWFaODRaaUZLZw?oc=5,SSEN Transmission begins landmark drilling works at Rattray Head for Spittal to Peterhead project Aberdeen & Grampian Chamber of Commerce,,+1 other outlet covered this
MENTIONED,8,Ofwat,Regulator,Google News: Ofwat,news.google.com,2026-07-24T10:23:20+00:00,Ofwat’s Water Efficiency Fund: Tackling water consumption - Innovation News Network,https://news.google.com/rss/articles/CBMiogFBVV95cUxNSG9GYl8wMkROZ29jVWJ1LUhjZHdSLW10M3Q1cmd6VzlYTDRmVkRkUG9fbUl4d2F2TzlxZGszQ1lweTRPTVNOcW5tUDFjSTRIcGVPTmx6UHNyMzNIMU9uQ2pyYUc1U1M4ME5ieFRWUHBZa0JTYVI4TVlsY3dGTHFmNGE4ZGRkQXpvX0RsNmtRQjVNUXBnQ1VfOUNrTUx3anRYYlE?oc=5,Ofwat’s Water Efficiency Fund: Tackling water consumption Innovation News Network,,
MENTIONED,8,BT Group,Telecoms,Google News: BT Group,news.google.com,2026-07-23T09:35:22+00:00,BT (Q1 Results): solid results - Hargreaves Lansdown,https://news.google.com/rss/articles/CBMiekFVX3lxTFA0c1ZPcE5LTkM2MWtnNUJHWWpDazl2SzVoV3ozVWoxaW9qNl82bGZKRGNkZWVHUDNkenhhRndadXZfZWFKTEZTZkpjXy1xREJwY2RlRkZCSXVCbmx6dUJlYkpwOWVBby1zUUN0azNRZEpQdG1mN1pUemNB?oc=5,BT (Q1 Results): solid results Hargreaves Lansdown,,
MENTIONED,7,Severn Trent,Water,Google News: Severn Trent,news.google.com,2026-07-24T17:33:34+00:00,Severn Trent water repairing a leak on Pershore Road - Yahoo News UK,https://news.google.com/rss/articles/CBMif0FVX3lxTFA4Y2ZvWVU3U2NrcTVNTGU3UmtweDd6a2N5OURNd0ZuM3EzZjh3TlZVckl6cWRQUGdoakRQckluME12ZG4wTV9kdS01aVY2Zlk2V0dYTWh4eDR0Q0REUTYxa1dZU3RrQmtfSlRacGY2akVucE5PSW0wZUpCWXRVT1k?oc=5,Severn Trent water repairing a leak on Pershore Road Yahoo News UK,,
MENTIONED,7,South East Water,Water,Google News: South East Water,news.google.com,2026-07-21T12:54:48+00:00,Bottled water stations in Tunbridge Wells being set up 'as a precaution' says South East Water - Kent Live,https://news.google.com/rss/articles/CBMikgFBVV95cUxNdmxkQ1ZNeUxTSTRDUzRUNmZnLU1BNURMX2YxVk5kSTZBdGs1YVduMHhNX1cyLW5ka0Y5bloycXZMU3dwcG15RUpDdXVwTHNHOHNCdDZ2dUJsRHpMXzdaeWdkamZBc1dTekluUEtFbGZkRkM0QUg4Q0w2Vm9vaFRCSHhucTJuc0Ixd014a2gtNEZ4UQ?oc=5,Bottled water stations in Tunbridge Wells being set up 'as a precaution' says South East Water Kent Live,media_and_events,
MENTIONED,7,Scottish Water,Water,Google News: Scottish Water,news.google.com,2026-07-27T04:00:20+00:00,Scottish Water trials ‘Plug-and-Play’ hydropower to unlock energy from water infrastructure - Water Magazine,https://news.google.com/rss/articles/CBMizgFBVV95cUxQbGhmZzRCNHZETW0zV1NnUTd1WWdtWmVBZTNhWHkta09URnNISVVsVkhDRmhZMG9MOXZ2SERyMHN6VVF4Y29TTlFBRmQ1aGFmYzRaU0p6anNuOW5IeUVMaFFQbzRZRFBmOVQ4OWVCbUVUTU10TDJfZ2hTUXpfX2ZRNmNFWnVRZjlfRjB4SF9Ib1g1OE80ejdpTXB6VFZlbkE1Mm9iSUxzTnZHSEJFTHBvYjlCT2ptMDUtZkhyaThDZTBGR2pVYkk0dVNPY2ludw?oc=5,Scottish Water trials ‘Plug-and-Play’ hydropower to unlock energy from water infrastructure Water Magazine,media_and_events,
MENTIONED,7,Scottish Water,Water,Google News: Scottish Water,news.google.com,2026-07-23T18:57:12+00:00,Scottish Water updates Clarkston sewer improvement works after project delay - renfrewshire24.co.uk,https://news.google.com/rss/articles/CBMivgFBVV95cUxOQ3FQc1BCSV9iV2lDU1AwRmVVYjhrVWNhd2M5b3Nnb3Z1MkZNanZzWmRETThpTmFLZVRHMjRvbnpqQW9BZEhhOVd5ekVnalZwaVIzS0t5RkxqSjh4YUc4T3laNE0xS1NlU1dzRFpNWWdZclpsbDlKWlhGVEpoYVZ1ZUZ2QVUwMllON1lvVm0yWHB0TDNJeU9fQWIwLU8xWlMzN2ZlNE9OTFpqelhwTlZjUERfbHo2U25qNDlUNlpn?oc=5,Scottish Water updates Clarkston sewer improvement works after project delay renfrewshire24.co.uk,media_and_events,
MENTIONED,7,Scottish Water,Water,Google News: Scottish Water,news.google.com,2026-07-23T11:22:12+00:00,Scottish Water reminded people to stay safe around watercourses this summer - Yahoo News UK,https://news.google.com/rss/articles/CBMiggFBVV95cUxPamRCTmZSS2tvMEZmUkpQNWlUSFdhMDdoTlc2V3NaWXVoYWtIWEl0aUxzaFllSlhuTGh3V2thbG1ObkFMY1I1NEt4T0xYa1BlUm9FUkxnTWlGT3ZOMmJETnh1NXFnOGlIZGdoaHE4UWdrMHk3c2dpLWhrdTJlVVpTUDVB?oc=5,Scottish Water reminded people to stay safe around watercourses this summer Yahoo News UK,media_and_events,
MENTIONED,7,Scottish Water,Water,Google News: Scottish Water,news.google.com,2026-07-22T07:23:52+00:00,Scottish Water chooses BT Business to modernize digital infrastructure and strengthen service resilience - Industrial Cyber,https://news.google.com/rss/articles/CBMi0wFBVV95cUxQMUFYWVFmSEMyOHJRQXZCOC0yTzhraEZweXhsMkh1STlvaTJuVzlMNnphWWJnUVhEZWVsMUlHY0VfSHk1cG45MGZuLXRQblJMSU9xYmduWU9lelREQzl1dF93aXJ3TWxfRDFFandxQlRQNnBFTERDZF8xRUwzek9DOUFBUFc3b0g1b1J2WjZpX1YtTU5RSUo4ek51T1pUVWRyWEFVWDlYcTV4NEYtclhmekJyM1FfNVVCcmVoaXZqekN6Y1JzS0hEcXZPZGhRdXIyZnhn?oc=5,Scottish Water chooses BT Business to modernize digital infrastructure and strengthen service resilience Industrial Cyber,media_and_events,
MENTIONED,7,Scottish Water,Water,Google News: Scottish Water,news.google.com,2026-07-20T19:40:24+00:00,IWA Glasgow 2026: A world of water challenges. A city ready for the conversation. - Scottish Water,https://news.google.com/rss/articles/CBMimwFBVV95cUxOMXh4Y2RtaDdfcUJJZnI3MjJ1ZDQ2cG4zZTlpeDEyVUJFZVV2ZVVPQVRBdnI1a3gySWpEVS1PMjZmZWRoMkV2d1hiRUM1am1YZFFlMG1VX3dhTW1SS0NaN0lncTBvajJoalBvTkJSeW40cU5uMlhuTWRKWWd6YlU1Z2VVQmtsMzk0Zl9hNWk5YWRPaHk2TktTV0cwTQ?oc=5,IWA Glasgow 2026: A world of water challenges. A city ready for the conversation. Scottish Water,media_and_events,
MENTIONED,7,Scottish Water,Water,Google News: Scottish Water,news.google.com,2026-07-21T10:52:41+00:00,BT makes a splash with Scottish Water partnership - Bdaily,https://news.google.com/rss/articles/CBMilAFBVV95cUxORXZ3UUJRZENCVHZSbUF6VFR2WDEtWVJLdnJpNnVzMnQzNEktVWQwSHo5anZvSGFsTWgtcUl5MlhzbV85QWlKREEyVXRMRElmNmdTYVd2STkzVXlOYmZ2REtlcHRELU5lU2IyZE1CX1RGUGQ1SkctenFDal9EVF9SdWlia2NGV0lKZFdVMlRZVkNDR2Uw?oc=5,BT makes a splash with Scottish Water partnership Bdaily,media_and_events,+1 other outlet covered this
MENTIONED,7,Scottish Water,Water,Google News: Scottish Water,news.google.com,2026-07-22T18:18:51+00:00,How Scottish Water transformed their hydraulic modelling - and stopped writing 100 reports per year - Autodesk,https://news.google.com/rss/articles/CBMingFBVV95cUxQeUxIY253cGI5Mnc5bHR5Zy12UWlid0pNX2pYczNQc3ViWWpyNmg4d2VMQ1FFeDdTNlladkw1ejJIZEFYV0g5Sk00UnV3QWhNY1dCQl9nSG5OTWRGT2QtRlJLYk9hSjJMYi1aNjhzZm1pRnBjVWt4SHA4Q2dVMGkxcHNXLUE0UXYta2NuWENTNXRzQTMxZU4teXYxZjhvZw?oc=5,How Scottish Water transformed their hydraulic modelling - and stopped writing 100 reports per year Autodesk,media_and_events,
MENTIONED,7,Scottish Water,Water,Google News: Scottish Water,news.google.com,2026-07-22T11:12:00+00:00,Scottish Water work through night to halt flooding at The Helix and Kelpies - Falkirk Herald,https://news.google.com/rss/articles/CBMixgFBVV95cUxPUno2YTFzS0s4VlRQQWdwQW5wcFo0dmdOWlZrcE0ycXcwSEdOeldaWWs1VGE3ZThaLUZWOEdXWmwxV0JDbFZNRWcxVUxtY0hCcGV1bUtwM3RPc2EyOExtb0RtaDdwbDV2Nk80bXV2Q0dKdGFTalZONHcwZGUxS29NRFVQLWNSSWlvY2pvWW1ScXhsc2VxbnZzMVRFbC14QmpBOEV1TThuejdVbzB5MFdtQWtOOGUtendSM0tTT3NfcjZnSXdjcmc?oc=5,Scottish Water work through night to halt flooding at The Helix and Kelpies Falkirk Herald,media_and_events,
MENTIONED,7,Cadent Gas,Gas,Google News: Cadent Gas,news.google.com,2026-07-24T16:49:43+00:00,Cadent gas workers announce strike days - GMB Union,https://news.google.com/rss/articles/CBMidkFVX3lxTE5KVk01SG5maGFWSDc3TldobFY2cnM1SXhSdVZtUzdBSzVmVWJBY1hZV0RxeklFNDZ1cklKUnJJd0FtZDBlVzgwZzNVdThoN09jeThsX2RxeGtNNjlYZC1hV0x0eXMzRkRmWGwtWWlpclVEM25Jc1E?oc=5,Cadent gas workers announce strike days GMB Union,,
MENTIONED,7,Northern Gas Networks,Gas,Google News: Northern Gas Networks,news.google.com,2026-07-23T13:39:00+00:00,Northern Gas Networks (NGN) nominated for three awards in UK Customer Experience Awards - Northern Gas Networks,https://news.google.com/rss/articles/CBMihgFBVV95cUxOQzZUcU5wYlpwRktDaUE5ZlRua3J6WTl5ZlFOV3JPTVloWXNETlU4UnlCWXVuQmF6N2xLMWN5YTZzdVl3NXlJTm1JS1JXZnFUdVRPY2pFQUtwVTE0VTFvNmhRaWdRRzVxVnkzR3Q4azhTRWU4eVF0bThjd0lpb3ptcWItNlFGZw?oc=5,Northern Gas Networks (NGN) nominated for three awards in UK Customer Experience Awards Northern Gas Networks,,
MENTIONED,7,BT Group,Telecoms,Google News: BT Group,news.google.com,2026-07-23T06:34:00+00:00,BT Update – Openreach Lose 192K UK Broadband Lines as FTTP Covers 23.4M - ISPreview UK,https://news.google.com/rss/articles/CBMivAFBVV95cUxOSU1mXzVOWmlpd2NILVZ2RkdpMUwyVENqc2hDQWhHOFJuemxva3Z5Y05pQmFnbFhWN1Z6d2daZk13UzdIMWUwVTM3NWVqbWd4X21Hb3lLWU5FYkk2MVk2dUVLUXJOTVpnVGxSZlJieHhHY1lnTk5BanRycENlTVI1ZElDVmJIYXJ4c19CSU9USnpNU3JaZXhFUURKTkROU1l0c3lfczN2ekk4TG5BSlZxVU1ROEx1M2hqMC12bg?oc=5,BT Update – Openreach Lose 192K UK Broadband Lines as FTTP Covers 23.4M ISPreview UK,telecoms_infrastructure,
MENTIONED,7,BT Group,Telecoms,Google News: BT Group,news.google.com,2026-07-26T05:02:02+00:00,BT Group stock steadies as investors weigh Openreach fiber rollout and earnings trajectory - Ad-hoc-news.de,https://news.google.com/rss/articles/CBMiyAFBVV95cUxPNkJSTWdrRnZERng5TlFaV3Q0MjhhYVFkMjRqYmg4V3hmempEWnFoVU1EVV9GcE4tOTBOdGFnc1BjZERuWlRCa09nbEFGekJpQ0JqYWg2N2d1blJJbG11VDBqSjN0ZnV0bXhSUm9mTlZMN2cyZm9adWlkWi03Rm5DT2c4SkhmQUZhWjlsaF83N2ZYQnlYeUQtRmxtNzJRVlVrbUZIeFN0elBGbEktdF9mSVBadkpUZHhfMzlpaHBtQlpFLUFlU2F2cA?oc=5,BT Group stock steadies as investors weigh Openreach fiber rollout and earnings trajectory Ad-hoc-news.de,,
MENTIONED,7,Vodafone,Telecoms,Google News: Vodafone,news.google.com,2026-07-21T07:26:26+00:00,Vodafone trials mobile mast powered with an AI brain and a robotic arm - Vodafone,https://news.google.com/rss/articles/CBMivAFBVV95cUxOc1FmVmFCa1ljc1R0MzJkTEFWMEpfZGlhTnp2VVloZHJxNUUzQy1HbWx0dk45VUg4allWZmhNa1JEMVlLblV6ZjkzcXFKVWw0Wk5Fa3Qxc1RGdWNBS1hxcnQ1c0E4Ym5Sa0ZXdnNOd1BhYzlRcmMwZ21MMUhBX011Y3hGNEItcVV2b2Y1Mm9MVXRac3lnRUhkVkFGWTk3N0JxOTRrMmFFRERQVlhTM1ZtaFRXYnFBRll1aXBNRg?oc=5,Vodafone trials mobile mast powered with an AI brain and a robotic arm Vodafone,,
MENTIONED,7,Virgin Media O2,Telecoms,Google News: Virgin Media O2,news.google.com,2026-07-24T00:16:29+00:00,Virgin Media O2 Joins Media In Service of Nature to Fund UK Nature Recovery Projects - The Fast Mode,https://news.google.com/rss/articles/CBMi1gFBVV95cUxNYVVWVEJfZUctV0JXWWk1clpjNDkwbEljTG1mbzNFRW9HZ2E3QVA4NnJKTDZKd21zYWZ5Q2dkX2lXX2VGVlFxa2p5TkowY0FsQkVnS0ZOT243bVBmUlVFa2R5U0NPLUxaUzF3QXNnazJzUVphRWxlTGtUam1wa3h3NEJoSmFta3lvTk81bDF6ZmQyektaM09tcnRHcHBJZnhYdFJTY0dqOXZrcmQ1SVNFLUxBYVAyUHpGbGpHQ2pCa1NkVGNYUHMzeTEyTGlsQ1JCMENsTEVR?oc=5,Virgin Media O2 Joins Media In Service of Nature to Fund UK Nature Recovery Projects The Fast Mode,,
MENTIONED,7,Virgin Media O2,Telecoms,Google News: Virgin Media O2,news.google.com,2026-07-22T13:07:29+00:00,"Samsung Galaxy Z Fold8 Ultra arrives at O2 with a saving of up to £1,325 - Virgin Media O2",https://news.google.com/rss/articles/CBMipwFBVV95cUxQNlM0MjJqNHFnMFlEUlJ2Uml6T2Y1cThLZ3RsWmxhcVJ4dTkzQTl4eEpxcngtbzFCMGt0aTd6ZGUzLVFSM3ZPZWJnMGpaWVVEZUtqeUUyUklodFFOQlNIS25wanFCWjZaQWJGUXQzQTRLcUhrQTlYU3RMSVZjaWU3MlU3N3NiX2tzNHE4Z01tMUFibXN5ekU4V2hwMUpDQlhHeTduMXZORQ?oc=5,"Samsung Galaxy Z Fold8 Ultra arrives at O2 with a saving of up to £1,325 Virgin Media O2",,
MENTIONED,7,Virgin Media O2,Telecoms,Google News: Virgin Media O2,news.google.com,2026-07-21T07:04:50+00:00,O2 reaches 500 ‘Giga Site’ milestone in major UK mobile network upgrade - Virgin Media O2,https://news.google.com/rss/articles/CBMipgFBVV95cUxONXpsUzZZekJBZGo4d3lvbXRqVTVoMFpsLWdqbkU2d215TzJodUppN2FqalVNZVJwb3E2TzAyYjJ1YjJOang3Tk85SWFOWFZJbGJsYzBxMzdHUm5Vd2oyVUN0Vk1QemR4SjBjcjNlbFZVczJVemwyMFNKdExhaFJhejBITVpEanNTVVh3TzI5ZDRZQkFuQUd4NVlST1JVN3d6TW8ydGNR?oc=5,O2 reaches 500 ‘Giga Site’ milestone in major UK mobile network upgrade Virgin Media O2,,
MENTIONED,7,Virgin Media O2,Telecoms,Google News: Virgin Media O2,news.google.com,2026-07-20T15:24:15+00:00,Interview: Virgin Media O2's Dana Haidan on growing a green strategy - Computer Weekly,https://news.google.com/rss/articles/CBMiqAFBVV95cUxNX0w4S0N4aTJweURMSlpQWFNHNzk2aVNhSW1NZUFraW5CTjdnU0NSRFNlSThrbDdfd0ItZW1iTWlaNDBoUmxFMGRlbWNXQlRGQ2ViaElDbF9rWWluNzZ6TUQwRGhTUzBjVTlYVHpXa2NLTG9NclN2eDFjUDFoMXJuLUJYeHlHbTZoRU5vQXVzRG5wUEVhRExURFFlV3hPVno2bGtaSW9PUXE?oc=5,Interview: Virgin Media O2's Dana Haidan on growing a green strategy Computer Weekly,,
MENTIONED,5,Thames Water,Water,Google News: Thames Water,news.google.com,2026-07-25T07:02:44+00:00,The Thames Water customers who can't shower in their own homes - London Centric,https://news.google.com/rss/articles/CBMiekFVX3lxTFBWMzNrWnhSMlNQdVZyTlFxem11cUREcWlpVkNURWh0YmtLT3llNGZQNEZLb21yREpWMHdWM1RxcUtPejg4OGNfdmVJT3plcWExbzFHNFZkRkNBZWVyZ0VZZldjVVBLMWRKdlJqY0ZOd1U5QzRib0NDZjhR?oc=5,The Thames Water customers who can't shower in their own homes London Centric,,
MENTIONED,5,Thames Water,Water,Google News: Thames Water,news.google.com,2026-07-24T14:14:23+00:00,AS IT HAPPENED: No water in parts of Swindon as Thames Water pipe bursts - Swindon Advertiser,https://news.google.com/rss/articles/CBMingFBVV95cUxOM2Q4NGpySV9FdDNRVlpqd0NUQmdOdktHQUNxbVpkaGdzLTBjS0dyUGdFX2h5N1NJNmJOSW4zTk1uN0Y0UkJnT3cxSmpvNzN2NnFGbllNLWRJWlJ3WGJ5UVhuenBSbDVYUTZxb0lvbWxPOFpsT1AxeEhrZnZ5TmIxR3NxYTAzMnJoOWYtaTBNdDItY09Dc25qY210NVFGUQ?oc=5,AS IT HAPPENED: No water in parts of Swindon as Thames Water pipe bursts Swindon Advertiser,,
MENTIONED,5,Thames Water,Water,Google News: Thames Water,news.google.com,2026-07-27T04:50:28+00:00,Thames Water receives DWI warning over Kidlington drinking water contamination incident - Water Magazine,https://news.google.com/rss/articles/CBMiywFBVV95cUxQc2xZTHgteVdhT2UzOS1uMjZPUVpONGRRWk5TSVNwcXM4MGZ1TGJyeHRmY19SazhiNnBuSHZaR3hWR3JXYmJVT1RVX1llV1BEcDI5ME9SaTV4dVRiSDg0TjNEandjNnRDb0ZuRjVxMmlJdkdJWURSYUJFbVhscDcyblZvbUpqTms2ZndGblU4WW96RFBITEo0aWRGMUZtMEduOThrcjh6bU9YQlloLTZLbWlPYkR3TkYySzFEQld3cUZweU1XUkVRQWZ6Zw?oc=5,Thames Water receives DWI warning over Kidlington drinking water contamination incident Water Magazine,,
MENTIONED,5,Thames Water,Water,Google News: Thames Water,news.google.com,2026-07-23T06:45:08+00:00,Thames Water ban kicks in as huge swathes of south face supply pressure - Energy Live News,https://news.google.com/rss/articles/CBMitAFBVV95cUxNai1uWkt6YUhpdlExZ3g2bC1CeEJoNDFWQlFmeG5JUGNlM2NSNWkxZUVmOWxSQzh2TnJGXzFBVDREMEtORXJRS05sRnRCVHBUaGpxV0NOQnZhZS1ITnAyNXdQbTdvQnlIeG9jTlUwWUlYZVZiY2ZiOHdncE1MUWF1eDl4Umo2bXNZdEJrQUJvdklhX05iMUF2OXJPdUlGSDB4cDlyZmVDYzgwMXVmYTdScFIxT0Y?oc=5,Thames Water ban kicks in as huge swathes of south face supply pressure Energy Live News,,
MENTIONED,5,Thames Water,Water,Google News: Thames Water,news.google.com,2026-07-23T17:46:18+00:00,Burnham: No immediate plan to take over Thames Water - The i Paper,https://news.google.com/rss/articles/CBMigwFBVV95cUxQZEw4TXdPTXFuTW9DZ2dvNTVHekhmZ1FpQ0djY1J1SjFQc0lYV3BCdUVrVUp3Q1JpUkdyeWM0RXZFZm9IMEJDTUNxVklFUENXdVVfOVBjRFpOQWtGSDQtX2Jzbi1zalMwYWkwUXJaMHp4VWVDTU1LaGNiSDJ6SE9tU050OA?oc=5,Burnham: No immediate plan to take over Thames Water The i Paper,,
MENTIONED,5,Thames Water,Water,Google News: Thames Water,news.google.com,2026-07-24T02:35:08+00:00,UK water sector strives to avoid being sucked into Thames Water maelstrom - Global Capital,https://news.google.com/rss/articles/CBMijAJBVV95cUxPVms5TTZtbUlwMEd1V0hXbzRPVUttWEs5SEhzdDBKT0RSN3hNUENoR1NfS3NpUnFKWHAweFYxaEQ3TkFUR1ZaZVl4TTFSUmhBQkhQanlBSTRhZXpBNk9xeE5SMS14N0NsLXpRUzdxSXM1QW91WE9PRGhjNVNRV2xwdENuUmpoa3NBQzlhLTFGRjJ4WlBQdVdLaUp5WHNQYlB5NGFsRE5nTXRUd3lsSWlZR01oVjB2d1h5WUFLZVpmdEpaeElwTzFXbWVhY2Y3Q2pLZjJrbVJNYWdPVjBRNkJXaWpLREl3MkI4aDZzWmplbkFIcjRNckZ0SkhSSFVMY1duZDdxUUJucXU3aUJr?oc=5,UK water sector strives to avoid being sucked into Thames Water maelstrom Global Capital,,
MENTIONED,5,Thames Water,Water,Google News: Thames Water,news.google.com,2026-07-23T04:00:00+00:00,MP demands answers from Thames Water over second summer of hosepipe bans - Swindon Advertiser,https://news.google.com/rss/articles/CBMimwFBVV95cUxQS2tkQUJKRlM4R2VXUDZNYjdJMERCYjJVU2RWQllCbWVCdUFMdDJ1cHJRdmI2bzUtN3d3NHFwaDkxVGZ0aDlfZk9OSDFfNlZ3T25vZGtiM2hYZnpkb0FfTGlNT09FZ09UWVo5OS1wY0VIbnBoV1VtVy00V0tDRlNaX0p1QkRSRXNQX0tqbEZIZzhKRnNQeEVmZGNDWQ?oc=5,MP demands answers from Thames Water over second summer of hosepipe bans Swindon Advertiser,,
MENTIONED,5,Thames Water,Water,Google News: Thames Water,news.google.com,2026-07-21T10:04:33+00:00,Reform deputy leader Richard Tice urges Andy Burnham to seize control of Thames Water - Sky News,https://news.google.com/rss/articles/CBMirAFBVV95cUxOVTllbXZPeVp3T09FVnNoY0JuNGk1V2s0RXNDWHBUNjVpS2FsWC1oYjJxQzJlcTBJRUhMNmNuQWFUUTZhQ0hKQVZfSzFOcmFWYUhtY0QwT1hhWVVVaGpFcnRJMTQ1X0FQTGw5a3FIY0ZxdUJseHBMT2wwSTd0eGhVUmoxSFJhejIwTklZdnVOcThXZDBuWDhZLUE2RmxtdGxkajctRGhVMDd5R3R4?oc=5,Reform deputy leader Richard Tice urges Andy Burnham to seize control of Thames Water Sky News,,+1 other outlet covered this
MENTIONED,5,Thames Water,Water,Google News: Thames Water,news.google.com,2026-07-21T10:55:00+00:00,Thames Water to introduce hosepipe ban across Banbury and Chipping Norton - Banbury Guardian,https://news.google.com/rss/articles/CBMiwwFBVV95cUxNeXNEQjNpeVZYQXBfYlVzSWpfU2JiYWQtODlaYnpHdmp1MzRKOVFqaFd1YTdPQnJTVU43Vkt2MHdUcU5oaENqM3M0QnVGbW5OVlAybmlpUGptM1p6ZWJTYVlRbGpjeVR5NURhc2QtWUJkN1JjSkotbFNkM29DUE43d1BYejFLQUxPZ1BabU90dFF0LVNGUi1BNVBlZkhLdklVU3lMLWhqamVhSDV6MjNxT0RRY3hlWE93dVZtazRVMDFoTTQ?oc=5,Thames Water to introduce hosepipe ban across Banbury and Chipping Norton Banbury Guardian,,+1 other outlet covered this
MENTIONED,5,Thames Water,Water,Google News: Thames Water,news.google.com,2026-07-21T12:03:58+00:00,"Thames Water could adopt ‘local public control supervisory structure’, says creditor group - New Civil Engineer",https://news.google.com/rss/articles/CBMi1gFBVV95cUxQRlljNHAyaWM1Q2FOazZYbXI4djNLYzA0aG9IR1dkSlhXM1Y0eHFxN0RrTGhrZTNQeG9lNXJOOHJLalZ0eGE3YW9TWXpvXzJmZ3QzcWZVLUpfdE1LYkNaSFhIQmJ1T05Zd1F0YW5nUkZaNU1MS1dkOFJsRmlNaF9xSHJKbjEwT18yZDNrdW9KNE00bWphNzRnMC1jYnFvelRoYl9lOURUUXhkREtHZUIxVWZhS0NTQmpZNFpGNE55eTd2cnpyWXExemZVckZadmNGRmpWc3VB?oc=5,"Thames Water could adopt ‘local public control supervisory structure’, says creditor group New Civil Engineer",,
MENTIONED,5,Thames Water,Water,Google News: Thames Water,news.google.com,2026-07-21T11:30:00+00:00,Anger after Thames Water announce hosepipe ban impacting 16 million people - Oxford Mail,https://news.google.com/rss/articles/CBMiqAFBVV95cUxQRWVOak8xV2lYeFE0RHJpQ2E5WUM4NjBWLXhBLUxiZURQaU55V2R0MjRaOVVVSmR1TkY0UTdvUHVUUXU5c3p4NnRXcE44MG05Z3NzTGV0OHV0Xzk0dWIwRVNpSHNZeUpQc1F6NFhhczVsVmJDV1k2UVVoRHBwSTJQT1dmVkd4dExGMWNwc0ZCZHBvWE1haFBiYzMwbjdiNjFTUUVsaFNvQWY?oc=5,Anger after Thames Water announce hosepipe ban impacting 16 million people Oxford Mail,,+1 other outlet covered this
MENTIONED,5,Thames Water,Water,Google News: Thames Water,news.google.com,2026-07-22T16:27:10+00:00,Thames Water announces hosepipe ban for parts of the Cotswolds - Cotswold Journal,https://news.google.com/rss/articles/CBMimwFBVV95cUxPMzFNTU1VZVVWUlJheEU5NXRfdHdCY2RhLWxHdWw1WUkwaHJOTjRhbE5KQVJ1Zjc3OE5WYkVreXpodURobk5BczhKNEJubFZoWU04UWNRNFN1ZGFWQW45dnhXU29JMFd5bHFrYmUzM0J6bnoweDhENlZXeEZ2NFVIT1VCaHZMRG1mM3lGS25aREhzSFF4UERfdmdBRQ?oc=5,Thames Water announces hosepipe ban for parts of the Cotswolds Cotswold Journal,,
MENTIONED,5,Thames Water,Water,Google News: Thames Water,news.google.com,2026-07-21T10:17:00+00:00,Third Surrey hosepipe ban announced as Guildford affected by Thames Water restrictions - Surrey Live,https://news.google.com/rss/articles/CBMikwFBVV95cUxQellPSkN0RkU3U3hIRnlnYzNLSTk0V1otXzFuMmlPbEM0ZGRfZENNR3Bkak5mWFNUN3VRb2dqNzVBUW9FMDB0S0xpNl92N1JnNWFrcjdBSldPanRnLUZlb3k0YThvMlJab0RRVF9FT0MtZVlxcDN6OFBTakxtWEtVa2NhMHNwVFU4Z2toMlAwbWQ5SkXSAZgBQVVfeXFMUHhBVXdmZnNxd2t3SFdSamdOYXloU052QVMzeTZwa01OeG1NNTdTdG5TbDllY04yMGpIY09WcEU1cVJVTEJVWV9sRmVjMVhxRG15RDNYdGVQbUp4bmdJS3JkdnJ1dldfQ3Q3TjExa0FJLWtTSjdsRHF0eHpVS0VKV3otWEVOQXJMbldUSklvZV9rSTJPc0wtdmc?oc=5,Third Surrey hosepipe ban announced as Guildford affected by Thames Water restrictions Surrey Live,,
MENTIONED,5,Thames Water,Water,Google News: Thames Water,news.google.com,2026-07-22T04:00:52+00:00,Thames Water continues to crack down on illegal network connections - Water Magazine,https://news.google.com/rss/articles/CBMisAFBVV95cUxNeURnVFFGNDNjMmRLTURCYnRocE1MVVVHRjF5cnJKaWZfRExLV1lVTjl0TjJUQ0NSMDRYUlpULWxaTjJpVzd1NjFoUnV4ekFCN2NxRWwtNG9mX2tDbjFqeko4T1BYR25SY1hUUngtQ1g3aGhOak95THlTN1cydW1zTHBfMDVaNDZRQnFzczl0RnpHakpURGlVUDV0Yi1zYlRTZmZ5Si1qU3hKOXhpanZfcA?oc=5,Thames Water continues to crack down on illegal network connections Water Magazine,,
MENTIONED,5,Severn Trent,Water,Google News: Severn Trent,news.google.com,2026-07-24T05:00:00+00:00,Gloucestershire hosepipe ban explained as Severn Trent and Wessex also make plea - Gloucestershire Live,https://news.google.com/rss/articles/CBMiswFBVV95cUxOdG5OY181WjNyeWhGOC1YYUtMMklRR2dwb0FTNWVuS1dCSDlhWWN3Y3poZWxBNUVYRExITWFlVzFVQURxNlM3VXRMTUhpZGxLTjd5cWNLMHp3LUdKbzcyZFRGMXFWbzIyTERFYVlTWXlFWTBpWXR2WWtKejM4aFFtSTA3SWh1dTFwY1NVcnY4LU45b2lOTzk0a19xdDhsTDd5VThYM0dFbjVPU1RmVzNJZVZ2WdIBuAFBVV95cUxQdnQwQmpWNllIZXhocHh4T1hnaU1IWUY3OC0zNnZHczlsZlJzU2NvVVVOTl9YNV9fY0ZGQnNkMk9Kc0p5dmFYNnUzOWJrQmpERWFkRHRFSlZINDVubXIzSFhETWJ1OVBFZjduUTNlT1l1X0Z5Qk1SN2hYQ1VOYjZjUE1hUk56eTlfWnNzRXNPSjZxVGVRcklKZVNIalQ3bk5WeEI2dVNKLW9QYkVNLXdzbEl0cnpwblJ6?oc=5,Gloucestershire hosepipe ban explained as Severn Trent and Wessex also make plea Gloucestershire Live,,
MENTIONED,5,Severn Trent,Water,Google News: Severn Trent,news.google.com,2026-07-25T04:00:00+00:00,Severn Trent inviting residents to learn about technology in river health monitoring - Whitchurch Herald,https://news.google.com/rss/articles/CBMipAFBVV95cUxQQVQzeVQ0M0RJZVNJSGdQWWVSb2JwalllU0wzU19qRURwRUZBZVZlOXBmbWFRQm5Zc2xzZTBxUTU1LTM0bHZSQTBBb0twNzdTbnFPTFlYZ0RBVHpfOHI1ZWlPUDJhN1FBbnJ5Y3lEVDdPZmZfLWFCN0lnYzd2LTBBeG5zWDVKRjZHeXF6VjRpd3ZZTEs1M2pDUEl6amVvOVNzWHpuVA?oc=5,Severn Trent inviting residents to learn about technology in river health monitoring Whitchurch Herald,,
MENTIONED,5,Severn Trent,Water,Google News: Severn Trent,news.google.com,2026-07-21T20:17:01+00:00,Severn Trent probe into Stoke-on-Trent water leak as Tittesworth levels dropping - Yahoo News UK,https://news.google.com/rss/articles/CBMie0FVX3lxTE5ycVRYNHZoVWFqRDJ4dWhUVzdxS1Y5dlR3aVdCS0Q0U0lBdEl0Sk1mY2NwTmUwV0paZnNjV2ZnZXZZMWhLTklON0JKdmUtVmNCallpTlI0QXNCLVpUMmMzX29LeEhkSkZ6MmVjenMxU0l2b0daNXdHbS1wdw?oc=5,Severn Trent probe into Stoke-on-Trent water leak as Tittesworth levels dropping Yahoo News UK,,
MENTIONED,5,United Utilities,Water,Google News: United Utilities,news.google.com,2026-07-26T05:01:17+00:00,United Utilities set to defy Andy Burnham and pay shareholders a bumper dividend - This is Money,https://news.google.com/rss/articles/CBMi0wFBVV95cUxNNkV6alVxbFp3Y0JucDdQUy1GUjZ6OHp1SFNqUjM4NzRwQzZkazctSzhEeW82YWJHbnk4YjVUaG01cnc4RjVhNVk0MXlIUVRyN0VIMmR1LXBYMExVbnZjT3RBNkhxV2NTZG55NktIUDBFaWkxVk1yYTZxbmlMMUJFQXE4VmI1aGdKSEw1M0VJSHItS2RraUJwc04zbVN1UEl1d1d0Q29YSmEzeWtnVml1MHlheC04ZElQbkRWWkJCM1lSb3phdUlBWlMtSUl2R2tRdmpv0gHYAUFVX3lxTFA2NGFXVjM4NElGTTgwdjVEbDNqYjFlOTNMaXVhQ3g3RERhV0tjcUczYzYxZ0NaNUdsd0VJNFpURjF2VllSaE9NTlN1Nklxako5SDZESFFXeDBNUnl6M1RwazJvVzRqQzBSZDNYbnZqLW1FOFY5MzVXSG1MeF9iUkpaTVFkcmlhclNLY3dYTC1XTTZlUk9QMFEwdVA3anI2UWtkclhkZmJzbThrTHM2ZlRLbGJJZ0dmYnBlNEMzZzNCcWVDX3NCNVVnX1loNm81YkFXN2NsTGFlbg?oc=5,United Utilities set to defy Andy Burnham and pay shareholders a bumper dividend This is Money,,
MENTIONED,5,United Utilities,Water,Google News: United Utilities,news.google.com,2026-07-23T19:59:46+00:00,United Utilities issues statement after water seen 'bubbling from ground' - Yahoo News UK,https://news.google.com/rss/articles/CBMihwFBVV95cUxQc3hqXzhCRFR1YncyWmtTSUZ4cXpxQTRaQzhlNGwtbXlvZXRfVzB2eTZjeF9YWmJSajd2MXg1VjVDZWoxX0RqMjJ6SGVobGo5aThaWU9QcWVLU0NNenpoR1JSQUNPOHlYMlJLVzhUODFraXlHV0dfNDFTaGRSaEt6eWxJeks3dDg?oc=5,United Utilities issues statement after water seen 'bubbling from ground' Yahoo News UK,,
MENTIONED,5,United Utilities,Water,Google News: United Utilities,news.google.com,2026-07-20T14:19:46+00:00,United Utilities: Shares Look Cheap Despite Nationalization Fears - Morningstar,https://news.google.com/rss/articles/CBMirAFBVV95cUxQQVdWV1J3X0VtM2lqNXdlcWtSMm9ENlVIdU5HVG9DTjllV3dFalFzZk9TRjZqU3g3YnU5VXp2R0Vud3dvZlVRVEVMMU1LczdPTzhGakZPZ09RWDBONWFvYzJYV1JXTmdZWUhUUEEwQllybXVpSWludjJNUXpHVGVvV0V5MlZzRUZfWW1YUTZTZzQtU3FHekFINk92cVZFNE1zVlp0RmZvdlRKUE01?oc=5,United Utilities: Shares Look Cheap Despite Nationalization Fears Morningstar,,
MENTIONED,5,United Utilities,Water,Google News: United Utilities,news.google.com,2026-07-21T04:00:00+00:00,REVEALED: United Utilities owns over one million acres of the Lake District - Times & Star,https://news.google.com/rss/articles/CBMimwFBVV95cUxQLUgyN2ZMNlYtbjNOWVpneU1QY3p1MHFlcC1GUHJSMVJLYkJYeG9BbzF5ZjNZcGQtQjhhNE5DUTk5WlZKMzlNVEJrRlRpS1cza1pBWVJpNGF5cFFhTUowaUJxZFN5RENHZmpoT3lhWVpZQkFvUWlzdl9uU2czc1lrbmZzeng4djVCRzA4a3RJX3M3R1d3aWxaYWxNbw?oc=5,REVEALED: United Utilities owns over one million acres of the Lake District Times & Star,,
MENTIONED,5,United Utilities,Water,Google News: United Utilities,news.google.com,2026-07-22T20:07:12+00:00,United Utilities fixes interest rate at 3.49% on GBP 100 million FRN due 2056 - Bitget,https://news.google.com/rss/articles/CBMiY0FVX3lxTE40bk9nb05EUUV5Y0dIRHhyQzlXWE5ybXF6Q2dFclJnVG5rZEJnVnJZdEc2SVAxOHlnUVczald4a1lVeTRPUlpZS0p6VzVIV1dfUDFCMDJILUZiVzlQSVg0MGVHMNIBY0FVX3lxTE40bk9nb05EUUV5Y0dIRHhyQzlXWE5ybXF6Q2dFclJnVG5rZEJnVnJZdEc2SVAxOHlnUVczald4a1lVeTRPUlpZS0p6VzVIV1dfUDFCMDJILUZiVzlQSVg0MGVHMA?oc=5,United Utilities fixes interest rate at 3.49% on GBP 100 million FRN due 2056 Bitget,,
MENTIONED,5,Anglian Water,Water,Google News: Anglian Water,news.google.com,2026-07-24T12:15:26+00:00,Anglian Water completes first treatment project targeting Cypermethrin at Raunds WRC - Smart Water Magazine,https://news.google.com/rss/articles/CBMiyAFBVV95cUxQc2lDRmtDVnNtLWtfZDNTdlZ2b1lhWl9DREZiV0Z0YWU1RjRJMkZwUWdSaS1yUTZ5X2NTZVBiN3M0WUpCb2l3bzBJSXZRMmxneVVNXzg0YkRyaVFkcVV0UXN6RWpaOF9ZNDBlcWpka2czRUJIU2lNLVNFTFBrb1dsRlN5a1JnT2pZSThGbzdiT0pSZWl2YmF0dXpKWkx3RGtsalJCRGFzWmtEVEw0YWZGWm1tOTRBNXUwYWpXVlBaUjJpR2hDVDRjag?oc=5,Anglian Water completes first treatment project targeting Cypermethrin at Raunds WRC Smart Water Magazine,,
MENTIONED,5,Anglian Water,Water,Google News: Anglian Water,news.google.com,2026-07-21T14:45:00+00:00,How long will Peterborough’s hosepipe ban last for? Anglian Water outlines when restrictions could come to an end - Peterborough Telegraph,https://news.google.com/rss/articles/CBMiggJBVV95cUxNT2xsWFBsX19sY0NaZ2ttZVZFLUc0VUI2TjlzaTNkdnAxdkg1Vmppb044R3VubzJZMGd3dXhCNFp0Mm91ZjZ4eXM0d0JYb1BLYjhLaEZ0N2NZNjExM2w3WVlfd0swWkk1RU42aFY4eUIzcVBXa3dQLVQ0M3o3RUpfM1YtSENNUU85RWhiekZNOXdhalhiWkJPaGw3U2FYR0NYSklDVmNpSlo1SXU5UzU3cWJEd05MdVdhSzB0Vy1kWHczUDVpOW56NDdYNldQTXVKdHRFNm1mUWt0ckl4Y0ZhQjZPNkw4U1drdmx5UkN5eDhDSXgxbHBoY1V2T2NnVk1PY3c?oc=5,How long will Peterborough’s hosepipe ban last for? Anglian Water outlines when restrictions could come to an end Peterborough Telegraph,,
MENTIONED,5,Anglian Water,Water,Google News: Anglian Water,news.google.com,2026-07-22T13:52:38+00:00,Anglian Water opens Pig Paddock Management Grant 2026 - National Pig Association,https://news.google.com/rss/articles/CBMilgFBVV95cUxPQkRoWHJmSlktbTlUTm9TUGtpaktlSjRuTkRscXFQM0N0d3RQYldoMjlnbnZDZmM0WmVrUEwyZ3o1SlpmWXBKTWFTdllUTnM5cWRxS0ZiVV9tUEFFaDRSVTVHdWctUWw1eDlrUjdnTXN0OGxQRWdqek1FaWxQdTJTX01TUWtkYUZwVkRtMHRZQ2xUUU9pclE?oc=5,Anglian Water opens Pig Paddock Management Grant 2026 National Pig Association,,
MENTIONED,5,Anglian Water,Water,Google News: Anglian Water,news.google.com,2026-07-21T10:40:00+00:00,HOSEPIPE BAN: Anglian Water say demand is down 9% since restrictions came into force - Peterborough Telegraph,https://news.google.com/rss/articles/CBMi1AFBVV95cUxQd2lQQUxpbFNQRVNiYXZnVzBuQXFIalNocEVUcllwTDljRmRyZUNSWUJ4NGlYQ3lUdWh1XzlrWHBlcUFtR2VGbEc0OFlyMUlNN0MyWGNWOXpsbjQxYUFXNjVpZVFVSW03b09seUxWaElsV1Z0bk5TSzlFNFR2UEx2VVI2OHBLZW1IdnhfWWxzQkJ5RE9OeF81WmVpZUZGV0toVkpJbEUzc3lhRnIxTVFHS2E2YVVnTU1zSnJpUkI4V1lxZ3Y4elBoTk91ZHZqUVNmbldHTA?oc=5,HOSEPIPE BAN: Anglian Water say demand is down 9% since restrictions came into force Peterborough Telegraph,,
MENTIONED,5,Yorkshire Water,Water,Google News: Yorkshire Water,news.google.com,2026-07-27T05:00:00+00:00,Customers are paying the price for Yorkshire Water’s failings - Andy Brown - Yorkshire Post,https://news.google.com/rss/articles/CBMi0AFBVV95cUxQTHIxVDRadkNzbXdpSVRIT21CQ09IS0JJYmVTX2pXZklMTjBBSVBPcWFKQUY3cjM2MXhsSFBLdkFmQmRlUzJUVHdwdmtfQlU0NUU3NTlJY1lVZF8tLVhodFNCTmducFVfYVBkVHc4THdlRzg1NHo0QjFVeGRBWnFOYmNFN3E2TWE4Mk5SUVdkV1A3ZElnNGsyWjM2REFTU3RNRk5mcHNDcDFZeFhFWkdiS1I4aUhMUHVRYUZhRE5zYnJqMGJyMFJZQ3NsVHdKcU5x?oc=5,Customers are paying the price for Yorkshire Water’s failings - Andy Brown Yorkshire Post,,
MENTIONED,5,Yorkshire Water,Water,Google News: Yorkshire Water,news.google.com,2026-07-25T04:00:00+00:00,Major Yorkshire Water upgrades to begin in East Riding next week - Yahoo News UK,https://news.google.com/rss/articles/CBMigwFBVV95cUxPeHhjYU0yMkEyOEt5aENRWDFaVFJ0QUVEVWtqWGV0RGozT3Y5dzZKRVJocnRDYzdYdmZaNzZqbjNGSlVFMVZNZFJzQjBXdjVhZnI1OUpERVNxaWVNR2dndkVsVEZwM1FWeXEzNmJOTHVjYzkwbkJCd3dLa2FkN1kydVVkaw?oc=5,Major Yorkshire Water upgrades to begin in East Riding next week Yahoo News UK,,
MENTIONED,5,Yorkshire Water,Water,Google News: Yorkshire Water,news.google.com,2026-07-24T05:00:00+00:00,Yorkshire Water: mayors urge Andy Burnham to take control of under-fire firm through mutualisation - Yorkshire Post,https://news.google.com/rss/articles/CBMiuwFBVV95cUxQdk5GTnlZZUJHcDU2ejR5UTRrejRTMVQ5X1BWTVUtTXdpbVpNTEk0VVRCWkFPNGx4azhJam0yRTlhNXpURDI1NUJ6RFBzLWEwa01TY003a29jVXhvbFkxNWJzdnlCX1hfbDZOTGwxeGl3NlNXYlExX0JQQkdoSHIxQ0NycndCaXJjTUFGNFIxdWNnOUpyVjQ2MzN5TE1JTlpKbXlPUkQxVVUwQjdROXViMzBLZ1QtRThIbjNR?oc=5,Yorkshire Water: mayors urge Andy Burnham to take control of under-fire firm through mutualisation Yorkshire Post,,
MENTIONED,5,Yorkshire Water,Water,Google News: Yorkshire Water,news.google.com,2026-07-22T04:00:49+00:00,Haskoning’s Ephyra® sludge treatment technology to boost capacity and performance at Yorkshire Water’s Knostrop site - Water Magazine,https://news.google.com/rss/articles/CBMi7gFBVV95cUxQd045RTRWRFlEWGNCSkVwR1hObFp6ZkdZZlVtVm15UFZ3RHRid1pHai1xZXZPZnV2aVVkT3JqcC1HOU9TV0FqMmw1djQyeGtLMXhHdlNmSUFna2VTUjJVbFRpanlnOTJIbFZvRXdpdlBJWXhSbTJvN25JTW5uRVpjWVhDWWhxNnF5Q1Y5bTNTQWZ5S0I2ZUw0b0ZjdFJMWFlvTHp1US1iSVY5ZlpiSEx2bHZSZUpNU09udkpYVHY1UnZva1B1SVRGbUlHcV9BTXU1czYwVTQwd3ZvblRkOGRNRFUzZ3ZUMXFRaVF0Wnl3?oc=5,Haskoning’s Ephyra® sludge treatment technology to boost capacity and performance at Yorkshire Water’s Knostrop site Water Magazine,,
MENTIONED,5,Yorkshire Water,Water,Google News: Yorkshire Water,news.google.com,2026-07-20T14:23:13+00:00,Yorkshire Water sister company targets Derbyshire growth with first non-Yorkshire development deal - TheBusinessDesk.com,https://news.google.com/rss/articles/CBMi7AFBVV95cUxNZ1QtalJ1XzZMUHM3UmUtZVFPN3B2RUlaS3p1OXVUQXdYdFBkWm16MkZOcmdIN1U0X3FsbW9GRjBBQnNnSHlSOFVFQVZHenZOdTNCWHowM2dDVnFFXzFjV3RQeXBzcDNMTkJtQTVfeU96R0FSdkxxQVhWbTl2ZldDSUU4clpUckJRM19CRTlQWjZ3dHp1Vy11R1JGZWZ5TnItMll2clI1Z2hXVFF4SUVRdE5OcnRFSVF1OWxwYWNZZVZNWUF1SV9ybmtIa05EenMtWk43WHdZVDd6WEJnSWhHYnpEMDVtWVc3V1RPcg?oc=5,Yorkshire Water sister company targets Derbyshire growth with first non-Yorkshire development deal TheBusinessDesk.com,,
MENTIONED,5,Northumbrian Water,Water,Google News: Northumbrian Water,news.google.com,2026-07-23T05:00:20+00:00,Northumbrian Water and Softwire secure £1.6m for AI smart alarm to reduce water disruption - Water Magazine,https://news.google.com/rss/articles/CBMizgFBVV95cUxOQTJHQ2t6NkVnd0JTUjBweXlSd2RVT0Zzbl8ya2hFUlB5NHBmbkVqaDV0UVNkcWc0aXpPZHduTFBiUnUtbHJIaDJRdDRwbmxJakxqSVZmakd3VHZQd2hyckVIZnkwMTgyTTdUWWZ1TTBHWFNlWFJjZTRFeEN2dEM5b3FzYURQdFhCcDZlVGJyZ21aVy1YeWJfcXZWQ01TVFQ1RzJkNFItYkJjWXpmU2hfVlRGc05GTHpfOVJJTEpZeXhXeUYxbUI4QllPUFJ0dw?oc=5,Northumbrian Water and Softwire secure £1.6m for AI smart alarm to reduce water disruption Water Magazine,,
MENTIONED,5,Northumbrian Water,Water,Google News: Northumbrian Water,news.google.com,2026-07-22T15:18:03+00:00,Northumbrian Water Announces Branch Out Fund (United Kingdom) - fundsforNGOs,https://news.google.com/rss/articles/CBMipAFBVV95cUxPZ3VJeGhQVTFwc01UaUY0SGh3TUhxUzVLa2cyb3l2aFp0S3ZkOG4xdVZuUUExclZYaDhHS2pVclBRQkJiaGtMLTl4U0ttazU2T2s4eTAxLTQxU0pyVXBVWFRGN2N3LWRIc3dZcXlJWVhFY0xrNHFBOGl4dWxxN2xlek1PNFZxMGJ4RXNEbXNSZWQ0a2hvbUc3UDN5UGY0UXQ1QmdUatIBqgFBVV95cUxQb3FidzJ5TEh0MHEwMnlfTHBxdTNJN1VYOV9ZX3JjTjZIRGN2cE9MclU3MnRqYmwwMW9TQU5oeEgtM1U0WGpxZURoUmk4WjloUGJEbmNKZUtVUXljR1hqWUNBY0RpNUZWa1Azd2p4ZDJnYnJhYzVOejVROThOYkdWRmF4dmp4M3Z0N3d0VEd4NGNlbmFiUHk5REY0cG9DSTJRc3hjdUJKV1NDdw?oc=5,Northumbrian Water Announces Branch Out Fund (United Kingdom) fundsforNGOs,,
MENTIONED,5,South West Water,Water,Google News: South West Water,news.google.com,2026-07-26T08:32:42+00:00,South West Water: what happens if you don’t pay your bill - CornishStuff,https://news.google.com/rss/articles/CBMinwFBVV95cUxOU1NXa0RiUDJoQTdZSVFOZ2N3Ukp4NlhNYnNBNVVCUmF5T25wb3dKT1NyNTBqcV9OQ1pGTFotZVU3MDdFbmFwaGpZbm5MMnIySDZKREY3N1hPN0ZMbEFra0J0MVlVblJBa3dSTkpNcVRZOVY0Yzh0bV90UjJBdnZWcnhCTF95RkVWM1BOb2UxcldFUXZjLUU3dXJQZ0YxYjg?oc=5,South West Water: what happens if you don’t pay your bill CornishStuff,,
MENTIONED,5,South West Water,Water,Google News: South West Water,news.google.com,2026-07-23T04:10:00+00:00,Councillors across Cornwall said 'enough is enough' during a meeting on South West Water - Cornwall's Rewind Radio,https://news.google.com/rss/articles/CBMixgFBVV95cUxNQUxxSXdGUVQxUjhVM2dnTlo0RVZGZEdWQi1kbExFZ3VVdVVlMzZXSnU1c1l2TnNZOU15OHJfUUZ4TzBGenRvMmdfUkNnNzB5YjhQSXhLT0lTdkJ3c2o4QzJrdmdzbHNrS2dZT3BYY0xFempHMVRxa0V5QjNnVnUwY0FJSjR1bXpBNWkyN3c2TDFSMjZ0TWdMSk5IOTVOZ19qTV9vNURBRld6UFFHR2JST2g4aDJEcHpsbTBfMTZiRXNhaHUzeXc?oc=5,Councillors across Cornwall said 'enough is enough' during a meeting on South West Water Cornwall's Rewind Radio,,
MENTIONED,5,South West Water,Water,Google News: South West Water,news.google.com,2026-07-21T14:42:50+00:00,Cornwall Council calls for removal of South West Water in favour of a publicly owned water company - Cornwall Live,https://news.google.com/rss/articles/CBMimAFBVV95cUxPS2pRMVZsSzRMaU1wVXppYUxxV0lDRVk3RzFtWGhPaGUtdk5IUXhlR0RlX3dqWnNuZnQ0clBUWGU2LTNvQlBhVmdvRWg5cmgtamhGRmttVGRrSzhmTEcxbnZwZW1ocEhSNG1mVl9zdjh4cEhwdXNZZzZzUFpxdEZGZ0JNcnY4T3Q1SmxtNEJhUVNlbGFLUExKOdIBngFBVV95cUxOcHZkdGxkaW1kSHcwMjVRNDN6czJTR09Ya2hLQlo4VHh0TWtVem9ZY1JzWjZ3OUVndWlKa1lpRDJnODh6a09rUTQtZndVS0M1aHNUYXBpR09xdVg0a0FDV3hQbWtBTlNZcTR5NEFBNUIzTDg0V2dMZEw3TFRlSDNwNDAtT1NaMFVmRjRuc1lBVXBLZlZvMFdUUml3WlNTZw?oc=5,Cornwall Council calls for removal of South West Water in favour of a publicly owned water company Cornwall Live,,+1 other outlet covered this
MENTIONED,5,South West Water,Water,Google News: South West Water,news.google.com,2026-07-20T16:00:00+00:00,Cornwall to tell Andy Burnham: bring South West Water back into public hands - Falmouth Packet,https://news.google.com/rss/articles/CBMingFBVV95cUxORElfTUNQVlRyeUlpNW1EUGJ2TVdNUWZDRHZGNkdUR0pPa0xlel9pMjNMOE1NTFg0eDRONWptdzVKV1lZQ0hkTjhla2RpVlVlMmNSTWduUjZYaGRVX0hsRFc3bm8xYjdSWjhMcTI4STdYZXZnYk4zazhkV2pWWEZjMWszNGQ2NVZpR1dGeW5xVW9jUm5VTmMwQjFaQnZtUQ?oc=5,Cornwall to tell Andy Burnham: bring South West Water back into public hands Falmouth Packet,,
MENTIONED,5,South West Water,Water,Google News: South West Water,news.google.com,2026-07-21T15:50:00+00:00,Par pumping station given a new lease of life with Cornish-inspired mural - South West Water,https://news.google.com/rss/articles/CBMixgFBVV95cUxNTE1mY3FPU0FYbnFFTHBfSHEyYzZGNjBzYUV1TDJ0X0pBWm5DZDBIQTZuZXF6dXMwMHFDVE1MMlBZYzlGeWZaUWdTSDB0T2VEU0k4ZnRoM1c1OF9pUmJqRmNBd3JwWm1kQjZfSEo2SHJSaGxacEhLdWVyNGJROG1GUURxYzVxbGRYbDJGcDNtbDVwOEZ1Q29IMUFoNzFIWWtfTEJ6OHg0VjZTZElELTJEWGFRVmwtUkZUYl9GUTM4bU44Q2ZDc1E?oc=5,Par pumping station given a new lease of life with Cornish-inspired mural South West Water,,
MENTIONED,5,Southern Water,Water,Google News: Southern Water,news.google.com,2026-07-23T05:10:49+00:00,Former Southern Water executives can face Environment Agency prosecution after High Court ruling - Water Magazine,https://news.google.com/rss/articles/CBMi1wFBVV95cUxPZ2F4QTFDcEJnZFFiUll4Snl1X0JOUW9HQXZFYkI5NTVWTTBhSEc1WDRwaHF5cGhYaDlrSnl5QzVaQldBZF92ak1PaXdaMldZemJzVEZ2b1ViTkY4UFktWjVhaFpYOENEUXZ3blRSRkxqZ0NuYUFaWGhIb0k3ZDV3OUExaW52SG9jd2FIUjlnZUtUNXFoWG1uOURWTlQ3czRaTVA3eXJTNlVWajJIWW9nQTg5Q0VoZmFheVpBRHpvS21PbWl3QTVKUVNHaU1YVnZWcHQ4eEFxTQ?oc=5,Former Southern Water executives can face Environment Agency prosecution after High Court ruling Water Magazine,,+1 other outlet covered this
MENTIONED,5,Southern Water,Water,Google News: Southern Water,news.google.com,2026-07-24T08:51:00+00:00,Chichester MP says former Southern Water boss should ‘pay a steep price’ if charges are proven - SussexWorld,https://news.google.com/rss/articles/CBMi4wFBVV95cUxQSjZxNlRsR2xJeTFWMkxBRnRQLUZ6SFZmYnliRHZWdkw2NHlaZXQ2NW5qUk5EQUJxMVNRVFlnUDl5Z25taFVRRkg0QXFGQzl1V1J6MHNlU0ljOE5kS3hveDhseXRVbVBBSU1ZbE81dkFOcnZkLV9QMHBnRkNTRFN6ald4WWxOZkQ4b2tXMzJtakFVUWJxNVBCQ2JnZWFaMzJ1VkpoNzk3UVlmaXd2VnV1Ym1Ua0ZDd1pFSXdHZXN1Tm1OblpZRm5oa0ZuNFU2bDNNM0wyWXIzNWNoZU9VUkZyemgxbw?oc=5,Chichester MP says former Southern Water boss should ‘pay a steep price’ if charges are proven SussexWorld,,
MENTIONED,5,Southern Water,Water,Google News: Southern Water,news.google.com,2026-07-23T12:18:22+00:00,EU clears Asterion and Macquarie’s joint control of Southern Water - Smart Water Magazine,https://news.google.com/rss/articles/CBMirwFBVV95cUxQRXVvcjhiaE1ER0VQRkR3ZHZlT0ctZmxDaFRwbndGMFdpbkpCbGJraDJPWnVPNVd4czdnWTY3cVdDbXpGN1lfMy1TZlJpUF84LWdmWG1iLVUzOXFkUHdSbmNabUxvZF9pVm9HdGpCUEVDZEd0Q3d4clM4SFNlRDlHNkgwQ3FFWVBjV3NXM3lmbmNaWHhxcEVBSFJHWk1ydmdRZDFER1Z0U2FkcUN1SnBN?oc=5,EU clears Asterion and Macquarie’s joint control of Southern Water Smart Water Magazine,,
MENTIONED,5,Southern Water,Water,Google News: Southern Water,news.google.com,2026-07-23T15:11:00+00:00,'Smart' bins funded by Southern Water installed in Adur and Worthing - SussexWorld,https://news.google.com/rss/articles/CBMiugFBVV95cUxNZ3lKdTNDdVZvU1ZQUUZ5TWJVRnlveC1qdzdDUnNkQkZLU2JuUTVkMmpUaEVHdUJvcGlTUWNxVGlrb1Z1eFM4VUZEYUh2VmRXUW44UW4wcTdwY29tNGpfb3hsemJVbklyb0thOGUtRUhNaEdJdkZOOEhqbjdNUlJLTE9hVE9lMzBkeEhLM2xQbUZsSmM3TWJMb3RQcUtnSnd0bFJ1amJVNXB1UzBHdnVLOThJak42Yl92clE?oc=5,'Smart' bins funded by Southern Water installed in Adur and Worthing SussexWorld,,
MENTIONED,5,Wessex Water,Water,Google News: Wessex Water,news.google.com,2026-07-24T13:12:05+00:00,Wessex Water Environment Fund saves school’s gardening club and boosts eight other projects - Charity Today News,https://news.google.com/rss/articles/CBMivwFBVV95cUxORVc2X1lTX2w1M3laZ3VQNFFaMXIwSUVwX192NFZjYUFsZGZTZjdxRExYNmI5SlpNSWE2REZoOFJuRmZTQmx1aU5hRk50WHI0VkFKTXRob1dWcklXaDZ4RUwzVGN5ODY5dUszRlRCN1lEUUItRF9oWFc2Vm1vaHZDcDE2OFEtMllQS3I1RmNFMzl5TTBabTlCcS1DRmtPVlFCZWNFX2c4RFllQzhOclJMR0RxYWtMNmh2Tk1yd3lQNA?oc=5,Wessex Water Environment Fund saves school’s gardening club and boosts eight other projects Charity Today News,,
MENTIONED,5,Southern Water,Water,Google News: Southern Water,news.google.com,2026-07-22T12:03:22+00:00,EA commences criminal proceedings against Southern Water - GOV.UK,https://news.google.com/rss/articles/CBMilgFBVV95cUxNZnBGME81ZjY0ZXlVLTI5UDlZSE9ad0FSdW1yUmkxb0dHNGFONTU2MmdlTG92OTRCV1djLXVrSG9rR2JvVGpEcUtiTi1UUk1FYUpmRGNSWmtrVzVKdHlPVHB1b1NZWUNucTl3R05VSndRSnM5a20yZVZpTG0tRTMyLWlDeXBVcUN2UDBUOHQ5djRtRDZ3T1E?oc=5,EA commences criminal proceedings against Southern Water GOV.UK,,
MENTIONED,5,Southern Water,Water,Google News: Southern Water,news.google.com,2026-07-22T16:09:34+00:00,Border area man one of four charged in alleged Southern Water fraud case - County Times,https://news.google.com/rss/articles/CBMikAFBVV95cUxPSVBEVktaOUpvbzdVVkpXZUxQQUo0bkVIa3FRZDlIa1ByZ2dUUkRLMDUxd19wT2VndHk3TnZJN214Q21hQWoyWHRjdWZWYWQzLWlYWnMxMktDUS1VM0sxVHUtNGlDT0ExTW85VGJaZ0c5UmZTajhpczFncEhLWmRscVZ6dnlqNXpnTUIzR2dYYzY?oc=5,Border area man one of four charged in alleged Southern Water fraud case County Times,,
MENTIONED,5,Southern Water,Water,Google News: Southern Water,news.google.com,2026-07-22T16:04:33+00:00,Former Southern Water chief to face alleged ‘conspiracy to defraud’ charge - ENDS Report,https://news.google.com/rss/articles/CBMirgFBVV95cUxNUy12MW50OHFZYWt6LXc3SHUxX3pnUVFfTklZM1p0WWpqY0UzWVY2R01jTk1Za2FnOVJnMm1aZDhsOEhXVzdieXVQVG8tcGFsa0NwM0NTN3Jkczh2RlNVN1FzaVJKWTFrMzB5MGl5TTc1NzE1cWJ0UzRuQzFHbGNXWVJIV0w3dVRqT0Y0VFpFdnRkVmNwMUxoMDRvS01vMFh3cFlidExxQU5XVnFCZ0E?oc=5,Former Southern Water chief to face alleged ‘conspiracy to defraud’ charge ENDS Report,,+1 other outlet covered this
MENTIONED,5,Southern Water,Water,Google News: Southern Water,news.google.com,2026-07-22T14:19:00+00:00,High Court confirms Environment Agency's power to prosecute Southern Water executive for conspiracy to defraud - Solicitors Journal,https://news.google.com/rss/articles/CBMiiAJBVV95cUxQZnZkNmc0X1RvclFaV1l2NWFLcHI5clRHMm93V2pxc0o2U1FRaVNzWk1xdUFJdjNieFUtMURwWkw2T1AtM2x2YTVNRnJHSW9LZkxXRGI0dGRidFdiclRRbGNxWjhUZ0VKT3lWemZkUTRZeGxReUpZWmk2UG9EaHpzUUtrdlZhd3Z2TjlkWEc1dnhCeHZEYWh6ZWZXU3VtWURtOTFKcnVfVUx2Y2lqdGdlOGVqNjNMdjczcUdhX0tieUU0S21mSUw0TmRVVmhPRHR5bXBoeTVSRDFmMXBSVFJHQktQYUNMU2U3SmxGM0hMdnlqSVBSb2ZzaGVSLXhuZ2xDZFQxY0xyWDk?oc=5,High Court confirms Environment Agency's power to prosecute Southern Water executive for conspiracy to defraud Solicitors Journal,,
MENTIONED,5,Southern Water,Water,Google News: Southern Water,news.google.com,2026-07-22T13:19:48+00:00,Ex-Southern Water boss charged with conspiracy to defraud over water tests | News - Hits Radio - Rayo,https://news.google.com/rss/articles/CBMirwFBVV95cUxNMXoxejNhRHNoQ3JpRW9CQ25kYTNJTzhidU9QNTYyTmNYdDFPLXlIMktkYjM5cWUtZFB5VkRXRUZLNTZrb09PUHVqOU9Saml1THB6M185TDJ6LTBaNVozNHJKWU4zUlFlb3BqOTRNVlJaRXFubUpSODdTeTlnT3NId25TZ09KUFJYd0dhSllfc1ZfTld2aDE3eGNkTEZ5eTBWcU1GbjJCX1Z1QUFQU1gw?oc=5,Ex-Southern Water boss charged with conspiracy to defraud over water tests | News - Hits Radio Rayo,,
MENTIONED,5,Southern Water,Water,Google News: Southern Water,news.google.com,2026-07-21T02:30:00+00:00,MP condemns four-mile Southern Water pollution spill - Yahoo News UK,https://news.google.com/rss/articles/CBMie0FVX3lxTFBzbzRGcnlYUEdjOUk5ajJZOW9zcndLbTRjTnNSSm42aFlRZTRlTG9tRzN0M0NibEdSV0hCSWlvbzRibUtVUU1ZakkwMkhGa2FlYmlEdDFXM3RmazdpSFppQXZ6RGhmMXdVZVhjdjhGZEMxSW9CNVQxUm1CYw?oc=5,MP condemns four-mile Southern Water pollution spill Yahoo News UK,,
MENTIONED,5,Southern Water,Water,Google News: Southern Water,news.google.com,2026-07-20T15:00:11+00:00,REFORM DEFENDS VOTE AGAINST SOUTHERN WATER PETITION AS SEWAGE ROW CONTINUES - Island Echo,https://news.google.com/rss/articles/CBMiqAFBVV95cUxPLXYxaEFhbjBjT1dKWnhERUxJYmZ2bVc3UlZWSDJES05WT0pLaHBlLTU5eXlGeXZoUGJGZzJfX01LWDVPVFE0VGtKdlJsbDV1S3NvR1M2ZWMyRDNuV0txOHNEdjZSV3BpMmhyQTFQeEpZSFktR0k1MmZtTFBSZTlIUWctWnNPNElycVZBa2h6VlFyamQtYkZZUExMN1Z2SDZQNGRBWmxwOFA?oc=5,REFORM DEFENDS VOTE AGAINST SOUTHERN WATER PETITION AS SEWAGE ROW CONTINUES Island Echo,,
MENTIONED,5,South East Water,Water,Google News: South East Water,news.google.com,2026-07-24T04:00:00+00:00,Exemptions from South East Water hosepipe ban in Sussex as restrictions to start - The Argus,https://news.google.com/rss/articles/CBMikwFBVV95cUxOclBxUFpQanZVdGlRTEktNkpFdDZDdTdqTlBCNGptOXYyTktoVkUtZnFLYWhhMTFySFp6YkRod1lrMklhUWk1YjVfWGlacHc3NV9NZmlGV0NEc05qenpvMXF6bjJQWlhtOHkxSDdhVlp2d2NLMk9tYUVMZFVHTEpNQlF6SXNfdEJqcFRHWnBrOHlCbk0?oc=5,Exemptions from South East Water hosepipe ban in Sussex as restrictions to start The Argus,,
MENTIONED,5,South East Water,Water,Google News: South East Water,news.google.com,2026-07-24T12:58:00+00:00,New South East Water CEO will face hosepipe bans and 'real anger from residents' - Surrey Live,https://news.google.com/rss/articles/CBMihAFBVV95cUxNS2JYSHZ5YjBzZ0VVeXRYQ3dzdndfaXlEUGd0VDg4aDJTRmZPNHRxX1lOVzlWXy1nb3FoenZWVjFBemRZZW5iTHBnTFFmS0JibHlEVDFLeFdhcGk2OXBMNk1SdzlxeWFCMGYyUld5T2p3ZEUyTWZqLVZBX2c3c1BMdDRTdlLSAYoBQVVfeXFMUDNYQU9yaFAtTkwteGNZcWJhd1U1UjVhQ2Z1OWM2UTlNSlhqX3Q1V1ZVQ0Z0ZDY2cnRvdDdoelhoamQ5QlFCZkQ4LTFwTDdKRWs2cDVUU3Nxc2pXRTV6RGlKWjNuQWpQRWZtbUlBNF91ejhzQXhMQWlzaGgyaWNPNUJNelNabko4Nndn?oc=5,New South East Water CEO will face hosepipe bans and 'real anger from residents' Surrey Live,,
MENTIONED,5,South East Water,Water,Google News: South East Water,news.google.com,2026-07-22T16:32:00+00:00,South East Water: Burst water main in Polegate - SussexWorld,https://news.google.com/rss/articles/CBMingFBVV95cUxNN2hvQ1lCVXp1aXhIdmpGM18zSWhsTXpBZ3hnb3F0SW9WaV9xVEJvUFdmY2tBblFVYjRZeXQ5Y3dObzZad2ZWeExZYWJhMWxJRkg2WWZVSXpsb3V3cjR0ZngwWjdVSk5hVUpUa3RmdUhkWC05aWVuNHRmdzE0cHM2RjlFQW85ZEwyZU5nLS1wbUtjV3gyU1JhT0VXUldnZw?oc=5,South East Water: Burst water main in Polegate SussexWorld,,
MENTIONED,5,South East Water,Water,Google News: South East Water,news.google.com,2026-07-22T17:00:21+00:00,"South East Water is extending its hosepipe ban, after lower than average rainfall, continued hot weather and high demand. More here: https://bbc.in/45doXiu - facebook.com",https://news.google.com/rss/articles/CBMi1wFBVV95cUxPWG9ETHlUY2FORTdXY3B3R0cxLXdMeHJkakw1dEVSOG5qMUdhcVo5UnhrNkhQRnoyNG5BUmoyZ3NpX3pBSUFfVkc2N1R0RVhwemFTalM0S25oV2VnVmo0QVpPQ0Y4dzNoRDRCeWlZZzNhQnJ2dEFISHNPVVV1Z2dNa09EdkZqTDlxbnVJNHhhSG5fYi1haE9SUk9wWTBIV3JEb1BoYlhzdkp0b3BmV2N3NHFnc2pOYUpTQ2otcGk3SHNfM2ZRWTFzaU1la2ZIalFWQ0ozSHY1bw?oc=5,"South East Water is extending its hosepipe ban, after lower than average rainfall, continued hot weather and high demand. More here: https://bbc.in/45doXiu facebook.com",,
MENTIONED,5,Bristol Water,Water,Google News: Bristol Water,news.google.com,2026-07-23T13:52:01+00:00,No plans for Bristol Water to impose a hosepipe ban despite hot weather - ITVX,https://news.google.com/rss/articles/CBMirwFBVV95cUxNSnpJblNTZUl4NzdkeHBhT0pLVFVseVlTbGdHTjNJa0R2RVQ0b3hWeW9tRzZHOS1YVlBFbVp6OUNpcVgyaGZhNFgtWEI0ZFgtQXRTYUNCV2kyZHU3eWVyYjJTbzVVcTZqUlI5RjIxdGFmbm5lNHQ0MmNTSFRsRG9oOHlUV1hVel9pTGd1REVMbkstVjh3QS10dEZWVFp5aGg3cDBhaHNBQlJ4RXZCbzFv?oc=5,No plans for Bristol Water to impose a hosepipe ban despite hot weather ITVX,,
MENTIONED,5,Welsh Water,Water,Google News: Welsh Water,news.google.com,2026-07-23T07:19:55+00:00,Dŵr Cymru responded to our challenge - Nation.Cymru,https://news.google.com/rss/articles/CBMidEFVX3lxTE9vSUdsb1VwNzVCdDN1VkluczFDel9LRzJMdXg5WkVVb3NvTkUwb0JkSnM1UXBFVkRMMGtzUjlHSVZGajhnWjdfaEJ0RVhrUVRJTEVtN002SFU5bTlCS0ljUVBZRTZrbDgzeEQwWmhwNDBlQlJk?oc=5,Dŵr Cymru responded to our challenge Nation.Cymru,,
MENTIONED,5,BT Group,Telecoms,Google News: Scottish Water,news.google.com,2026-07-21T09:01:00+00:00,BT Secure Multi-Million-Pound Contract to Protect Scotland’s Water Supply - ISPreview UK,https://news.google.com/rss/articles/CBMiwAFBVV95cUxQcnk0bGxTVnliaXN3WGJDVVZBLVdrWTlVLTJTUklnMHBiZ0R0cllqMnNVVm9qR3Fucm56dU0zcVlPWmdOTGxGMUszRlZHT2llNkRla2Z2cUJBY21EM1pBZVJsVDRNVnV6MGpkc1NXZXBMUjlucHIxN3huOFd4REE5OWYwSWx4b2dub1JmdnoyaFEtSjlkV3FJemdqRlFGOExQWkplenp1TUQ3R0dnQ1BqQUkxSDIwLWpTbktHZEw1aS0?oc=5,BT Secure Multi-Million-Pound Contract to Protect Scotland’s Water Supply ISPreview UK,,
MENTIONED,5,BT Group,Telecoms,Google News: BT Group,news.google.com,2026-07-22T13:18:39+00:00,Earnings To Watch: BT Group PLC (LSE:BT.A) Reports Q1 2027 Result - Yahoo Finance,https://news.google.com/rss/articles/CBMilwFBVV95cUxOenQyaG5ZaklrUmpSX2tEY3NBQktrM1B5akxYTnpUU2hsOC0tM2lkVVJKQjdYc0VFV3RCYUxIaS1zOTFhWE1RRUdpS3I5b2ZyQ2d4QVZHeUJDRGtwcHhQX0NiZ1BKSFUyeXFPcXZVSFlfeDd0R1ZOdFI4Qk8zNGMzVEtWSC1RSzUxUGMxX2FTaF85ZVNtS2g4?oc=5,Earnings To Watch: BT Group PLC (LSE:BT.A) Reports Q1 2027 Result Yahoo Finance,,
MENTIONED,5,BT Group,Telecoms,Google News: BT Group,news.google.com,2026-07-20T14:20:00+00:00,"Down from a 5-year peak, here’s how high this expert thinks BT shares could soar - Yahoo Finance UK",https://news.google.com/rss/articles/CBMifEFVX3lxTE05VzJ4cnB5N3ZEcW1TVExkeFc4c2lfbUdVQ1VCYWIzUF9vU21uWGhKUzhVYWdiMnZTQllIaU1idUs1ZnhOMDNRZXowU2xmSy1PbVk4bHVVZi1Fc3dtZHJZbldzOEt0THAxZWpVZkxMc09OQkxkY1FIZDl4X3Q?oc=5,"Down from a 5-year peak, here’s how high this expert thinks BT shares could soar Yahoo Finance UK",,
MENTIONED,5,NI Water,Water,Google News: NI Water,news.google.com,2026-07-21T08:08:00+00:00,NI Water urges care across its sites as wildfire risk rises - Farming Life,https://news.google.com/rss/articles/CBMiqAFBVV95cUxNeDNnSnhFVGJBUkR1U2VmdWV2YllYc1FPOXFRMm1CLXB5MjNhYUxzeVlSNkFLeURhRFdfbi1zeXBFaDlackY4cVNqcS1RVm5FVVoyRVFPV2FrdkdBSnBfTjhDUzh4SmVvWUZkS2dVRTBBR0pGVE1JQzBQVmdpYmFlcW9pMXdVM0VwajhwSUtJMWhMOE1YdDFhRTdSeW5JcHItdkUySUpSZ3Y?oc=5,NI Water urges care across its sites as wildfire risk rises Farming Life,,
MENTIONED,5,Cadent Gas,Gas,Google News: Cadent Gas,news.google.com,2026-07-22T05:46:35+00:00,VIDA bioenergy connects Wormslade biomethane plant to Cadent network - Bioenergy Insight Magazine,https://news.google.com/rss/articles/CBMiqAFBVV95cUxNMHppdWZhWENWcUtjME4wR2JxOUxPc242dlBYZ3pTWmtlMHkzZ3B3T1V5VmdmU1dfM2prbW5ZNkNFR1c5S0lwOG16OWkzZS11WmJjazBXMjJjOE94a19uMUpPV2NBRzB6Xzc2X3pZbkxNYkVCU3pYWHhyYXZTQ3R1cFlOSF9wSVgtazhTLVNSb240ZWRCSENucDVESnZGdEpBYXVWX0MxcVU?oc=5,VIDA bioenergy connects Wormslade biomethane plant to Cadent network Bioenergy Insight Magazine,,
MENTIONED,5,Ofwat,Regulator,Google News: Ofwat,news.google.com,2026-07-23T15:36:04+00:00,Ofwat proposes overhaul of board composition requirements - Utility Week,https://news.google.com/rss/articles/CBMijAFBVV95cUxPU1RldjdUaS1BaHUxV1N3M3J1bExmLWdKalJVMEEyOEVJLTFEcGY5UkM2d3RGdW05MmdERTk3SGNXdHJYeVp3UkpfVDAxQTlHSHJDd21BNkVOUF83NG9BWmlad1hVUDZHR1QzQUc5bVhySmVWUmdRRnVLbDNBc21mTEVsOXUzVUJ2VVh5etIBmAFBVV95cUxOQmhnRzJ2TFZWRWY4WW16bWhWVHY3b080M09fRVZGQ29WQjR5WkEtSE9lVFJxbFpDVGw0elV1YTh2OGFUSTJjcXRNazZnWXNFbUVQdUlUZ1BoaGpZVlJNNTBZQ2RnbkFnYmRBQ1d1TUxBb1UtY0dsQ090NlZmc0hmd3NQMFlpNDhMUW9NOWxpZFVWTmFZdERDQQ?oc=5,Ofwat proposes overhaul of board composition requirements Utility Week,,
MENTIONED,5,Ofwat,Regulator,Google News: Ofwat,news.google.com,2026-07-24T10:03:45+00:00,Ofwat backs national framework for citizen-led river monitoring - Envirotec Magazine,https://news.google.com/rss/articles/CBMiqAFBVV95cUxPS2ZKeF9Xcmx6ZDR4YmN1NmZCMGU0b1V3anZCNy1pNllyZVU3dUJCUmtnbDR3UmFQVERyTjc0TWI0Rk5ObjN1QllkdnRTZHJDUWRJeHBoUGVFZ1h6NHpscnVrc3ByM0kzdzFjOFNSWEppOHpoLTlDZFd6RmhPa1MydU5Bb1lTc2xoQlhRc2w2VHZydkFrd1F2cnc2S0o4YXpkQjJxYVMwODE?oc=5,Ofwat backs national framework for citizen-led river monitoring Envirotec Magazine,,
MENTIONED,5,Ofwat,Regulator,Google News: Ofwat,news.google.com,2026-07-22T05:05:05+00:00,Ofwat staff warn uncertainty over regulator shake-up risks undermining reforms - Water Magazine,https://news.google.com/rss/articles/CBMivwFBVV95cUxPSXFFZjFCdHhVMWtkYjBlaEtIZ1JUMjJTTE9JZUFzN2hDVjlLZGt4RjZMMGtCYXlodzFrZUM2cEpDd3FQTzBRWkRKRmlWZ0FjUjlPMmNRVmx3aklhUkhEaFFleF9RWmg2QmQ2UHlxcENEMXlfazZidk1RWS1tckhYYWtxSV9CbUc5NWFrSVNpdWtFVzN3ZEhfTUtwOUR2ZWFmTmZHXzhkRE1ud3VZcWF2X09tVDhvOWF6RFRpd2hvdw?oc=5,Ofwat staff warn uncertainty over regulator shake-up risks undermining reforms Water Magazine,,
MENTIONED,5,Ofwat,Regulator,Google News: Ofwat,news.google.com,2026-07-22T10:31:33+00:00,Ofwat staff call for clarity on jobs after ‘year of uncertainty’ - Utility Week,https://news.google.com/rss/articles/CBMikwFBVV95cUxPQ3REd1VmVjAzWW8tMEVYR3dSNTF0dmQzaVNkWWh4bUVUaXlhTE1zN0JReXNZRVZzZ3BUVS1aeVFrb082RExDZFB5d1lyY0wtRWdTR2trd1RqVUJ4UEcxd1QwZ3g5ZG9Db1IyeEtYakI4b2RjdkY3dktubHFvSmZMNVFwc2NHczVPSm5OZm1jMWlXQWfSAZ8BQVVfeXFMTVY5LU1xemNadWxWVmU5dXJzZkFVWldKeGxhOWpLRnFSS3BOX0lfWUdEbUx3MGpfamVOZ19iVjJ5Ty1kVExXQTI0OUhQeUhxaUc2SXZmY0dBTTNCRDF0TzMzZEJkdTJWd2t3MGRLSy16WFJCanlqRlhnNU4wdm5xWGNNTkFjd012OWp6TzdQTjlab1F1QzZCRFVxQ3JMTDVF?oc=5,Ofwat staff call for clarity on jobs after ‘year of uncertainty’ Utility Week,,
MENTIONED,5,Ofgem,Regulator,Google News: Ofgem,news.google.com,2026-07-21T14:29:26+00:00,Cornwall Insight Issues Response to Ofgem’s Call for Input on TPI Market - Cornwall Insight,https://news.google.com/rss/articles/CBMivwFBVV95cUxNYXFUUWdzakYtZy1aTURvRm9xWG1WU2pQbnJ4U1g4ZUxWcTVVREItSTBpUE5raGRkekRnN2xrLWxYaHh6Yzl4WVRkR2hpZDM0VnQxb3MxRW8yejFRU2JJTGkzY3JRWGpIUWRIYmVhT1FHelVCTHpGZzRxbGQ1YTZXZEpZQmdfanhHeHZUck80aXRJVk9sa1prS1Q3WHd4TzZXNFU2WVc4NDNWT2pNbGtTdloySWJyS1FzRmVyMlA2NA?oc=5,Cornwall Insight Issues Response to Ofgem’s Call for Input on TPI Market Cornwall Insight,,
MENTIONED,5,Ofgem,Regulator,Google News: Ofgem,news.google.com,2026-07-23T14:09:19+00:00,Chris O’Shea: Why is Ofgem’s debt write-off not in place yet? - Utility Week,https://news.google.com/rss/articles/CBMijAFBVV95cUxORzJoMnluNWh2aGN2R0FFWWZsaUE4aGN5emVGNzZQWXh5RFVJY2dNSjNFT2lzaHhGckx4YWZ0bEhuci1LVU9rMXNnOFRhc1FvdFFYRGViMDl0WmM3U0NQZmxwemY2Y2ZzNklzeHpKV0ZWd2tocjhRREFtRExPNFhEMXZYcGVYZEhsajZmV9IBmAFBVV95cUxNODlfYk54SUR5SWNzTGZETS10Y09NLThaMnRLb2J6Y3ZKYnhtQWxCbDUwRXQ5WWFYTXVUSDVrTThxQTlBV0lIRmRGZGFtRl9jem5ETUJKTllmNjNyTi1tYTdaYk93TGpScHNjOG1VTVhuWG9BTlBNN3FDRUF4SW1vM2oybUF4UHZ6and2cHVOM1RjSFVYa0ktRA?oc=5,Chris O’Shea: Why is Ofgem’s debt write-off not in place yet? Utility Week,,
MENTIONED,5,Water UK,Industry Body,Google News: Water UK,news.google.com,2026-07-21T09:45:42+00:00,"Water planning ‘out of step’ with Government growth agenda, warns Water UK - Envirotec Magazine",https://news.google.com/rss/articles/CBMiswFBVV95cUxNVUF6NW5ZbnUtc29DS1JPby1vM0U4TnRYZnJHNm5hZnRRVTFNOF9CVVNuV1kzLVdoQWo5SEpqbHZBTGRQb3ktNXJWUlFDd01weW0xSjJMQnN1d0w0NWVTWHZzb3AxcUpSWkF2WThLbkJpaXFENFVySVpfVmpYcmc3OFJQVzdvWGpaVWczN2F4OGhJdzNEcUxfV0RYTl9KNzJCZU9EcHdZTHpOUWY1cFZOU0lCaw?oc=5,"Water planning ‘out of step’ with Government growth agenda, warns Water UK Envirotec Magazine",,
MENTIONED,5,Water UK,Industry Body,Google News: Water UK,news.google.com,2026-07-21T05:05:29+00:00,Water UK warns water shortages could stall delivery of more than one million homes - Water Magazine,https://news.google.com/rss/articles/CBMixAFBVV95cUxQVU5iVXNKdzFHQVhMY1FPTm5iODlBancwMEN1MllHWDNaNi1tdGd6d1VvZWd2b3Zlb0Y3c19UV0F2aXdMUGVDZFVLUE9EMEJHejdObjlJTjlHX2xYeWM1Yl96cnhqVGJ1aEwyYTdzQmZKdE1nSmNRMVd1Wnhlc2lycG9RWEtVX3gyWmUyZWJWdllJTi15cnJLYWRlRFp1VkJ0SkZZQTZ6Y0psWERvTUticWJsZEFhcVpoNTcxTFRuN3JjdERI?oc=5,Water UK warns water shortages could stall delivery of more than one million homes Water Magazine,,+1 other outlet covered this
MENTIONED,5,BT Group,Telecoms,Google News: BT Group,news.google.com,2026-07-23T06:00:00+00:00,"BT delivered a solid start to the year, with continued strategic momentum - BT Group Newsroom",https://news.google.com/rss/articles/CBMingFBVV95cUxOWVB2a1pmV1UwaW5iZkRzZzFRbzZ0V2lyM0ExalFxa3l0cy13REhnX2RzNlZxeUJNU1BSNnI5bjNfaHhfRHZPSVhUS1MtSTBXa1ZveFBpMVVfZnI2VzE0WkhJTnRKLVlVazBwQU9lcWNOSjJ2NWYwOHV4c2p0cVNsWlh3VExwTlZ3bk53UTNfWV9sXzB0RXpOaTVPRVB2dw?oc=5,"BT delivered a solid start to the year, with continued strategic momentum BT Group Newsroom",,
MENTIONED,5,BT Group,Telecoms,Google News: BT Group,news.google.com,2026-07-23T07:22:30+00:00,BT Group maintains guidance as fibre and 5G expansion drive early-year performance - Yahoo Finance UK,https://news.google.com/rss/articles/CBMiigFBVV95cUxPUjZPMnhwbmxtY2I5VjhvdG9ySU1iQmdqdWVfX0JWOGIyR1hXMnpIYmdNOE54S2NYLVZwZXBRY3Z5bjgwbzRRdndYUy1wWGFTUHFRelJIdE1LdDRVVzhHX08wNFZIclZ3bkpSc0pPUzNHOFRTSjBnZzN5YUtyOGhacnQzRE9pZkR6b3c?oc=5,BT Group maintains guidance as fibre and 5G expansion drive early-year performance Yahoo Finance UK,,
MENTIONED,5,BT Group,Telecoms,Google News: BT Group,news.google.com,2026-07-24T00:16:39+00:00,BT Group Reports Solid Start to Year With Strong Fibre Growth and 5G Expansion - The Fast Mode,https://news.google.com/rss/articles/CBMi2AFBVV95cUxPM2YyNmdPcHV3VEc0MHVRZlM1ZENYUWt2YlFDUHVzSm5hLXB0RGNHQ0FSd1JNeWRnU2JIUENSaExrSTFSSzd0bDJuOFdxR3hxV01sbzB6Q2JjQUU5UDRiU1luMDN2Q1htTjNSNmJPNDVORXBZa2k4Wkw5ZDNYY3Ffc0pFRmp0QU5HSFV2eUhDSFJ4R3pGdGxNTjRja2lzV2VPMU01SW82YmFpdmltREY0Z1E3SW9jdlJtOEF5THJGSHo0am85azNnSXN3QXJRcUhubWt4RzNncDY?oc=5,BT Group Reports Solid Start to Year With Strong Fibre Growth and 5G Expansion The Fast Mode,,
MENTIONED,5,BT Group,Telecoms,Google News: BT Group,news.google.com,2026-07-24T13:02:45+00:00,BT Earnings: Openreach Line Losses Reduced and Remain the Key for 2027 - Morningstar,https://news.google.com/rss/articles/CBMiowFBVV95cUxPV2NSV1FSWkZidUpBRF9hbS0tVkpPeHI5bml5WnRrQjBtY0xRaV9rMmxrZ19XRFpvOGlPcFZfbjZiN052QXNVS2NtVzBmM2VWVjA3QmVhdEFIb1k5V0NsTUVEVDZIeHhkQUhpeElkWG5BTmhsdWpSZ0dMakN3ZzlpS0xkNTFWTnR2RXVjWTlBdEY5ZnJNdm5oVTFvRGFmUF9FU1hv?oc=5,BT Earnings: Openreach Line Losses Reduced and Remain the Key for 2027 Morningstar,,
MENTIONED,5,BT Group,Telecoms,Google News: BT Group,news.google.com,2026-07-23T06:46:00+00:00,BT reports lower quarterly profits but 'on track' for targets - Proactive Investors,https://news.google.com/rss/articles/CBMizAFBVV95cUxPSUxfMG5DeHQ2T0JrMlAtUmVTaU90ZGVERFN3TEViQ0dUM2s4Z1BUU192aTJubWlMZEVrUEZPV0tTel9TOFltQ3JDMUxxWVc4MzZUeGJMZ3NVVXV5V2xwaTZMWjdlR3otMHVMajQwUlNzSzJDMHBVV01GWHI5Z0pjMU5DMlVDSkc4bkNJYmxPNkZ2N2hvM2wwTkx2OVBiTlFxUzdZR2lOUUpJR2lnTVBFbGp0TmFtcmxOMVhLUXlVQmh4ZGR5YVhwTUR4Qzg?oc=5,BT reports lower quarterly profits but 'on track' for targets Proactive Investors,,
MENTIONED,5,BT Group,Telecoms,Google News: BT Group,news.google.com,2026-07-23T08:54:27+00:00,BT Group shares dip as flat revenue and lower profit temper “solid start” to the year - AskTraders,https://news.google.com/rss/articles/CBMivAFBVV95cUxPYzRUU21QeFRnYmFfYmoyZEVsdnZFY0J1MEhLdnJZdHRpRER0clZyb0o0QU5hdFM4RDFNZVVzMWx1eTZsaFllWDM3R0Q0WDhwRHVDV1ZDM0tDRjJiUkRZUXhhbDhHSW9mbXhSNVdkQXpSMVRjTTF1VDJZR3J1elZRZVY2MXBOTGpFSmozNmVUSUlrV2xfc1RaQU5SX3ZKM3NuX0xxOENvYlZsOXN0NkctNjU3T0tDaTRvb2EwTQ?oc=5,BT Group shares dip as flat revenue and lower profit temper “solid start” to the year AskTraders,,
MENTIONED,5,BT Group,Telecoms,Google News: BT Group,news.google.com,2026-07-23T14:11:51+00:00,BT Group: DCF upgrade by 13.6% - marketscreener.com,https://news.google.com/rss/articles/CBMiiAFBVV95cUxOekFfU1MwbWk0QmpMVnBVS2prcU9oaW5yTzUxU2tNcVFMN041Q2ViSXZ1aDA2V3hEWWpoWjh2d1NNTVVqV3BPd1JuQXdGRWFGRUZ3bzdOTE14enE5LXQyYm5ZX0lLOHVLZEM2MjNDcjVKZnFrQzk5WWRUWmZKSDJLWjAtR2JLSGxM?oc=5,BT Group: DCF upgrade by 13.6% marketscreener.com,,
MENTIONED,5,Vodafone,Telecoms,Google News: Vodafone,news.google.com,2026-07-27T06:41:00+00:00,Vodafone UK Tops 1.86 Million Broadband Users as Mobile Declines to 27.98M - ISPreview UK,https://news.google.com/rss/articles/CBMiwwFBVV95cUxPS0xJaG1rZ0dmNXVrNWpQWHF6RFJ4YkxYR3E1VjI0OU45RHNMLXRkQnFuRTRZbWRGblp2UHVXZVRzUXNhRVNkS3pENXdvNXVXaktab2tDRC13WGJDNWdZRkVHRVgwbDVieVdJcFpKVnB6OE52OGdwdUxnSDNtOGEzNXZHVFlaSk0xZUlSUU9OVG1pZDV4RnhvSkdrbTVoZWNkdXpJcURnZGxKMW95T183QzdIbVhQRDg5OWtPZ2hpYUx5aUk?oc=5,Vodafone UK Tops 1.86 Million Broadband Users as Mobile Declines to 27.98M ISPreview UK,,
MENTIONED,5,Vodafone,Telecoms,Google News: Vodafone,news.google.com,2026-07-27T06:32:18+00:00,Vodafone targets top end of upgraded FY27 guidance after Q1 growth - Telecompaper,https://news.google.com/rss/articles/CBMirgFBVV95cUxOaGNlZmpIdU9LNUFsUnhiMnVfd3owSHZyM1RnUjNIbnBtUzF6UWNBaE8zMThjZjJOWUsxOHFqS0tIQVBodkFPMWV2VmdPeGFrSVBTSVBBS3dzc1lndEFnVUg2dzlYUWFkQkN1eEdHbmM0elJFUXNuZ2RpNFlCYWlpMGI4YVRhM1hvc0lMX0loajBGcEVLYjVVQ0ZRQXIyb3dvNnB5dWNXZnNidTNOUFE?oc=5,Vodafone targets top end of upgraded FY27 guidance after Q1 growth Telecompaper,,
MENTIONED,5,Vodafone,Telecoms,Google News: Vodafone,news.google.com,2026-07-24T13:49:52+00:00,"Vodafone warns regulations, energy costs holding back UK mobile investment - Telecompaper",https://news.google.com/rss/articles/CBMitwFBVV95cUxQOXRkQTgwUzA3OGljMHJfMTJ0dkREUjFyckgwd0M3TklsYmViZkVyZFlEU1hFemYybVNudlJjQmRnNEQwdGxwa212RHdNMFB6cWJPZnBfcExjZFdvM0hrdTRwMlA1RGhjcXh3aTl6TUpJaGIyeTNWRi11dll0eGdNamtjM01jNmVTX3c3QXVCQnB6TFV0RzhDTTg3b2J5SG9oZlgxelUtYW5xU0Y1TXN1UnpFRGZHZHc?oc=5,"Vodafone warns regulations, energy costs holding back UK mobile investment Telecompaper",,
MENTIONED,5,Vodafone,Telecoms,Google News: Vodafone,news.google.com,2026-07-25T12:05:00+00:00,Vodafone teaches mobile masts to move themselves - TechRadar,https://news.google.com/rss/articles/CBMizgFBVV95cUxNSS1YS0pQV0VwSjMyNFE1eEZRdEx4YXI2QmJqQncxMjdOVmp2bjEtSlVKMVl5ZXBYcWRMSVYtS1RHcHZrWW0xWEloUWxJMDZJc0VlcF82VFBqeGZwb2IyRlFxTTk0OFFxZFhLYzdaYWdlbHdZREZWLTdiV2pnRlhXWk1XQmFZTW9jRTE5UUhwTmxObDNPUWJFdUwxTGVXUk1HTXluYjg4Q21qV0VzLWdGUXhwOUR5cGhzMUdDTEJmMVNDN2FVaWhrWERKcnZLQQ?oc=5,Vodafone teaches mobile masts to move themselves TechRadar,,
MENTIONED,5,Vodafone,Telecoms,Google News: Vodafone,news.google.com,2026-07-26T18:40:02+00:00,VOD|Vodafone Group PLC|Price:15.150|Chg%:-0.100 - TradingKey,https://news.google.com/rss/articles/CBMiWEFVX3lxTFBBZVl4eFE5OHhDRWN6VndMSU5MazM4WDdJeXE5UThYTTNPVFB6TkRMbGp6SUppT2ZSTEhwLXhrZlFrUmh4LWFLNWdKcGJVd2IyZFNEV2MwRjE?oc=5,VOD|Vodafone Group PLC|Price:15.150|Chg%:-0.100 TradingKey,,
MENTIONED,5,Virgin Media O2,Telecoms,Google News: Virgin Media O2,news.google.com,2026-07-24T14:51:21+00:00,VMO2 sees revs drop but hits subs milestone in Q2 - Computer Weekly,https://news.google.com/rss/articles/CBMimwFBVV95cUxQY2xodExMN3oza2F0c2ptSWpNazhQa29xYVlZalJYT0FQTUpTVU1rUkY1VTNEQVlkX2lsY1lBVEtTdU1XM3hubGFPcjFYY1dfOW5yNHhqR09pb3VsRVRSOEJoMkw5Ny1YeDM4VHllUzFQdGNWcUJIaXhtV2daaTJIbmRLZVpJX1ltQ01nV3NRanQtSTRQUF9UQ25OOA?oc=5,VMO2 sees revs drop but hits subs milestone in Q2 Computer Weekly,,
MENTIONED,5,Virgin Media O2,Telecoms,Google News: Virgin Media O2,news.google.com,2026-07-26T06:09:18+00:00,Virgin Media upgrade offers UK customers these extra TV channels for free - AOL.co.uk,https://news.google.com/rss/articles/CBMiggFBVV95cUxOZGtxTFRieENWZHFrVlZnZkJEWjZSNEZTN0ZTNVRYRnZkUThTSlRCVG5LQzJfMkc4WjNrUEpIcjlKd1QyZEpSdmsxNUlUR3JKVjd4WjZ2Nmk1SGp2bUt0MFN6NGVfNEtCeTZHc3hhMEtmYVBRSU00Ql9PamVWQXN0SDBn?oc=5,Virgin Media upgrade offers UK customers these extra TV channels for free AOL.co.uk,,
MENTIONED,5,Virgin Media O2,Telecoms,Google News: Virgin Media O2,news.google.com,2026-07-22T07:00:00+00:00,New Movies Coming to Sky Cinema in August 2026 - Virgin Media,https://news.google.com/rss/articles/CBMid0FVX3lxTFBuV1BDbzJaVzN4QldfV2NjcW9FV3V3bkxFWGc4UEFkQWYtMEV2UjhLeXBZaGtUalRDZDhuQnFZbGluRWh3YzhMTGJxN2RuWGFWR2VnSUphQnJMN1l0cWVBa19YU0tvbXg3RmE2WjFXQWw4UVJZelRJ?oc=5,New Movies Coming to Sky Cinema in August 2026 Virgin Media,,
MENTIONED,5,Virgin Media O2,Telecoms,Google News: Virgin Media O2,news.google.com,2026-07-22T17:31:51+00:00,"Anthony Joshua vs Kristian Prenga: Dates, Stats, How to watch - Virgin Media",https://news.google.com/rss/articles/CBMiggFBVV95cUxOOThTOHhqNzhzMkVvVDhkMmI5bFdyTGxIVmVEOGpVeFVzbWoybF82N1BtMFRwVW83SzRwSUpaSjREelU4M1JycDREMHJXUld2RVk4ZU83SHRKNkc5SGpJd2huaGZDei1zSUc3TUEwNHZ2MFZ3bFo5a3prS1BXWlA2dTNB?oc=5,"Anthony Joshua vs Kristian Prenga: Dates, Stats, How to watch Virgin Media",,
MENTIONED,5,RWE,Electricity,Google News: RWE,news.google.com,2026-07-22T07:03:50+00:00,First electricity fed into grid from Nordseecluster A offshore wind farm off German coast - RWE,https://news.google.com/rss/articles/CBMi6AFBVV95cUxOUlhpNExEdUloN0xPMHU4ZTJEaDZBUEt4d0lJS0V3WHBUTnI1Y3g2QklibXpHN0thN2tvRVZEZ2V0aU04bDdYdkRZR1NpeHNpclU4ZzZFUmhiRFBFb2Z2dTlteUJyUmU3SVBGRmRnLUJEVmtzRmhaVGFfdXNOM1p3RGtZc1dBcTZPMkd5UmJidVkyYXU1dkZiNlJ4ckgtZ3hfNnhLTV92clhWTzRpWkZFcGtZSGNnVEc0SEx1Uk1RcTQ1cEM4bndmZnprelRwYzZqSDhHbkxGd25Sb1RZYk14ZjNjUTBxWkQ0?oc=5,First electricity fed into grid from Nordseecluster A offshore wind farm off German coast RWE,,+2 other outlets covered this
MENTIONED,5,RWE,Electricity,Google News: RWE,news.google.com,2026-07-22T14:41:35+00:00,LONGi to supply solar-plus-storage solution for RWE project in Italy - Renewables Now,https://news.google.com/rss/articles/CBMirAFBVV95cUxPVnpRWWRrY3Vwa3U3NVJxX2hIYWF3MldYdnNETHZDaTk4TnFyWlFTM090akZmODVwd3k0QU9SX0F4Vk12T21oNTNkcjhZV3BRbUxQeC02UTk2Y2RZY0JLbW1QMzExVE53Z1IwMGhWQnBPMjFWYVVPbVJIWTE4WXpaVFNzUUh1dXJHUFFSTy1IMGl2Y3dMOEt0UWpiLXE5dlQxOVlLbFRhamI3WkI5?oc=5,LONGi to supply solar-plus-storage solution for RWE project in Italy Renewables Now,,
MENTIONED,5,RWE,Electricity,Google News: RWE,news.google.com,2026-07-22T11:35:00+00:00,"1.5GWh+ of BESS deals in Italy: Sonnedix, Strioga buy projects; BNZ, RWE order from Sungrow and LONGi - Energy-Storage.News",https://news.google.com/rss/articles/CBMiyAFBVV95cUxOeDZCX1hHOFFQVHRNRzZ4TFJhVnJuOTZ3U294VXU1X2k1bG5qTEVaamxIT2NuZVEzYnI0ekZ2d0xmclNYcG1rUUkxUzJsRDZ5a3BmdGR6SzI0bGtvRHRzUmJTdmdocE1hb0pldHB3QjVfbEJlYkd2T0k4OVh6YjhtOVNoT2RudlVqRkNtQ0Q1WFJvci00d3UyQUpDWjFsYm1EOWdrU3UtdUVFX05xWjNWSFdUSk1MVk9EOFJ0MXNpM0VLODdxRE9wRQ?oc=5,"1.5GWh+ of BESS deals in Italy: Sonnedix, Strioga buy projects; BNZ, RWE order from Sungrow and LONGi Energy-Storage.News",,
MENTIONED,4,Ofwat,Regulator,Ofwat News,ofwat.gov.uk,2026-07-22T13:12:01+00:00,Leep Networks Water Ring-fencing certificate undertakings,https://www.ofwat.gov.uk/leep-networks-water-ring-fencing-certificate-undertakings/,"NAVs are required under paragraph P26 of licence condition P, to submit an auditors report alongside their Ring-fencing certificate, stating whether they are aware of any inconsistencies between that Ring-fencing certificate and the statements referred […]
The post Leep Networks Water Ring-fencing certificate undertakings appeared first on Ofwat.",,
MENTIONED,4,Ofwat,Regulator,Ofwat News,ofwat.gov.uk,2026-07-20T07:05:52+00:00,"Pryfed sy’n glanhau dŵr, batris carthion clyfar a swigod sy’n chwalu cemegau ymhlith y cystadleuwyr terfynol yn yr Her Darganfod Dŵr gwerth £7.5 miliwn",https://www.ofwat.gov.uk/pryfed-syn-glanhau-dwr-batris-carthion-clyfar-a-swigod-syn-chwalu-cemegau-ymhlith-y-cystadleuwyr-terfynol-yn-yr-her-darganfod-dwr-gwerth-7-5-miliwn/,"Mae ugain o brosiectau arloesol wedi’u henwi’n gystadleuwyr terfynol ail Her Darganfod Dŵr y Gronfa Arloesi Dŵr Mae’r prosiectau’n amrywio o bryfed microsgopig sy’n gallu glanhau dŵr gwastraff, i ddelweddau a dynnir o’r gofod i ganfod […]
The post Pryfed sy’n glanhau dŵr, batris carthion clyfar a swigod sy’n chwalu cemegau ymhlith y cystadleuwyr terfynol yn yr Her Darganfod Dŵr gwerth £7.5 miliwn appeared first on Ofwat.",,
MENTIONED,3,Energy UK,Industry Body,Google News: Energy UK,news.google.com,2026-07-26T23:05:21+00:00,Serica Energy launches rival bid for Pharos Energy - UK Investor Magazine,https://news.google.com/rss/articles/CBMijAFBVV95cUxOd21XR1duTmF2LXFZa3owdDBzamw3MmxaOVBKLTQ3Ql9lTU5pMUpGbXhhVEt3X09NVzc4R3hpV2hfdk1neUNMTTdzcEZ2Ty11WU5HZ3ZBMVpCcVhkX3VxMkRxRGdqTWM1dWJzbnZiNFoxUmE0aTFRcU5kdE5XTXFiREw0cjU5alAwb0xCbg?oc=5,Serica Energy launches rival bid for Pharos Energy UK Investor Magazine,,
PRIORITY,18,Anglian Water | Ofwat,Water,Ofwat News,ofwat.gov.uk,2026-07-20T15:12:53+00:00,Complaint against Anglian Water regarding GSS payment,https://www.ofwat.gov.uk/complaint-against-anglian-water-regarding-gss-payment-2/,"Case reference: OFW-064945 Summary of case We are investigating a request for determination relating to GSS compensation following a supply interruption in January 2026. Date opened May 2026 Relevant powers Water Supply and Sewerage Services […]
The post Complaint against Anglian Water regarding GSS payment appeared first on Ofwat.",customer_and_service,
PRIORITY,16,Ofwat,Regulator,Ofwat News,ofwat.gov.uk,2026-07-23T14:07:44+00:00,Ofwat raises the bar on water company governance,https://www.ofwat.gov.uk/ofwat-raises-the-bar-on-water-company-governance/,"New Water Governance Code proposals signal the next step in delivering a more accountable and transparent sector  Proposals would strengthen independence on water company boards and transparent decision making – helping to boost public trust in the sector  Latest consultation part of Ofwat […]
The post Ofwat raises the bar on water company governance appeared first on Ofwat.",regulatory_and_compliance,+1 other outlet covered this
PRIORITY,12,Scottish Water,Water,Google News: Scottish Water,news.google.com,2026-07-20T13:51:35+00:00,Scottish Water apologises after burst main affects around 1300 homes - The National Scot,https://news.google.com/rss/articles/CBMimAFBVV95cUxNbExUeWZQOVliQkR6LU9tbDhmb1ZLbUN3S2FKRzhsbG92Yzg0emI1Y2V3T1NGaF8ycEQ4SG1QZ3ctUHlfLWdBT1R2d0ZuNGRENnNoeE4xaUFwd2JrakVac1hiV0twWG8za2NIQXJVdWg4YmtWVlh1Y3g4QWhRS0FKQ2M1WkRQRXh4UjJwOVJ5TjVEYmMxZk9weQ?oc=5,Scottish Water apologises after burst main affects around 1300 homes The National Scot,customer_and_service | media_and_events,
PRIORITY,12,Vodafone,Telecoms,Guardian Business,theguardian.com,2026-07-26T06:00:03+00:00,Family of former Vodafone manager found drowned call for ‘Adrian’s law’ to protect franchisees,https://www.theguardian.com/business/2026/jul/26/vodafone-adrian-howe-adrians-law-protect-franchisees,Adrian Howe’s family believe that fears his deal would be financially ruinous led him to kill himself The family of a former mobile phone store manager who was found drowned days before his new Vodafone franchise was to open its doors is pressing the government to introduce a new franchising law in his name. The call comes a week after Vodafone settled a long-running legal claim filed by 62 of its former franchisees who alleged that the company “unjustly enriched” itself at their expense by up to £85m. Continue reading...,,
PRIORITY,12,National Grid,Electricity,Gov.uk DESNZ,gov.uk,2026-07-21T06:00:03+00:00,Independent report: NESO Electricity Capacity Report 2026: findings of the Panel of Technical Experts,https://www.gov.uk/government/publications/neso-electricity-capacity-report-2026-findings-of-the-panel-of-technical-experts,Report by the DESNZ independent Panel of Technical Experts providing advice on the National Energy System Operator’s 2026 Electricity Capacity Report.,,
PRIORITY,11,Virgin Media O2,Telecoms,Google News: Virgin Media O2,news.google.com,2026-07-22T09:47:00+00:00,Virgin Media O2 Calls on Ofcom to Weaken UK Net Neutrality Rules for Mobile - ISPreview UK,https://news.google.com/rss/articles/CBMivgFBVV95cUxPWEdOQ0dQQVFSMUxVdXh1Xy1jbHZldDBrbFdlbWtIVkFmTGJtUnB5eGZUMnRqc0tWVE1uMWdDbVlTVUxQcVc5ak0yOFpwMVlFdng2d0dXanhMV0piWG40TFF2ZXM0TnRhNWRQVnJlTS02WDN5QUFtcXM3MFBuVmtKSU10aXpDMHZUX0pRMDdFaGhIWEgxSlFzcklIcjdvZTZIdkJNRFhLN0RfZDZHZGhhVDVYUy1ibFdoUERyQnd3?oc=5,Virgin Media O2 Calls on Ofcom to Weaken UK Net Neutrality Rules for Mobile ISPreview UK,regulatory_and_compliance | telecoms_infrastructure,+1 other outlet covered this
PRIORITY,10,Southern Water,Water,Google News: Southern Water,news.google.com,2026-07-24T22:00:42+00:00,Southern Water Charges Show Why Corporate Enforcement Must Be Strengthened - Good Jobs First,https://news.google.com/rss/articles/CBMiowFBVV95cUxOY09fY2pRcTdWcE5MOXBjQjdYUE9ndU8tQThGNEowYkE4eTZtZVhGRWtQT3lSRWxkYzR0bWpZaEdKS3lfbHVRbEx6SnFNQ050X1VWU0hCbUtDNlA1RHZEZ0lzVmxuZDdwaHNQa1pHYl96azQweEcyY2MyYWJyU3VYS1NiRGNKbDBqOWxaVVJtbHlPajhOQ2otMjc1OUp4T2VrZ0dv?oc=5,Southern Water Charges Show Why Corporate Enforcement Must Be Strengthened Good Jobs First,regulatory_and_compliance,
PRIORITY,10,Southern Water,Water,Google News: Southern Water,news.google.com,2026-07-22T21:07:00+00:00,EU clears controversial Southern Water takeover by Spanish and Australian investors - The Brussels Times,https://news.google.com/rss/articles/CBMivgFBVV95cUxPSXF4QmJzZGFyb1RQbk8xanFjNkxtY0NZYjZVbjRMSUZ6dXR1VzQtTFNVYUcyTFNDS1BxejBJb3dLenFqUkR0MDUxZDMxcmZLbWpkSDhyNkJTMUg4TmF4N2NoY2lmUXlTMWRnWndCVVo5YXdIWmNsUldDc3dWQnp2amd6QWFnU2owSl9xbTZyWlZZdUN0b19JeUVLc1lIelNjbTJ3YkstcUFYSUpvNjRlOVdXNExWVXY1SEF3aEpB?oc=5,EU clears controversial Southern Water takeover by Spanish and Australian investors The Brussels Times,ma_and_corporate_activity,
PRIORITY,10,National Grid,Electricity,Energy Live News,energylivenews.com,2026-07-24T09:00:00+00:00,NESO steps up restrictions on electricity interconnector capacity,https://www.energylivenews.com/2026/07/24/neso-steps-up-restrictions-on-electricity-interconnector-capacity/,Four interconnectors to be regulated more tightly to adjust power flows in and out of the country The post NESO steps up restrictions on electricity interconnector capacity appeared first on Energy Live News .,,
RELEVANT,9,Electricity North West,Electricity,Google News: Electricity North West,news.google.com,2026-07-23T11:02:35+00:00,Electricity North West provides update after power cuts reported across Ramsbottom - The Bury Times,https://news.google.com/rss/articles/CBMimAFBVV95cUxOQjlxejFOVW5GU1hZSUxtY1VwQnJrdEZWaG9nVVFJaHhsNWFYMTJ5QzFOM3MwSkRBYWE4ZVIyWGhqemVBd01yQkFXeVVHWngwVDYybWkzcVdBYVIza19mQXpyMlRaT0w4cUNWcnBrcDhTNVdoXzRiUXdCcW5XOGFPbFMtQmlpWDduQ0ZfZnBna2djb1NLVTNoVw?oc=5,Electricity North West provides update after power cuts reported across Ramsbottom The Bury Times,customer_and_service | media_and_events,
RELEVANT,9,National Grid,Electricity,Gov.uk DESNZ,gov.uk,2026-07-21T06:00:03+00:00,"Correspondence: Capacity Market auction parameters: letter from DESNZ to NESO, July 2026",https://www.gov.uk/government/publications/capacity-market-auction-parameters-letter-from-desnz-to-neso-july-2026,"Letter setting out the Capacity Market auction parameters for the T-1 auction for the 2027 to 2028 delivery year, and the T-4 auction for the 2030 to 2031 delivery year.",,
RELEVANT,8,Severn Trent,Water,Google News: Severn Trent,news.google.com,2026-07-20T09:48:55+00:00,Severn Trent plans £25bn Midlands delivery frameworks - Construction News,https://news.google.com/rss/articles/CBMiqgFBVV95cUxNVzUzMG54TDVNbHBvNzYwSUhxVUE5ellqQks5RTgzRF9LeVE2VDJBVFNrUXdVY2l3UG55M20wRlBac2NfWmlsX2hNNHY0eUZJdXU0QzBfdDRINS04cUtoYkVIU3BheUF2b0ZKdi1YY0hmVzhra1RFbDR1ZUJQU2RYS21BeVFwc2FlRUZoRUJGYVE2c1R5elhENjBLY0M2S0RoT1Jzay1YTFA5dw?oc=5,Severn Trent plans £25bn Midlands delivery frameworks Construction News,,+2 other outlets covered this
RELEVANT,8,Severn Trent,Water,Google News: Severn Trent,news.google.com,2026-07-20T11:52:53+00:00,Kier secures more than £51M of Severn Trent wastewater upgrades - New Civil Engineer,https://news.google.com/rss/articles/CBMitAFBVV95cUxQODFZaEJITHBGOFc3MUNDMlYwaUo2QWZiUFUzSDNZMTJNMHBZTHZ3dWFGYlNvNVRtNm5DbDZNUXVlaTRWV3dNZVI4NXZEX1U2RURhTVRBbDdGT1kxX0FCbENVcDNGSlNGSW5uaHVzVUdnamFzVG9xdU00UHQwOWlHLXpjZzltTU12WGg4dkEwcldibEkwWmJKYVNmbURrSXp5NU96SWRPaEt0RVFraEltOTdWMVE?oc=5,Kier secures more than £51M of Severn Trent wastewater upgrades New Civil Engineer,,
RELEVANT,8,Severn Trent,Water,Google News: Severn Trent,news.google.com,2026-07-20T09:19:59+00:00,Severn Trent to launch £25bn framework pre-engagement - Trending Now Sustainable Construction,https://news.google.com/rss/articles/CBMiqwJBVV95cUxQclhzSkRXWXhsdDJtd3RGbkQtMU9EM2cxaEc2bUVjbzFXUFQyX2U2dUtYVE8tV1Z2aURfRDBiSTFMUjNHcC1tRVJzaWFiQ1pGaHJFcTB3YVZxOUlZSW1kVGtneTRYeEVhTENzdmVnTDU4eDdHTlREYy1QRUJmci1USkNtSDBKcXcxdnpXMDVLVXZmVmtacFhwX2JHd0NTR0lzazItNHR5U1lnX295T3dTOVNVcTVtU2pSQURtNjd3RTVTelJFZzAyTnFMRE54Wm12NzFSSVF3eEdTYnNwWjhMdHFhcldQU1VWQUh0N2pkckFYa3NqbC1keVR0REhTQXo1OERzWTlIVTRqSnJGd1F2dVhqTmN5cUdBaXQwZlZYUUQyOWx1azhURnM4OA?oc=5,Severn Trent to launch £25bn framework pre-engagement Trending Now Sustainable Construction,,+1 other outlet covered this
RELEVANT,8,Yorkshire Water,Water,Google News: Yorkshire Water,news.google.com,2026-07-24T11:49:29+00:00,Yorkshire Water firms for £80M technical consultancy and design framework - New Civil Engineer,https://news.google.com/rss/articles/CBMiwgFBVV95cUxNdVVpRDdJTHREZUdZdFYxbkhaQVpEV3FRNGtGcktqOWd4R2YyODJBeV96VDc2RnU0anR1dXVFQVNRMjhCdDRmb2x5dFJRSVRZRjlEUVFuZDNRT1dodlFfNldJRDhLRFhtTkVfQTN6dzNYNkxQVDR1NTl1X0Vrd2trMmNUNWpQMVhBbWNXOEEzdDNzVDcyTkhkNG9jNFZZUmFYTnI1ZU1UR2lab2JhYWNPWVhnaVRseXVVUEJvMTUzR1ZvQQ?oc=5,Yorkshire Water firms for £80M technical consultancy and design framework New Civil Engineer,,+1 other outlet covered this
RELEVANT,8,NI Water,Water,Google News: NI Water,news.google.com,2026-07-25T20:53:50+00:00,NI Water requires £3.5bn investment - Irish Farmers Journal,https://news.google.com/rss/articles/CBMiqgFBVV95cUxNN0Z4Z3FHYy15ZDVQVTFydkUyQUJHUklJYk9kaWlnU3N0N3U2YVgwNWloWWpBNWdFdDdKZE1tN2tmS1NWUnRTTnNzNlYybDQzYmdoT1BVUXozTGlzRjBjTUFRRnZVd1I2bXdkdjdUcjM0LVlrZl9vZGNjc05aR0J3UWUwV0ZtVmV4ZmI4ejllQVppa1FjUFZ4TDloVjIxa1l2dDBpQUh2M0l1dw?oc=5,NI Water requires £3.5bn investment Irish Farmers Journal,,
RELEVANT,7,Thames Water,Water,Google News: Thames Water,news.google.com,2026-07-26T10:31:04+00:00,Thames Water investors try to head off government takeover - The Observer,https://news.google.com/rss/articles/CBMipgFBVV95cUxONWNtQk8yWmY3QWY1aVg5UTcyQXdJR1BvSGhYVmNsZXI5T2FDYlR6YU5saTRFVlhjVXBNNkJxLTBZQk05aWFnU25KMkNrVmROS3JFQ2FNZTNPRm5JRi1SclprcUhGSXBrMWliam5KUFBpVS1yNVg5Xy1HRGxhaWVXdm92SEd0UEpSUlYyVU1jOTRFOUtTTlRmRG9md2hTZG5nb0t6bS1R?oc=5,Thames Water investors try to head off government takeover The Observer,ma_and_corporate_activity,
RELEVANT,7,Thames Water,Water,Google News: Thames Water,news.google.com,2026-07-21T13:05:59+00:00,Thames Water creditors offer golden share to UK government amid nationalisation risk - Smart Water Magazine,https://news.google.com/rss/articles/CBMiyAFBVV95cUxNMVRPTEJQV0I3aFdKZnBWNXQySFRuTjdEQ2JZYnhyRUtFdkdMaHVnYWVlTTkyQkZQVmZyTUJIRVpya1JNOVNINmZWVmhNcGk2a1NoX2NNSjlVWmlIYVhqSENmMm9YUHpJbkV1a0F3VDg3ekNkLTc4MVl4dVJZY2U4aHB2QXU2cHQ3ci1jTGdRdXg0WnNGQWtGM3JGUzMzcW1PQjhTTWtQZDhnRjZXOTMxNlpIcExndTdSX0VWQlBJOTA0b0tmeDQzdA?oc=5,Thames Water creditors offer golden share to UK government amid nationalisation risk Smart Water Magazine,financial_distress_or_crisis,+7 other outlets covered this
RELEVANT,7,Thames Water,Water,Google News: Thames Water,news.google.com,2026-07-20T11:44:06+00:00,UK's Thames Water creditors prepare legal challenge if Burnham pursues nationalisation - Reuters,https://news.google.com/rss/articles/CBMitgFBVV95cUxNNGJVNVJqMldpVnk5RW8xNjhlcGwtWFFqRFBGTm9kbzV2MF8xbXpZTEcyQ3BXTnFma3hWSHAxX0tpUkF4bnNrX0R1dTU0X2YtMzFPbjJrM3ZHMVZkQlVNZi0zSlZRbFl4UV8yWkduM0V2UFBhckxzQlJaTmhITEJLeDhVV0MzclQxWjlwcVlacUVBdEJJTGpIRko1LUQ5UXJnbDhTa2FSLU1UQnN1SzN5eFNFTG44UQ?oc=5,UK's Thames Water creditors prepare legal challenge if Burnham pursues nationalisation Reuters,financial_distress_or_crisis,
RELEVANT,7,Thames Water,Water,Google News: Thames Water,news.google.com,2026-07-21T10:47:49+00:00,London & Valley Water offers UK Government 'golden share' in revised Thames Water rescue proposal - Water Magazine,https://news.google.com/rss/articles/CBMi0wFBVV95cUxNQ183TGVRWHE3T1FxckdLRnkxLTdLWjNyWS1OSFIwWGpvSVhwYkxUaFhvdW4wV3ZQRTNFTnljQVllSGlzM09tNGVoU0JVbE9rcFJfNDUwdkQyX25nTjd2X1k3UUdteWNtYzlaZkFpLW40Y2RjbWMtUzJKLWsyX2lnb21tZjNueFc3MTJGM2JaTnBRaEx5ZVNWM1ZTUngzVGpIalNreGctYTJ4N0tkN3VMb1MwejR1bkhNLXNUYnVqQm5kOEl2SFZFYkRaUzB3dldCTDlB?oc=5,London & Valley Water offers UK Government 'golden share' in revised Thames Water rescue proposal Water Magazine,financial_distress_or_crisis,
RELEVANT,7,Thames Water,Water,Google News: Thames Water,news.google.com,2026-07-22T18:05:37+00:00,Mark Kleinman: Well runs dry for Thames Water creditors - City AM,https://news.google.com/rss/articles/CBMihAFBVV95cUxQRjl1amtpaTk0ZlZnaXhCMk01MTY5ZXlhV3lEUzFoU3dUY3hKU3Y5OEFURkx0c3lNZ1lQcVl6TG5vNjJfeFlmNVhZQ3FGa1pRbE9lUF83T0w0ZTMyYVVma29YOU9OX29jTkhwQ3ZZVjcyb1M2UjRWWmktSFBJemlHTXJVaC0?oc=5,Mark Kleinman: Well runs dry for Thames Water creditors City AM,financial_distress_or_crisis,
RELEVANT,7,United Utilities,Water,Google News: United Utilities,news.google.com,2026-07-21T05:05:55+00:00,"EA secures £517,000 from United Utilities for sewage discharge breaches into River Tame - Water Magazine",https://news.google.com/rss/articles/CBMiyAFBVV95cUxPZ3hfd0g3YlZDVmRpVGw4bnQ3NDllUXNGbmxwQms3bnB5YmJCcDdFNVd1SGxNMlcwTVhBbloxOGFmMFlqNTVuQk50Ny1QeHBTeVNtTEFqOWE3RjExVXlCbWVHbS1KVjdSMDVHOEVZNTRBUnFXbHRpUEZnMlg2UVFEOW9GSEo5eHFsb2dPSklyd21acTktNENyX2xnaGlaQ1Buc1kybkR6OGphQVhjY1ZONF9sNkF1NzVVVFVjWFpCbk9NWlB2RkF4LQ?oc=5,"EA secures £517,000 from United Utilities for sewage discharge breaches into River Tame Water Magazine",customer_and_service,
RELEVANT,7,Yorkshire Water,Water,Google News: Yorkshire Water,news.google.com,2026-07-23T16:19:25+00:00,Arcadis to support Yorkshire Water’s AMP8 ambitions through Technical Services framework appointment - Arcadis,https://news.google.com/rss/articles/CBMitAFBVV95cUxNTndBV0V5M1oyaENXWnY5azZORGJGRGVMTUszT0trSGJOVF9LNW5VQllLX2cyZ2laNm1JVkMtOFp6X3BYNGVUV1BpcWdqMHl6VklnM25HOVowSE56dlpZODQ3LUJVcGtXNVNGMFRRLWdjZnJ5N2hWdDZQUTVDaWJJa1M3WnhrZGllZlB3RGhOQXNfVjRlekdPdDFZZkpBYmlzVzg2WTk4MG5UZ25zZ2FaTVVWZUk?oc=5,Arcadis to support Yorkshire Water’s AMP8 ambitions through Technical Services framework appointment Arcadis,investment_and_capex,+1 other outlet covered this
RELEVANT,7,Yorkshire Water,Water,Google News: Yorkshire Water,news.google.com,2026-07-23T12:10:00+00:00,Yorkshire Water apologises as burst main floods this area in Bradford city centre - Telegraph and Argus,https://news.google.com/rss/articles/CBMirgFBVV95cUxPX2ZMU19IeGgwVFF4RXJ5V3FpR3l1Y3dXVU5SbF9XV3JoTXRaMm9kVDJxb04xa0wyMFVMWkdFellRM2k1eVF2TDU1VXUxSFpDTXFaWTBNaTU1RkhDWV9FVWF2aUo5WHdid0VKOTFzQkFOa2Y0TmRuTkNPWjVwZi1WMHVNRnc3LTdlS1FDaFFLWkpqTmhsUXZodnFPczYtbTMtMmkwLUFlRzNmX0J6Umc?oc=5,Yorkshire Water apologises as burst main floods this area in Bradford city centre Telegraph and Argus,customer_and_service,+2 other outlets covered this
RELEVANT,7,Yorkshire Water,Water,Google News: Yorkshire Water,news.google.com,2026-07-23T10:58:00+00:00,"Doncaster smart meter exchange starts as Yorkshire Water marks 250,000 milestone - Doncaster Free Press",https://news.google.com/rss/articles/CBMiyAFBVV95cUxQcWVqcm1DbzJ4MlJUZVBVd0VCcU80TndGSVJUSTJYYVdXTE04amg1Z0RUUlhYbWIzalFHUWJwU2ZWMUhOV2NKR1lXRzZCVlE0UlR6Q29jNGhyOEpmemtfT0JWemVtaURjYWttWFp0cGt2UTZPWEhRTzZjY0dnYzZOM3V5dFB3Q3NNdFJ4eE5tTi1XcHZYUTBsTC1YVjVlQ0paaUJVTFBoTXQwRUlfSXl6a0N5REtmcWJlZ0VfQVdhSjl4UVA2d1RFRw?oc=5,"Doncaster smart meter exchange starts as Yorkshire Water marks 250,000 milestone Doncaster Free Press",technology_and_data,
RELEVANT,7,Yorkshire Water,Water,Google News: Yorkshire Water,news.google.com,2026-07-20T15:32:05+00:00,Yorkshire Water contractors rescue cow stuck in ditch in Otley - BBC,https://news.google.com/rss/articles/CBMiXEFVX3lxTFBrNFp2R2JXbmpLNEdMd2kwNGZfSVlMNEh5eENQWkJERDBzQ2VYOTQtZVZXQU5QbFM3ajJlaWthTHhSOWFuVnE0enhQaGdaMjd4QXdfOHlKS1p5WUJC?oc=5,Yorkshire Water contractors rescue cow stuck in ditch in Otley BBC,financial_distress_or_crisis,
RELEVANT,7,Yorkshire Water,Water,Google News: Yorkshire Water,news.google.com,2026-07-21T03:30:00+00:00,'They saved my cow': Yorkshire Water team praised after unexpected Leeds farm rescue - Yorkshire Evening Post,https://news.google.com/rss/articles/CBMivwFBVV95cUxPUTh3alF6a3dMcHUxS1lTbF91eE81cVFFNVdBbFVpVFBjNnp5bFB4Mm42aTNPWDJuNjZRckFKald4S0pGcFJlYjZtajRSczhSU0ZTcjU5cEVsMm9leXlfMUZmYy1fZ3pKYmJJVjlhR2wxcmtCeHNDTGo0NG9oNDYxMEstazhDREVaU2RpRGNyMzc2WWRYeUlldHRyOTRhWEk1OW1fR1YzNU13Wm1mLS1OOUUtSW1BaS1JSEd5YXJHRQ?oc=5,'They saved my cow': Yorkshire Water team praised after unexpected Leeds farm rescue Yorkshire Evening Post,financial_distress_or_crisis,
RELEVANT,7,Affinity Water,Water,Google News: Affinity Water,news.google.com,2026-07-21T21:00:00+00:00,Herts hosepipe ban may last all summer and flouters could be fined - Affinity Water - Watford Observer,https://news.google.com/rss/articles/CBMiqgFBVV95cUxNdjlubFd5MllkR0ZiNXh4dDJkQmNiWnJiSU1rZTlaU3JwdXdKbkNaSUU5UmhTY3ZmblRQY2xhZC05TzU2QThlb2hUd281ZGJiOHctNjZ4c3ktWVFCYVZVeEJNUXZ3b3NDblVHXzVERHk4V3J3MHpCQjdpLWJ6aTQyOTV5WFRmclhHMGVfNFpnWWxUWjdNSGxxMHNfZFhoeVFXaWNPSkdtNldzdw?oc=5,Herts hosepipe ban may last all summer and flouters could be fined - Affinity Water Watford Observer,regulatory_and_compliance,
RELEVANT,7,South East Water,Water,Google News: South East Water,news.google.com,2026-07-24T14:01:00+00:00,Tunbridge Wells urges Burnham to put South East Water into special administration - The Telegraph,https://news.google.com/rss/articles/CBMirAFBVV95cUxOckVPV1owa2JtSHV0ZkFEamlVcElhUXhfN0lPV0dZYWxLX3NLbzJxVDdpQzQ2bWJNTmo1Ulc4LTJwZEstWlBxeUpNdV9kOG8xaXNEZ2ozYjRUZ01NekxwdkltZnJWTmhDSGxuVWhRcjI0Z0NZdC1abXFlVGx2eDViM2lUcXN4NFNUQjZLSzBvbTd4eERDMk9Gby13elNZeF8zQVRzMXltaHRtNmZ5?oc=5,Tunbridge Wells urges Burnham to put South East Water into special administration The Telegraph,financial_distress_or_crisis,
RELEVANT,7,South East Water,Water,Google News: South East Water,news.google.com,2026-07-24T23:25:03+00:00,South East Water downgraded to BB+ by S&P Global Ratings - Investing.com UK,https://news.google.com/rss/articles/CBMixgFBVV95cUxPcjJSRkdFcHVaZ1VDUGt3WUlSLUlNbjBpU2E0ckx2bVQ3YVY2LUpJcmRYdFU1Uld4RUp6VHZXaDJZNlhyQlhhc0VuR1dsQzhUNEJJdm02ME4wLXExOWF0T3R6VmZnc2E5ZXNSY2YtTFlubHl4MkVVYVJQYnhxaUZNVUtJVk41SWgyS25SMVZTelNodzhVNE1RdXBxc2ZWaEoybkFSRXJKV0FlNHg1UTJtN21taW01MkN0SWNoMmRUdGcwV1dndmc?oc=5,South East Water downgraded to BB+ by S&P Global Ratings Investing.com UK,financial_distress_or_crisis,+1 other outlet covered this
RELEVANT,7,South East Water,Water,Google News: South East Water,news.google.com,2026-07-23T09:20:38+00:00,Thousands hit by more South East Water outages - BBC,https://news.google.com/rss/articles/CBMiXEFVX3lxTE1NeUV1MHBza3l3NEcyeFU5a3lROW1IRXMzbEFDMTB3emtfUlk1RUgzWTVKN1luTTdwa0dnUGJEeVNzajVJTHktOUR0Rk1JUzNBeDN0cGVvUEczVkpn?oc=5,Thousands hit by more South East Water outages BBC,customer_and_service,
RELEVANT,7,South East Water,Water,Google News: South East Water,news.google.com,2026-07-23T11:56:00+00:00,‘The work of turning around South East Water starts now’: New CEO pledges changes on first day - Kent Online,https://news.google.com/rss/articles/CBMipwFBVV95cUxNNEF5VVAtNllzZlRsbE10NG52aG5HTXdtNkhLN2tqMmViTkVJUGo5aGJuSEJRMW9feC1aX2F2VnhDdXlWWUxVNmNTc2U1ZTFxdHJNRzQ3bXhUWmpYZUZ6aFJWVnVWTzF3X1VUYUpxMlZFU1hsSW4tempsWFRvNGNaeWx2a1J3MVR5Z3FKWjZ1bXgzY3Q4eXdzdDYyR2ZGWHZGVTVRZWtaVQ?oc=5,‘The work of turning around South East Water starts now’: New CEO pledges changes on first day Kent Online,leadership_and_governance,
RELEVANT,7,Welsh Water,Water,Google News: Welsh Water,news.google.com,2026-07-24T04:35:02+00:00,Welsh Water launches market engagement for largest infrastructure investment in its history - Water Magazine,https://news.google.com/rss/articles/CBMi0AFBVV95cUxQLVplRkw4cGctNWRZMVpscXhWM2VQTENyMDBpZFdOYjI5Vkk4bVlzSERDNVJtMjZQT3VHelFfYnZTOGdQWFQ2em15LXZ5ODBZZFRQOTUwQjNiMWwzOXpDM3ZUZ1JlNUNmOTNGb19GeWdwbzhMZ1VDYzN1d0pBbXBrQmR1X0VmODJQMERsYjJiekRYQTR4T2N5UjFYYmhGdjFsRTFDQXBTTzdlZUtVWGRvd1FrX0NoV0h3dXZzXzZaNmJUdERCbm5mUDVoM1k3T1pY?oc=5,Welsh Water launches market engagement for largest infrastructure investment in its history Water Magazine,investment_and_capex,
RELEVANT,7,Scottish Water,Water,Google News: Scottish Water,news.google.com,2026-07-21T08:24:31+00:00,Scottish Water awards digital contracts worth £230 million - Project Scotland,https://news.google.com/rss/articles/CBMilAFBVV95cUxNcjVCNklobTBhV1gwUDJQR2N1eXNvcHFiMm8zSjBDWjF4Skx0Sm5rNTRSWDhiazR6azVFN29teldOeVRsaFlaMWVVQjY2YnNFVHFTemhHejRGemo5bG9JNnZCMDlpcm1Vd2FfY0VKbEZyV2I3c1FoSXBDa0psTGxZX2FhX3BmbXQ4cTJZZC1IS1l1UVNX?oc=5,Scottish Water awards digital contracts worth £230 million Project Scotland,media_and_events,
RELEVANT,7,NI Water,Water,Google News: NI Water,news.google.com,2026-07-21T05:00:53+00:00,NI Water launches consultation on Article 161 Sewer Bond Incentivisation - Water Magazine,https://news.google.com/rss/articles/CBMitwFBVV95cUxOOVVNbmV5YkNZY2lMZDhSSERkMmh5dWxiM3FQXzhjRk5JVWtreVBxeUxfajRGSmZ4aHdNTWgwbEpWSV9nZDVrcVMzZmxWVHI5ejRBZm9oYmlBWDg2NVh6c3JlcUVjVVA3R0N6aFRzTnRtbXd3bzhLYXFNZ3NqazFFaW1IYlZKcXdYR2ZxQWRLT2gzRURXQmQzTWdIVlhHOWUyNld6dEVGWWJnaHRUUXVoMXVQNTdQUjQ?oc=5,NI Water launches consultation on Article 161 Sewer Bond Incentivisation Water Magazine,regulatory_and_compliance,
RELEVANT,7,Ofwat,Regulator,Google News: Ofwat,news.google.com,2026-07-21T05:00:04+00:00,Ofwat consults on tougher enforcement guidance for sewer flooding - Water Magazine,https://news.google.com/rss/articles/CBMirgFBVV95cUxNa0xtQ1g2S0dBZVpjOHV6cXVRclQtMDJRUTRUQnZZUGtkeWpZaVVVRjFlMmJQR0t6ZWhLYkh4TTNSVlQ3U3N6WkI3T1dTOTlnYXJLdFYtdzdMQ0hxdng0RmVaMlhnVngwdGkwc3ZxTzBwOXdINXlCUzNvSkN1ZUxUdEc4bFplN1c2aENfZ1dUakN6MUpDMTZHbWlaLWpiMlVicXllZnRoaHRDUG42Unc?oc=5,Ofwat consults on tougher enforcement guidance for sewer flooding Water Magazine,regulatory_and_compliance,
RELEVANT,7,Ofwat,Regulator,Ofwat News,ofwat.gov.uk,2026-07-21T08:00:33+00:00,Business Stream Customer Protection Code of Practice Undertakings,https://www.ofwat.gov.uk/business-stream-customer-protection-code-of-practice-undertakings/,"Ofwat identified potential concerns with Business Stream’s compliance with the back billing provisions of the Customer Protection Code of Practice (CPCoP) following receipt of a customer complaint. We engaged with Business Stream on this matter […]
The post Business Stream Customer Protection Code of Practice Undertakings appeared first on Ofwat.",,
RELEVANT,7,BT Group,Telecoms,Google News: BT Group,news.google.com,2026-07-23T07:09:33+00:00,"BT braces for loss of 800,000 customers as it banks on fibre to keep turnaround ‘on track’ - City AM",https://news.google.com/rss/articles/CBMisAFBVV95cUxPZE9hTmRrNXlibDY1RlJ3Wmh6bXNTWHdVRUNGTEFJeTR5SjBuMWNtSFQya3NVQVM0RXlpZElFbzdLU1RVSHVWd191Yno0OXBPYTE3am9BNFFDeFh0WmtjaGV3S3djVHBGU0JJUGtGQS1TYVo0YnlMQV9KcksyZ2Vqc09uT01rSElNWVFpU3Z5MTIxWEZ4RDcxcHBkWnExblkxUzRHWjIxeFcxME8zcmh2cQ?oc=5,"BT braces for loss of 800,000 customers as it banks on fibre to keep turnaround ‘on track’ City AM",strategy_and_transformation,
RELEVANT,7,Virgin Media O2,Telecoms,Google News: Ofcom (telecoms regulator),news.google.com,2026-07-20T15:39:12+00:00,Virgin Media fine exposes subscription trust crisis as 89% of Brits condemn cancellation hurdles - InternetRetailing,https://news.google.com/rss/articles/CBMixAFBVV95cUxNdU96YWVrZEVNNFhmcmx1cGxvSmc1dEN2SGJTTnl3VnhaU0NOck9UcVFYOEQwNVMzMnVaT2IxRWQwdHhfUkVXRHdTN09QMC1mcWVuODh6VHZGck0xUC1UeXhCTzAwS3ZVQmt3dWs3bjlJdno0RUhrUXBIM2hxMnpDRXg2Q282b242MWI4RjRIVkNHNmVfWDJSWmpWX2t4S1JaeFVGZ1lpZzl4WkhDR2ZZdUlaYXpQdTl6emJmN052Tkk1U0Q1?oc=5,Virgin Media fine exposes subscription trust crisis as 89% of Brits condemn cancellation hurdles InternetRetailing,regulatory_and_compliance,
RELEVANT,7,DCC plc,Electricity,Google News: DCC plc,news.google.com,2026-07-27T06:32:31+00:00,DCC Energy Agrees £5.75 Billion Acquisition By ECP And KKR - DirectorsTalk Interviews,https://news.google.com/rss/articles/CBMirAFBVV95cUxPa0xSbGstcDA3Vmh3WHg5UUYxdXZYWXlLdFBYeWR6Zk9zQXpTaHRGMDRvYzJWbi1LOExRbkJ0ekoxdUF5OURCWlRYNXNEZnJGOWNqZTNQeEh1WGtrdUxfN2IweVVTQktneGdJdHZBeUhQaThOOHo4amJQdnBGSTk0dDhjZU9WMk5xY0tEcTgyRENyWmVHVUlRd000VDVnYmJNeU9QcHlkTlpzcHF1?oc=5,DCC Energy Agrees £5.75 Billion Acquisition By ECP And KKR DirectorsTalk Interviews,ma_and_corporate_activity,
RELEVANT,7,DCC plc,Electricity,Google News: DCC plc,news.google.com,2026-07-20T10:41:07+00:00,Barclays Capital Securities Reveals 3.42% Stake in DCC plc Amid Takeover Bid by KKR and Energy Capital Partners - Kalkine Media,https://news.google.com/rss/articles/CBMi7AFBVV95cUxOQ0ZKZkZ4Y2ZtTkVyb0UydS1rc0RoVXNBNFdnUmpSYzJzQ0ZlUGVoYnVGQTYxbDR0azVrbEtuVTJEYmpHNlhGOXE4YlVsU1hEUHhucXNkeUdMZjB1c0kwVDdBVFdmTkJnMGdFNXpTdzNOU01XUmNFcVJFSDlQNHhhSDNfQ0RhaWJXVFRTWUJEYTl1d0dyQ00xNmxIUnVpRkRoUHJKMUtacWlSbk5PWDVIUGJoR3oxUTE1aF9ieF9jUHlmdWQzZTFudWVPRl84a1FHWi1PVGlCYUZULTVLOUo2U1ZfcWxiaTBhVEtyOA?oc=5,Barclays Capital Securities Reveals 3.42% Stake in DCC plc Amid Takeover Bid by KKR and Energy Capital Partners Kalkine Media,ma_and_corporate_activity,+2 other outlets covered this
RELEVANT,5,Thames Water,Water,Google News: Thames Water,news.google.com,2026-07-23T11:09:28+00:00,Thames Water hosepipe ban comes into force for millions - BBC,https://news.google.com/rss/articles/CBMiXEFVX3lxTFBMcHJHck5jdnN1S1V1dHNVSDBJLXFOaTJXeE5xTmtkMkwzQTlhdUtMd2g3VHdIbWJKOWRzOG1XRUZSa3B5V1ZjNm9vbkVXbWh1dE1NMTZwZC1OQjFT?oc=5,Thames Water hosepipe ban comes into force for millions BBC,,+1 other outlet covered this
RELEVANT,5,Thames Water,Water,Google News: Thames Water,news.google.com,2026-07-23T11:30:00+00:00,Burnham cannot snatch Thames Water without payment. No one would invest in Britain again - The Telegraph,https://news.google.com/rss/articles/CBMimwFBVV95cUxQOFRncHp5OEQyNFF5OFlJazM3b1p4alc1ME9Tc0c0Zm9aaUhxSWVnYjE0V2h6SWJoY1BLYTJBaU1HeE5OQzg4ajEwRTFtXzZBRENPdUY2NXBBRVpkN3h0NG52Qm5kUllmbHVENXhmNURoTnpGU21WZUY5dHpCTVZfdmlZTW1zMGg0NjA3RFBrdGttUXNtUDRJQVFZWQ?oc=5,Burnham cannot snatch Thames Water without payment. No one would invest in Britain again The Telegraph,,
RELEVANT,5,Thames Water,Water,Google News: Thames Water,news.google.com,2026-07-23T05:37:50+00:00,Galliford Try secures £47.5M contract at Thames Water sewage plant formerly labelled a ‘cess-pit’ - New Civil Engineer,https://news.google.com/rss/articles/CBMi3wFBVV95cUxQdFFRak1EYXZDQjF1UFV3V2tiS0ZkdElBYmk3T1RPOUZscWQ5OFBwYmNtV3F1YjljZlA5MUt5WlpJRnoxWldqTWVKQlRDcXZ5ckVjcDI0ZmxKeExrY3Q0WWV6a0ViZkRtSWdsakk5S3FQX0xPdEUtTjlFSlRBaXVlaUZyekMzNU44Mml6R1ctX2Raa3lJNEd4TWxqcWF2WS05cFNLM2VtWWVKMXB6Q01kUE1YTlM2cU1pdkFDdHpNSTFwWlY3Q0cwZVJWaEc4WDh3NnRvbmVRRlVTejBRMXVZ?oc=5,Galliford Try secures £47.5M contract at Thames Water sewage plant formerly labelled a ‘cess-pit’ New Civil Engineer,,+1 other outlet covered this
RELEVANT,5,Thames Water,Water,Google News: Thames Water,news.google.com,2026-07-22T01:31:00+00:00,Thames Water joins hosepipe ban as England and Wales approach drought status - The Guardian,https://news.google.com/rss/articles/CBMiqAFBVV95cUxORDFTbFF0WU1kTW5PUjZuNkxjWmNzdzViSjZtWUtTT1F4M0ZmY1V1bUhYeDVQWDlUZzlSdkFZSS12YjZiTU9XNy0wUE93S0paV0VndVRVbnNNazRHby1TZmdjalJDNF9yaVlFeEliM2NpV2VkOU9XNllpb2dLdE5SdmhUTTUtT2syaUM3TGlYTWJpV3RBNURIcGJlZUpQalU0dDNVODQtU0o?oc=5,Thames Water joins hosepipe ban as England and Wales approach drought status The Guardian,,+1 other outlet covered this
RELEVANT,5,Thames Water,Water,Google News: Thames Water,news.google.com,2026-07-21T10:15:44+00:00,Thames Water announces hosepipe ban for 10 million customers - BBC,https://news.google.com/rss/articles/CBMiXEFVX3lxTE1aeUVfUEF4UGhOVVE2cFZWRkx1TTRmRFJsemx2VWhMVVAzS1RzWUxJa0hJQS1LNDVxTW5XT3BiaXZLdHVqYm9VV1hsN1Z3TWFoUE8yeUhaaWRsXzdC?oc=5,Thames Water announces hosepipe ban for 10 million customers BBC,,+3 other outlets covered this
RELEVANT,5,Thames Water,Water,Google News: Thames Water,news.google.com,2026-07-22T01:31:00+00:00,Burnham has forced greater clarity at Thames Water. Now he must choose - The Guardian,https://news.google.com/rss/articles/CBMi2gFBVV95cUxNbGNWdnQzYzlwc3FZbng4QnpXTkVhUFdvdkk2U0NxRlk2VXlFSHRkYWVXbWhJWm9hX05RNFJobVNGRnk5ZS1NWFI1VWxfanRaZ2YyeWFDazVpRVFEclJ1b2JUYmFZUW05ZHctUHBXUENINll0M0JldThEUDZ4bjJ3WVgwQTNTLVN6Y01PeWVjOHdfU2IwWmdwMkRwcFZHV3NsZWNvaEQ2QVR5dC1XSThUOUdyQVhLWHVoVjRhZ1IwWDJPZnp0V1lETGVaYXF0ZlFXcnJXTWJBeUo4dw?oc=5,Burnham has forced greater clarity at Thames Water. Now he must choose The Guardian,,
RELEVANT,5,Thames Water,Water,Google News: Thames Water,news.google.com,2026-07-21T10:54:00+00:00,Thames Water lenders willing to offer Sadiq Khan powers over company - The Telegraph,https://news.google.com/rss/articles/CBMirAFBVV95cUxOZkNzdlpaQmF1ZnRsNm4wMFd4TmwxLXVsWE5UaUc4ZGR5aVhBV3BRR3ViSGNZMW4xWTNrbFhNUHVlTU9CdHVsUlFWN0JSdHpoem44aHFvWERsVTN1eFBOV0xvY203Vnc0cHQ4WjdXRC1ldXI1cFB2bGRCeEZ4a1J6UHB2ZDlEUmJHd0M3Z0VmaDhhM2xnQUFfMVloZ2I0VmlGQlZzNExIUkhKNkhh?oc=5,Thames Water lenders willing to offer Sadiq Khan powers over company The Telegraph,,
RELEVANT,5,Thames Water,Water,Google News: Thames Water,news.google.com,2026-07-21T17:12:43+00:00,Everything you need to know about Thames Water's hosepipe ban - BBC,https://news.google.com/rss/articles/CBMiWkFVX3lxTE9KZTY5TXZ3VTllem0tdDJsaFI4WUczUVk3b2dGeFRCOFFibzVIQncxVV83SDdGWklKMy16VGdYaHhGMTgzN002VERUUm1DZmZVT1V2S0xObHZYQQ?oc=5,Everything you need to know about Thames Water's hosepipe ban BBC,,+3 other outlets covered this
RELEVANT,5,Southern Water,Water,Google News: Southern Water,news.google.com,2026-07-22T12:46:58+00:00,Ex-Southern Water boss among four charged over alleged plan to manipulate water tests - BBC,https://news.google.com/rss/articles/CBMiXEFVX3lxTE1pRElJZkVSaWE0QzBSbFYwM1E1aDY3TmRNYWZHVlFPY2FUeXktYTd5cnVkWWw4NjZadzZWQXNRdXVhY2ZnY1ZtTlNEeGh1QWFSbG1BTDNsUTVyOGdY?oc=5,Ex-Southern Water boss among four charged over alleged plan to manipulate water tests BBC,,+3 other outlets covered this
RELEVANT,5,Southern Water,Water,Google News: Southern Water,news.google.com,2026-07-22T12:17:01+00:00,Southern Water and ex-CEO face criminal charges over wastewater tests - Financial Times,https://news.google.com/rss/articles/CBMihAFBVV95cUxOSUo2Zi05elhQb3lucU1KVmNnczAwTTVCWFpkTDc5NkR2MHRpejkxaVlXSkZMNEszNzZjYUhfTGRLMGhVcWE5WVVDampXUXB3S3pOVDlUOE0wSXpPQk1MRXVlU3psZHltd01vV1dqQWg0TUs0QzFRQUVFUnR4R0RBb2k3Rk4?oc=5,Southern Water and ex-CEO face criminal charges over wastewater tests Financial Times,,+3 other outlets covered this
RELEVANT,5,Southern Water,Water,Google News: Southern Water,news.google.com,2026-07-22T16:06:38+00:00,Former Southern Water CEO charged with fraud for 'manipulating' wastewater testing - Reuters,https://news.google.com/rss/articles/CBMiywFBVV95cUxORktVNzBDdkhWZFFXbUR6bzliOUNKTlA5ZmxROGpvWExiaVB2SDNlczVPTmotcEswakh0T1dlbG84NGhQeTZNQVptbHVuWDdJMTA4cHowcFh1M3VPTlg3MnVaX0hoUzQ3RkR6N1dWZ2U0QW5sX0VzM3VnaXdNeTVuaW1TREU4OGJ0bWk5N1hoNzhDamw5N2ZEcGRlT3pwRWNpQlFBM1RhdmhfUjJSM3FrQnVQYTdmbkdrNHhvb0JwbXVKWk90b29ZbzZ1UQ?oc=5,Former Southern Water CEO charged with fraud for 'manipulating' wastewater testing Reuters,,
RELEVANT,5,Southern Water,Water,Google News: Southern Water,news.google.com,2026-07-22T17:00:00+00:00,Former Southern Water boss charged over ‘plan to fix water quality tests’ - The Times,https://news.google.com/rss/articles/CBMiyAFBVV95cUxOR0k2VkFjMHYtNDdhdFpxUXMzZzFmWlp6V2Qtd1h1T2pUS0k0d0dEMWF3UnRiTFpMdFV6bkg4bldPWDBLS0N1RDVBRGRoSjZ0VHRqX19hRVN5NXRMUzBzT3RudXhlbmNBRkhGRXdiV0tCTmZVWHh3ZzdCRGhjeEhrTXhWbW1EbzdHUTY3Y3kxUlloOGtUU0ZzOWZwZk9vWGtQRTliWHdDWUV3Vjh5WHY5ZU9SSUdaalVrdTRZZXB1TWdVd3pYdlRVNw?oc=5,Former Southern Water boss charged over ‘plan to fix water quality tests’ The Times,,+1 other outlet covered this
RELEVANT,5,Southern Water,Water,Google News: Southern Water,news.google.com,2026-07-22T18:00:12+00:00,Who are the former Southern Water executives facing prosecution? - The Times,https://news.google.com/rss/articles/CBMivgFBVV95cUxQOUJEcV96TGhmOHY2Y0ticldJNEZMWDhWVHpGYWMydkZaS0ZaTWJDWDFuQXhKdlJwLXFsWUhEcUE1NjNXVzUycmZGT2FUa1lMSDQyLUZVRVh4b1ZKdDFReFA0d3lmM0FWTGxid2phNkVDRzlROWhGT0dmNjQ1cWNJZGJ2aV9yNjh4NHpIeFE2UUpqZnhXZHhJU3FPTFYzOU45ak4xYk1ZanQyb0gzUjJYcGtIc2VfeW5zc01KV1dR?oc=5,Who are the former Southern Water executives facing prosecution? The Times,,+1 other outlet covered this
RELEVANT,5,Southern Water,Water,Google News: Southern Water,news.google.com,2026-07-22T10:40:54+00:00,Southern Water To Invest £20 Million To Cut Storm Overflows Across Isle Of Wight - Isle Of Wight Radio,https://news.google.com/rss/articles/CBMitgFBVV95cUxNdTZUQlFVWXFiVmR3MmZtMFhKajRwNkVBOUZycmUxU2tSQXNVTHJudDI5MkVsU1J4S0lmeWNZZnBvWkFRLTFHQVlxM3hKYnJSSE1IUE9IVFN0NU40ZG1sQ0Q4bUVRMEJkbV81bmROcmNUZTBjZXFQUDJvd3kzckp4M3NjUm1rV2p0aTNBOXc5SkE2c1BDaDY2dU9Sb29naUk3dUJZQ2FSVUoydkFWY2dCSWFWT0FKZw?oc=5,Southern Water To Invest £20 Million To Cut Storm Overflows Across Isle Of Wight Isle Of Wight Radio,,
RELEVANT,5,South East Water,Water,Google News: South East Water,news.google.com,2026-07-24T11:07:33+00:00,South East Water Strikes Deal for £200 Million Liquidity Boost - Bloomberg.com,https://news.google.com/rss/articles/CBMisgFBVV95cUxPd3RsOUs5NGlVMnpWQWF3VTE5a1lPYU5UNGh4cGthWGxsaVFnWjdxd2dqLWdEdEcwTDFUVFo0dmQ4aWlaMWt2ZmVnT0JhZUNrNnQ3MVlnbDNRREZhbHEwZkRUSWRCNTVLUWN5dTF0MlJWbDZsX0hHSFYzVHEwdjZXZlVQVV9XSWJwTERqYWwxa0RtbTBZSFJ3TFFhN3BVb3RybjZmZEM1anRBUUVESDc3OUFB?oc=5,South East Water Strikes Deal for £200 Million Liquidity Boost Bloomberg.com,,
RELEVANT,5,South East Water,Water,Google News: South East Water,news.google.com,2026-07-24T12:22:17+00:00,South East Water secures £200m from investors - Utility Week,https://news.google.com/rss/articles/CBMie0FVX3lxTE05RGg0N2tUMXg5WjIybXB6LUR6WlQ3dkxaeVhqY3FQdEYyQW5wYXNUcGMyNHYyMXJBdkRYSzdoOVhFODNJWFQ5MmpjU0l1MWxReE53TzRic3FBdjJDdnBObXdqVTNSMWl3S3NfRnF4ZzhIWUxuYXRvOTkyd9IBhwFBVV95cUxPaTQ3OTNJZU5zRndOZEI0X0IzNjZ6bS1aU0w3WjNDUzAyRDZPcDJhSmZmaEdFS0gyakU3T19zWmpIckZYdlVhNFBIVTRzdnptQVQwaVRjeW1jbnY1cl9oa0NheElJdVRpSjF6X0w0S2tGOXVkQmxiYk5Xc2JsdTlHUlJGMlFwUVk?oc=5,South East Water secures £200m from investors Utility Week,,
RELEVANT,5,BT Group,Telecoms,Google News: BT Group,news.google.com,2026-07-20T17:21:34+00:00,UK's BT Group shareholder sells substantial position in $224 million offering - Reuters,https://news.google.com/rss/articles/CBMixwFBVV95cUxPbnBabVdVNklPVlBCY1hjZDNwUGZEMnotNE5YOU42ZDFkNi1WUG5rVjhTandiUi1GYjBXN1EyOUdaYllWS3ZJWEFvcXgyVk1GeUhSRkptc0c3a3RKTnNCTEZSTzY1QlN5MFhncEgyc290SFVsb3FINTZ1TEdwWE5MR0E5ZlRIYlBVMFVnb2dsaHhoMGtyRUE5OGVkcnlIdTVpUUxQc29DbkxFdzVGdnF0czRxUkNlbVdCcEhOOHFJSlo2WWkzempB?oc=5,UK's BT Group shareholder sells substantial position in $224 million offering Reuters,,
RELEVANT,5,BT Group,Telecoms,Google News: BT Group,news.google.com,2026-07-23T09:51:19+00:00,BT Group reports flat revenue of £4.3 billion in Q1 - Comms Business,https://news.google.com/rss/articles/CBMimgFBVV95cUxPdF82S2d2aVp0X25vWUpUSlEwQnRDVkVjTW9uSFZWQWVVTGlXQldDZF9FcTRHS29ycWxqT2hBRDFGdWtLd0M1NndGQ21BWWFDOUlHTmVUT2Q2M0pIcFlqU01WWXA1TkVMVExmUTBWNWtLMG9Cc183NnFDblY1NWRZZFJJaHhiaG5SUUJnMGdYN0l3S2drcGRSR3JR?oc=5,BT Group reports flat revenue of £4.3 billion in Q1 Comms Business,,
RELEVANT,5,Tesco Mobile,Telecoms,Google News: Tesco Mobile,news.google.com,2026-07-22T16:15:53+00:00,Tesco Mobile breaches £600m debt facility after reporting failure - City AM,https://news.google.com/rss/articles/CBMikgFBVV95cUxONkkzcFFKbkV3Ni1JNWdyQTdLSVI1UUJ0SG8xa3ctNWNSdjFkVmR2Qk4xalhoVG5HYXFQWEw5WmNaQnA1Yk9IOFBBZVhVbHpVYVgxcXdLSjZYYjE3SjNPd21MWkpieUNsRnBHRkRldi1HTFpBVWNZeFl3SlZDYkRBTkhud2djaEIycmJiYlBuUVFBZw?oc=5,Tesco Mobile breaches £600m debt facility after reporting failure City AM,,
RELEVANT,5,Vodafone,Telecoms,Google News: Vodafone,news.google.com,2026-07-27T06:21:00+00:00,"Vodafone ups guidance to include Safaricom, see earnings at upper end of new range - Reuters",https://news.google.com/rss/articles/CBMivgFBVV95cUxOSG82cHFOck44YTVhWHhJc0Y1a1U5ODg3Y0V1RHk2ZV9faWpnN0ZubVpPMUxXd2tQMWNmUHZwTVVzT29GWi1tRUtxNkR0SDNhbGs2NkhpZXRlamIxMkxudE1pX1RXc19jeEo4OGttYnNSMUl2VERIRU5DcG81UlJvakxmWm1MNVlBM29qTy1MU1k4RkNOQjJXWUdQZXd3ZjNodFZLS1lBdWl4VDBqaFgwdGk3bkZTeUxZY1VWX29B?oc=5,"Vodafone ups guidance to include Safaricom, see earnings at upper end of new range Reuters",,
