tier,score,client,sector_guess,source_name,source_domain,published_at,title,url,summary,topics,why_it_matters
MENTIONED,10,Scottish Water,Water,Google News: Scottish Water,news.google.com,2026-07-17T21:45:00+00:00,"Scottish Water offices to be demolished after ""severe structural risks"" uncovered - The Edinburgh Reporter",https://news.google.com/rss/articles/CBMiV0FVX3lxTE5RZjdNU1JxYVUzcXVNWGJZSmkyTWhiSk9nNEZqYzg2Y0VVcXJjU200TmtiQWlidGJYTnVmSzFLbGZfNmozalpoZ044c1NSdG5CdlRzbXB5dw?oc=5,"Scottish Water offices to be demolished after ""severe structural risks"" uncovered The Edinburgh Reporter",media_and_events,
MENTIONED,9,Thames Water | South West Water,Water,Google News: Thames Water,news.google.com,2026-07-20T01:43:19+00:00,Thames Water Crisis Puts Pennon And BT Stock In Focus - simplywall.st,https://news.google.com/rss/articles/CBMi2wFBVV95cUxQYjdOcHdCTEYzeEc5ZFhlLTVfVWozRWkwOEZoc1hfajRmanB1aFBtYlFfV3NKVzhOTnc2MVF0eTNlZVg2WEcyYzFHNG9jRFFrT0FfN1l6OFJjQjR5bk80aTJBWFJ3b3JhNjRlcEpsSlY5NHZ1WlNSMEMxeVE0N2NJVVRTYW5iaVdKaFVjRlVZZXRaNFg5WTFGQzJrWVBQZm8taTdjNjR0ckszdEJLWmdfRFhKdDgzR0w4ZGtxNXJ5V1lvVXFvMm9Eby1xdnVjTllpWHljQjlkQzVXWW_SAeABQVVfeXFMT3RhZzkyVXRsNTBqZWt6WnNyOGMweUx3a01zM21Xek5SM2h0d0NteFpGNU16YUtXYnM3ZDZnQWtPd1Y0MlNrSU5fMlJLa2pLckdhcG01Q3NIbTBEZm9ESThyT2I4RUQyTlp1NTZraHU1RExrTWZBRWJYdUxpVFZUdWwxS2o5bk1vLWZRdUtkQ01GbEVhTkl4ZFVsbHZ0Y0Voc0w2OVVyLVl5YVBNdDA2MkJ4ZUQyQUNhZ19PZ3d6dnMwWVR6ZE5wQUkyNTRWLXVWb0VIQ3MxeWFOeUlwQ29vVGc?oc=5,Thames Water Crisis Puts Pennon And BT Stock In Focus simplywall.st,,
MENTIONED,9,Southern Water | Ofwat,Water,Google News: Southern Water,news.google.com,2026-07-16T09:16:41+00:00,Isle of Wight Council requests Southern Water review from Ofwat and DEFRA - Isle of Wight News from OnTheWight,https://news.google.com/rss/articles/CBMingFBVV95cUxPQTJwLUNrbzJDWWpRWkZGV1ZELWt4LW9Ja0tLOGtLZVU1VXNsTEdfSkJTbGdadU9OcVYxMUtWaU5DWG1KNE9NRV90Z3ozZzhwemdTWmRhSU0yX09XMHFZNzFPVWRjYlBzQjBCN0dzcVFZbHBhWUloc1VVQ25DeVVJMjBNaGt0YnRkQ2I5ZzBrcmphU29yRkIzckxEZGtSQQ?oc=5,Isle of Wight Council requests Southern Water review from Ofwat and DEFRA Isle of Wight News from OnTheWight,,
MENTIONED,9,National Grid | Ofgem,Electricity,Google News: Ofgem,news.google.com,2026-07-17T11:29:33+00:00,"Goverment, NESO, Ofgem publish Clean Flexibility Roadmap Update - Wired-Gov",https://news.google.com/rss/articles/CBMixwFBVV95cUxNVjRta1hhbjQ3b3dQYzlNZlgzeFBFTmVmaV9iQWl3cjVuZWdoR0Z0N0xIMXZ5clF3aVhiTXo1VTl2MzQ1cHo0cFI3OWQwV0YtVENrSjFpYWlZM053WUU5MWhlbi1NdWhjZEJrN3JfdE9fSmVyXzMwZWl5N3d6MnMyODVZXzRsemZnM1VGamZ5T2ozTXRnaHNxQUVCOU9xSmE3eGZZdl9DckZET2RuNy1lWnpBR3lHdy1vaExPOEk4QnMzcUhsYlhR?oc=5,"Goverment, NESO, Ofgem publish Clean Flexibility Roadmap Update Wired-Gov",,
MENTIONED,8,Thames Water,Water,Google News: Thames Water,news.google.com,2026-07-15T11:12:29+00:00,Thames Water's fate hangs on Burnham as cash runs out - Yahoo Finance UK,https://news.google.com/rss/articles/CBMigwFBVV95cUxQY1Bfb3JCQU5KMWFFWlhqX1BnUU1SdVBkaGdEeUk4RWE2N3FIUGkycnZ6aVd2ODIyLVotZ3FGdHZYOERhamV3d1ZSczFCV3I1alltajI1S1ZJMVNxVjRvVkl2dWNwX1BwUnJ2QWtNUW9oR3JYZ09zeGRNcnlFR25DUzFDQQ?oc=5,Thames Water's fate hangs on Burnham as cash runs out Yahoo Finance UK,,
MENTIONED,8,Severn Trent,Water,Google News: Severn Trent,news.google.com,2026-07-13T11:33:00+00:00,Severn Trent says use less water as demand reaches record high - Kenilworth Nub News,https://news.google.com/rss/articles/CBMiswFBVV95cUxQOUFEcWljRk1YZ2tHd2loNGR2U0t0emJBSDJCY2FDQzlEREJXZUI5MVh5R0NCYklsdWlUWk1mT3dZMlBDMkM0WkVLU3hxSDZGazI2bDNlUVVBNXd2dVBMOXhZcXhiMlNFNU8tVVFtMTBqLU9tdkRwMmZGRTEyR1Z0SjdvaVlVYk1BSThnWVZ4bTlRdF9zY281dGIwOTh4bkUwUUcxMHotOHBrbDdJdHYtd29oNA?oc=5,Severn Trent says use less water as demand reaches record high Kenilworth Nub News,,+1 other outlet covered this
MENTIONED,8,Yorkshire Water,Water,Google News: Yorkshire Water,news.google.com,2026-07-15T03:59:26+00:00,Restoration work enabled after Yorkshire Water failings - Barnsley Chronicle,https://news.google.com/rss/articles/CBMipgFBVV95cUxOTFpuLU5QTUZmbnc1Y3lvYjVpMl9jb3NzZkFaa3hDUHptUHlDdEVULXZNZWtUQ0VfcGt0V2JDMUc1MVR4SC1RYmI5MTFVZVBMTVRVU3FqdDRDZFdWNWtlWWx0S09uQnRWZkp2dVRJY0dOdk5LOUM1a24xeUVjbDlPT01hVUlqcnZKQzJ6YmhHU2lYblhSMzFuMzVaNEVuSzFjMnEzQUF3?oc=5,Restoration work enabled after Yorkshire Water failings Barnsley Chronicle,,
MENTIONED,8,Southern Water,Water,Google News: Southern Water,news.google.com,2026-07-16T10:34:48+00:00,Council Agrees Action On Southern Water After No Confidence Motion Fails - Isle Of Wight Radio,https://news.google.com/rss/articles/CBMirAFBVV95cUxQTGlYbFhmQkpXU0Y0cGYxNTgyeHNNMlVMRnI2S0RuYnlPSUxwZVdUT25FaERGS1ZPWVVwM2dIeGo1ZlV5QmR3c0t6bHYxRk1vbzloU3pRMU1UV1p6V2hPai12TTl6VlNlZl9SVHZDUmxOelNoSTF4TWZLV1NST215M0x1cHNhR1RvQ2J1c2tuZURZaEthaXVicXNvUTBYVkVoWEdZT24tbWhMZ0xU?oc=5,Council Agrees Action On Southern Water After No Confidence Motion Fails Isle Of Wight Radio,,+2 other outlets covered this
MENTIONED,8,Welsh Water,Water,Google News: Welsh Water,news.google.com,2026-07-15T17:03:41+00:00,Welsh Water warns of restrictions in stern message to every household - The Hereford Times,https://news.google.com/rss/articles/CBMimAFBVV95cUxQd3dHQkJjaWtxSG1sWWthNUFReW1PQkZOM1FEd1JtRW94dGk4dXZUaGNHeWZEZHpJOG1yRFI4TU9aY1NHcURGbWdnMkgxQ0JqZW1yMmRGUjFMdUE1U25UTG9lUDlGTEd5aUVQY29KaHVqN1Fyc3A2ZXJxckctRnN5YUdoSkE5Y2l3dF9Bb0tJdzg3THdfaXIxUA?oc=5,Welsh Water warns of restrictions in stern message to every household The Hereford Times,,
MENTIONED,8,Welsh Water,Water,Google News: Welsh Water,news.google.com,2026-07-14T15:16:25+00:00,Could water restrictions follow? Welsh Water issues appeal amid heatwave - The Western Telegraph,https://news.google.com/rss/articles/CBMiowFBVV95cUxPWmducFlsMGt5NlEwRzBGQnJKSVpHejRpWTJFOUJkTHpDMzFTR1d2VGdSdVpTUG1uZEpGYzMxR1l4a0VMeUpQU3gxMlRPOXBSejJvSUVXNGUyQlo0czRyekd0OWJQdXlWb1BabUZzc2FJSlZIQ0stX3dnZzBQaVZPOVg4TERQWnRoTGlOMmpiZkxYWUFXLW9kbnh4bGIzSmVwNjdN?oc=5,Could water restrictions follow? Welsh Water issues appeal amid heatwave The Western Telegraph,,
MENTIONED,8,Welsh Water,Water,Google News: Welsh Water,news.google.com,2026-07-14T04:05:51+00:00,Welsh Water issues statement as it struggles to meet demand - The Hereford Times,https://news.google.com/rss/articles/CBMimgFBVV95cUxNbDBVSUI3OHY5V1FWMUl6WFV4NkxPTkF1OVBiTVY2QVNPdWc0ejFvM2NRSDJPd3J5ZVByMWlQVEZSVzNoVDZpVzR1ckZTU1JpQ2lpNG12bElmZDM2MHJ5bnVMTDRvTlo1WllCaldtTUFjdG4zV3hOaTA2aGhxbzhZYW1jSXp2Ymw3TEVwbU5CaTlGLWpWdWNTNmFR?oc=5,Welsh Water issues statement as it struggles to meet demand The Hereford Times,,+2 other outlets covered this
MENTIONED,8,UK Power Networks,Electricity,Google News: UK Power Networks,news.google.com,2026-07-16T10:25:51+00:00,UK Power Networks upgrades EV charging planner tool - Transport + Energy,https://news.google.com/rss/articles/CBMimgFBVV95cUxPMlp4SGFBaTBNWC1VU0dPQXQtY1NVSDU3M25lakhfNC01STFnbXRadkF1QzFQYklUSFZCU3N4My1vM0pURDNFcGc4aUVSeWlHZHd0Z1hick1mTHdKUkFvV3p1X3V4Wk9XYlBHbE9YbGFCek0wNEdtVzk2RF9hbE5YUU9QclVXM0cwLW1fVngza0FIZ0p4RzZFalJR?oc=5,UK Power Networks upgrades EV charging planner tool Transport + Energy,,
MENTIONED,8,Ofgem,Regulator,Google News: Ofgem,news.google.com,2026-07-14T14:37:43+00:00,Ofgem Ensures Independent Review of Heatwave Operations in UK - Global Banking & Finance Review,https://news.google.com/rss/articles/CBMinAFBVV95cUxPRWh0Sm9PaXB3TnFKbTNjTDlRN240SHJtVVNxcUlGWlZrak1adDYydnZmcW85MVBoTzN5UFFXMDRMZVl0RmtBUUtTSlVENFhZcEtZWFc4ZGxsWWt4eXVSZFlpYnU1LTB0LU1Ub2xFS0xBUkY1aXo1b1ZHMXdrb0h4X1FGaUtWZkFpcjd2cFRBQ1I4V3lnQVNjSDh4Nm4?oc=5,Ofgem Ensures Independent Review of Heatwave Operations in UK Global Banking & Finance Review,,
MENTIONED,8,Informa,Media,Google News: Informa,news.google.com,2026-07-14T08:58:58+00:00,Informa Markets Jewellery combines two flagship shows - Retail Jeweller,https://news.google.com/rss/articles/CBMipwFBVV95cUxPTUdoRU83YkUtNmQ0eEx1RGtXd3RkWWJnbjN2cVB2dEIyOUczRmItcXdRSUZpVXNrUXVQbnhwNEdBUGgxeXZVbzh4WklqbXotVjI5bE9LUXR2UnlBcDVsMWpGX0hMcTlDdFk5YThHeVFEZWZkeElCTUdTc3g5NUVBeVNQWTVzdWhWZnV1TUhNMzRHUmNIblJxZWJncEsxV1FmbnhWc3RMNA?oc=5,Informa Markets Jewellery combines two flagship shows Retail Jeweller,,
MENTIONED,8,Virgin Media O2,Telecoms,Google News: Virgin Media O2,news.google.com,2026-07-17T10:25:11+00:00,Virgin Media deploys AI TV monitoring - Broadband TV News,https://news.google.com/rss/articles/CBMiiAFBVV95cUxQN1YzTkJiMFBBT3hQQ2dfYzV3M01xbkVEdHYxNGw1Q0NjN0ZyQVFOUkpWaUduUUxpRTNkWFhYbnNvRUlSNWEwajJ4cERzSnRQeTRVckRBLUo5UndIVVJHeTRFRWtOTjZyWmNlVVpzYVM1STFLamxPU3hDbmxuWHQxdEg2VG5HRHc0?oc=5,Virgin Media deploys AI TV monitoring Broadband TV News,,+2 other outlets covered this
MENTIONED,8,Virgin Media O2,Telecoms,Google News: Virgin Media O2,news.google.com,2026-07-17T09:53:02+00:00,Virgin Media highlights late-night scrolling - Broadband TV News,https://news.google.com/rss/articles/CBMikgFBVV95cUxOV0NsYWJmNWFCaWF2VTgxblRzcXRVQnhoZ3Vjal9SNHJxTUQ2cVNQNnQ0RDgtOGZGTFFVeUFLY1RsNzJkZXp3akJWTE1YZ2djWVBQUU1aTzJVT09aaGZaRmNUcG1lMXkwUzZTZkpaWjZ4N1pNNGg2d2dCYTJ0TWNPNEFBSlUySTV2MEx3U3I3UEVvUQ?oc=5,Virgin Media highlights late-night scrolling Broadband TV News,,
MENTIONED,7,United Utilities,Water,Google News: United Utilities,news.google.com,2026-07-17T17:22:14+00:00,United Utilities Group: Board Will Continue to Engage With Shareholders on Support - Moomoo,https://news.google.com/rss/articles/CBMi4AFBVV95cUxObkZ6LW1vQ1VxLUJZQ1dqWlQyeEl0STdJbHhTLXhBUVZCTTZDbnIwSlZ1QURXczVycHR5aURDQzR6QW9IOWlxTzZLTnhlMExrcEJSVnF6ZkpyMDJ6dXc1UjNLTkowRDZWWkxBaVg2NkE4WUktTDNfeWF1ckF4djNsN3dCNFU2UUhWMnkwMVhSd3RhUGV1cWVsQUp0RUdtZXQwOWhvY2pnTzVqQXFxeGduSG1WUHNEc2xaSVF2bEFGYVB0ci1rVW1WWFJKU2NMR2I5SEJWWTFPUkh0SGNUazhEeA?oc=5,United Utilities Group: Board Will Continue to Engage With Shareholders on Support Moomoo,,+1 other outlet covered this
MENTIONED,7,Scottish Water,Water,Google News: Scottish Water,news.google.com,2026-07-17T10:03:52+00:00,Scottish Water issues safety warning as warm weather draws people to reservoirs - Dumbarton Reporter,https://news.google.com/rss/articles/CBMiqAFBVV95cUxOb2NLLUFUU1BESnNRY2xNZDN1LTYxLVpSdEw1NFlHXzRHUlByMUV1d1hYX2I0N1dOcVY5anlkejNUeXM2TkdaWW5oZmFfZGlETndBQ3JNRExwMzRoajkteWZEZTBsbWJ0emU5M3pBclpaQWo0RTBSQjFwcXUzN0VTZ2ttcXZtOUdXYy1pTGU1QVpjMlMwVGdIOGhkQmtDM0hBT2JvQlpramk?oc=5,Scottish Water issues safety warning as warm weather draws people to reservoirs Dumbarton Reporter,media_and_events,
MENTIONED,7,Scottish Water,Water,Google News: Scottish Water,news.google.com,2026-07-17T17:37:19+00:00,Scottish Water say works on Alva High Street 'required' amid disruption - Alloa Advertiser,https://news.google.com/rss/articles/CBMipAFBVV95cUxNRi05OTlWQjJWaTBaeHg1VzVJWHhFeC1SNjVWa3AxazVEV21DX2gyVFRFZVUwcFhQSk9BZGZ6ZkdEQmVIeXFXOFRPbGx5eTBfS0phT0ZxcnNjd1JVNExoMWxaYmRYQUYxdlRmRFV5RVd4SG9ueWhhYklrU0pvd0JlbHhBRVhsMXlvM21NU1NvVFIxaUIzbE1vRkRmbWxoTEZaUVpLTA?oc=5,Scottish Water say works on Alva High Street 'required' amid disruption Alloa Advertiser,media_and_events,
MENTIONED,7,Cadent Gas,Gas,Google News: Cadent Gas,news.google.com,2026-07-16T16:56:34+00:00,Cadent gas workers announce strike days - GMB Union,https://news.google.com/rss/articles/CBMidkFVX3lxTE5KVk01SG5maGFWSDc3TldobFY2cnM1SXhSdVZtUzdBSzVmVWJBY1hZV0RxeklFNDZ1cklKUnJJd0FtZDBlVzgwZzNVdThoN09jeThsX2RxeGtNNjlYZC1hV0x0eXMzRkRmWGwtWWlpclVEM25Jc1E?oc=5,Cadent gas workers announce strike days GMB Union,,
MENTIONED,7,Cadent Gas,Gas,Google News: Cadent Gas,news.google.com,2026-07-15T12:06:04+00:00,We’re upgrading the gas pipes in Cookham - Cadent Gas,https://news.google.com/rss/articles/CBMib0FVX3lxTE91WXdUUkFnUGR1QWFYLVZxQmRtdUdaUUNBaGw0ZlotMWxLbmMzZ2JuSzZEa1RQc2dtdVVvTDNZSXhlR1ZUdWdPNEVEcnpBeTE0RU5zOVNWMHVEejZpd1NsMF9rc0J5VGx4ZXJqb1NNNA?oc=5,We’re upgrading the gas pipes in Cookham Cadent Gas,,
MENTIONED,7,Virgin Media O2,Telecoms,Google News: Virgin Media O2,news.google.com,2026-07-16T09:49:02+00:00,Virgin Media O2 rolls out 5G+ mobile network across Oxfordshire - Comms Business,https://news.google.com/rss/articles/CBMisAFBVV95cUxNOWhIaC1wdEtqLVhMMGlBTHI5SVBkMUFWZGRvZ2R2WTNXSmNxZ3BHSUpjTi1Pc19xa1kxdHU0aW9RZlh3R3VvMWNrSUhZejRlV01vME5YUXpoelp4bW9sc0tNaUhPWTBhWngzeTJaaXFrODU3YWNSbFhscG96TE1zYk1lQ0NqcWpNYUxBOUMtaW5od3B1UTZnbnE2SVJmT2l2OG4tNm1ZT2pvUlRfa2ItYQ?oc=5,Virgin Media O2 rolls out 5G+ mobile network across Oxfordshire Comms Business,,
MENTIONED,7,Virgin Media O2,Telecoms,Google News: Virgin Media O2,news.google.com,2026-07-15T07:22:48+00:00,"More than 18 million Brits targeted by scams in just three months, Virgin Media O2’s new Scam Index reveals - Virgin Media O2",https://news.google.com/rss/articles/CBMi1gFBVV95cUxQS0Y0am5oWkNhNnRGZnZSa1FBODZqZ3MxNkl6ckktRW9PQ1VaVnBJT203bnNkSnlvcXpWNEN3N2wwejZTZS1tclMxSkVPOWI4WVoyVDFWc0NCS1FEOGMwVWtqd3NRZHpUVmhZM2hGX0JjVllHbk5ZY21ERGhHMWx0dzNXTFpZV2dTX1dUOUNJR0tvNDZmMFF4dzFWRlUzZDhMSFBrTHp3QndCdHZNaWpmLWpBbU9NbEgyWTBYVm1sNWNBdEpma215WG1wS3BTdUlzdHItY3BR?oc=5,"More than 18 million Brits targeted by scams in just three months, Virgin Media O2’s new Scam Index reveals Virgin Media O2",,
MENTIONED,7,Virgin Media O2,Telecoms,Google News: Virgin Media O2,news.google.com,2026-07-15T10:40:00+00:00,Virgin Media O2 Publish First Quarterly Scam Index to Track UK Scam Calls and Texts - ISPreview UK,https://news.google.com/rss/articles/CBMizwFBVV95cUxPTVlEMUVwYlA4TE5yMVU1VWVDdWw4R18yd29FRWVWT1Aybk44VmItNW5PUGV2QnRLd0E5VnJTamhkRUM2UDlVZVFFZVNtWFNmdGVncTlCbC1zelRDdmxYc3hva3FNSXV3TWRLYTZTS1daYVR0V0JyY2wweC1UUEszLVVUbzN5SXJqS0x1VGw1bXJJWmFqbzBPOTNtMHRwYU5wWnRKTDVRX1F5VUhiZXFMNC14Z09MbEFfMEtnNTNUWWJweWVfaWJqNTZvUkpUb1k?oc=5,Virgin Media O2 Publish First Quarterly Scam Index to Track UK Scam Calls and Texts ISPreview UK,,
MENTIONED,7,Virgin Media O2,Telecoms,Google News: Virgin Media O2,news.google.com,2026-07-13T12:22:42+00:00,"‘Thirsty’ England fans flock to dating apps during hydration breaks, O2 network data reveals - Virgin Media O2",https://news.google.com/rss/articles/CBMiwAFBVV95cUxNa1dMaTJvMFVjUW1Id1FLX2ZHUFdDRXJMVjUxVU9CSGNObzhoQTFNMDBrMW9iaUR1RjVLQ21FcEJfTFVOdXg1M0VraHVtWVNRUE9mYUQxV2IyeE90MDdiUEM0cVZTVUhrSllwSWx1NkhJbTRleTFvaVFtcHQyVVliVm9sLXlmbTUyMTFOYm93Y1lpano0NHV4M2o1dWo4QURQWTVGejNNUWQ3aHc4NHpWbzBqNlhsRmZzNExKNmh4ZVU?oc=5,"‘Thirsty’ England fans flock to dating apps during hydration breaks, O2 network data reveals Virgin Media O2",,
MENTIONED,7,RWE,Electricity,Google News: RWE,news.google.com,2026-07-15T08:14:51+00:00,RWE’s Theodore Wind Farm project receives approval from Australian Government - RWE,https://news.google.com/rss/articles/CBMi4wFBVV95cUxPWm1nZjNUUGpyMVUtN2U5ZGNiM0o2Y3EzM1N5WWdFS09PS1B5MnVZaXhHYTJDdUxDb3FYMm03empYSEo5WlI4Z2szWjJ4cEV0ZVV1M2hubExpdW1ZTlBRbkVJYlhuaFJlb0NicVRyNjBnNlpFWWhwM3VkRWY1RkktX3lzcW5vcmxrdFduQTl1WE5XTEg3R1dCUkZOclAwRHU0Vkh0LTZUcURwTlA0Tkd2NmdLbkJSMFN1bkZjdWdLa2VkX1IwYUNjMFBnYnVXYW9XU0xXT0Z4cTdsVVN2NU14UElJcw?oc=5,RWE’s Theodore Wind Farm project receives approval from Australian Government RWE,,
MENTIONED,7,RWE,Electricity,Google News: RWE,news.google.com,2026-07-18T12:35:36+00:00,RWE (XTRA:RWE) Could Be 13% Undervalued Following Offshore And Onshore Wind Progress - simplywall.st,https://news.google.com/rss/articles/CBMixAFBVV95cUxPbl9qUGtFak5ReDFLaUlvYS1lbm4taVI2Rk13SFh3TVgtOVg3cVNKd3ZINGxFVWFfQloySlBxZjh6NTRMLXVJR3JqV0lvZU5SdUxZcXJpTjF0ZDVzYzk1R2hZM0plaV83LVh2MmpNLWE4YVNYdkNJRmJYaGk3MUcxcU9sS1JQTDJwTFI5YTNiNS1Tb1dBRjhjRVR3d3lmeF85TGhYM2trN0JUVzVxcV9DT09ReGtfZkRvekZrZEk0SWVsOE8t0gHKAUFVX3lxTE5VaHd1Rm1LMm96Yi0zT3JxU0tJdGNYUlBZbXVtZEhmWUJqVTIzTTluQ1FndFZ3ZWZ4N3U3VVdIcTFXRXRrZUZYOGxJZEd6aEtrZUl4SHNDRERkY2tISzhLajNwZTlfUmxweElwNUJvZUUtTVhXakhrTFFiSlpNYmZRaWoyb0F0ZHdxbVljMVBoS2FWQmdpQ2dBcGNwR096WTVqT3lWemJEY3hObFhid0FHaWRLNU5xWlRRaTBqeVZHRTIybUhDbWl4dHc?oc=5,RWE (XTRA:RWE) Could Be 13% Undervalued Following Offshore And Onshore Wind Progress simplywall.st,,
MENTIONED,5,Thames Water,Water,Google News: Thames Water,news.google.com,2026-07-19T05:01:08+00:00,Failing Thames Water axes bosses' bonuses as Burnham vows to take control of Britain's water sector - This is Money,https://news.google.com/rss/articles/CBMi4wFBVV95cUxQVzFOR1VPdnJRc0k4dHVaekRFTkF4QnBTV29NQTdxM3BnNzE2YmJ0T0hzSXUwTVFoalpiY0F6aE81ekNxaXZSZFNDSHpXUlh0bW0zVHZoVXZqZlctc2h2NEFlbDEtSWl2dERBYjBiM18zQXlmRFpkZ19DemxnX0ZfYkg0aXNZaGtOc2huWUlhZnpTTmNqZHcxZDZjZUtpWVRUbjF1d3otQ2ZCX3Y2MjV5c0xjbENfTHprSWFDQWh5M2hDQmZBemxINVlpTkh3Nmxzc1N3eExvNTNlUi1BQW9CYUJNY9IB6AFBVV95cUxQNHlpOUVZYkNNd2NYYTlCcmIzaThyeEhMS2gwX19Cczd1WWdXV1V0T1pCS293ZmVCbzRNMmo4TFNJUGMyWlBJc0JiTmVoM2NlV0x6elUtTE82S0dENzFXYTJjcEw3dFJpZ2NKSFpkSWM3eGlvNWFFNDI2RWZSSzMtQk5rV21ZQ08zcHRZSGwzNmYzcDVqc0ozX2hSZ2Itb1E2WVdyODVIU0h0NHBoN2VYQjRfakJ4Q0xvSWJxak54M0l1MkkxbnVMYXBkUWhzVTg5MjZkXzhEWDJJUWdLOFRQN1QycVE0YTRp?oc=5,Failing Thames Water axes bosses' bonuses as Burnham vows to take control of Britain's water sector This is Money,,
MENTIONED,5,Thames Water,Water,Google News: Thames Water,news.google.com,2026-07-19T19:15:30+00:00,Could Thames Water be taken into public ownership? - Sky News,https://news.google.com/rss/articles/CBMijgFBVV95cUxPWGdpTXdRR3dPd3V6dlR5c3ZoWUw1WDFZMGRpVzJtNFZESDRuY25Oc29nRUhmUUtBOGVxZjlvNXB5RkhoVWRDbHJYcy1tWGdWcnc5WGJibjVPMW9tM1lOWFNPQURlYWo1N3RhX29wV2ZRZmVISFlVdEtzU0xyUHg5UmFQM3pYQ1c3OW4xZTN3?oc=5,Could Thames Water be taken into public ownership? Sky News,,
MENTIONED,5,Thames Water,Water,Google News: Thames Water,news.google.com,2026-07-18T04:00:00+00:00,Thames Water funding set to dry up by November as Andy Burnham poses risk - Oxford Mail,https://news.google.com/rss/articles/CBMiogFBVV95cUxORTRmNzZJa0w5azV0UE11R2JybVZTMUJ5RVozMkxqVXpyeUIxT2I4UUZFd3JhZ1RwZHU2T0ZDTGlZWXh4ZFRWUW5qSldRSHJEOHBheUFtc0VnZm95QmYxNGZMajVpZ1lQWFZGTlBOdHF4NmdfdFR4aUhoQU1KT2RRczJNc3FZMFV0b19NUGFNQ0VnZDNuRVI3TjBNTjZVVjBVR1E?oc=5,Thames Water funding set to dry up by November as Andy Burnham poses risk Oxford Mail,,
MENTIONED,5,Thames Water,Water,Google News: Thames Water,news.google.com,2026-07-18T17:14:58+00:00,Thames Water to fight Burnham as ‘temporary nationalisation’ rumours swirl - thecanary.co,https://news.google.com/rss/articles/CBMiggFBVV95cUxPNGdWM0VPUFdVWVFwUVY5Vm1SYmQ1eUpkMnVJSFlTeEVfWWx1UW95bFRqWUxsOXlxVE14Tnd2R1FJT3BWa0pFeXFyX1hYQ2lxMXhtWjdNVGdnZFBDZFJYbUstdDJhaU1GQS03cTQta3BjbzAyTEh4NzRGeExSUGQ3VGNR?oc=5,Thames Water to fight Burnham as ‘temporary nationalisation’ rumours swirl thecanary.co,,
MENTIONED,5,Thames Water,Water,Google News: Thames Water,news.google.com,2026-07-18T10:32:47+00:00,Thames Water investors reported to be planning legal action over possible nationalisation - Rayo,https://news.google.com/rss/articles/CBMiqAFBVV95cUxPMXlCSGVjTW1jV1lENzNJVlV0bUFhZklTdDJDTkszMFpOd01tYkM0S0FQZ3Y1WS1BUVlmRERpLThSOWxKMnYtLUt6R0thV3hkbi1nOWduV3E1dlNyZ1lMVE5PV1N6Y3U1ZDVKc2hOQlRRS1Bzb2dNbkRqdlEtV3dUNmUyLTF4ZWt0dDNwQTdOcEpOVmNZdWlaaFlLeWVvUmNCcVhKN0JZOFU?oc=5,Thames Water investors reported to be planning legal action over possible nationalisation Rayo,,
MENTIONED,5,Thames Water,Water,Google News: Thames Water,news.google.com,2026-07-17T10:45:23+00:00,Thames Water in the dark as Burnham mulls embattled utility’s future - City AM,https://news.google.com/rss/articles/CBMilgFBVV95cUxPd1RjUTU2MzNYRzRqc184N05vN2txckZQWnduZ2JfVFpGRG90eWZHOTRicTJ1YzllX0c3RFY1X283TmlzN3VtQXZPV3kwRkdiX2JGMF9HTWNpWXF1ckF2YVA1Mm5kQ3pCV09lQkRyOFZnZ01jc2FtNS0yTnNfU18zeXpza3ZwSDZBMF9taG9DNjlLT0tvalE?oc=5,Thames Water in the dark as Burnham mulls embattled utility’s future City AM,,
MENTIONED,5,Thames Water,Water,Google News: Thames Water,news.google.com,2026-07-15T06:51:20+00:00,Thames Water to run out of money by end of the year - City AM,https://news.google.com/rss/articles/CBMigAFBVV95cUxOQ3NRRmZDODluVC16dWc4dTM4RlF3S1B1WXN3N205NzFpYTJnUGxwMEFGV2sxYVNTbS1DaDV2SThLNDVoYjd4bUFyR0NZNXdudW1FaXlsbzM3aGRVT0RETkJrcHpQak1sbUdLLUhmLXItTlJ4TVNCVVJ6VFhwXzBiZA?oc=5,Thames Water to run out of money by end of the year City AM,,
MENTIONED,5,Thames Water,Water,Google News: Thames Water,news.google.com,2026-07-17T15:02:01+00:00,Invasive mussels cost Thames Water £4m a year - Swindon Link,https://news.google.com/rss/articles/CBMiX0FVX3lxTE5vNEZMeWxFWXgwOTdnRjBkYTZJbFlXY3kzVlUxYUYyUE1WRVV1U2ppVll2b1l6RE9iUVBTU0VqUzl4ZUpFQVpNTGJCS18zeVg3VThaZEZDbmNQeVZuQlZR?oc=5,Invasive mussels cost Thames Water £4m a year Swindon Link,,
MENTIONED,5,Thames Water,Water,Google News: Thames Water,news.google.com,2026-07-15T13:53:00+00:00,"Thames Water payouts for top bosses ‘fly in the face of fairness’, says minister - The Independent",https://news.google.com/rss/articles/CBMivgFBVV95cUxNczQycjFpSGhBSnVSU2JBUERkYVJoNlZrQmtPVHYyZE5vM1dxS25Db3o4QzFjb0gyTlpIanF5WW1saXltbEJfUXJ4Z3FhbDdRZ0tEeXdwSlROMF9JbUk2WVZTa0FIR0tqSHZoR2dveXlzMjZnNUVrbmF0ZFhnekV5Q2RtaDV6R3c5Si12QjBvTWpqYWxxR1dzN1lCWFlaTFRhMFV2ZjNjc3ZQYUVDTENwdWczMzN6UWJjVXh4R0pR?oc=5,"Thames Water payouts for top bosses ‘fly in the face of fairness’, says minister The Independent",,
MENTIONED,5,Thames Water,Water,Google News: Thames Water,news.google.com,2026-07-16T21:10:01+00:00,Thames Water issues massive bonuses to bosses... despite the ban on water bosses' bonuses - thecanary.co,https://news.google.com/rss/articles/CBMid0FVX3lxTFB5U2tMcENpWWVpRlZCUFMwSF9WOC1hSWV6UXhfeG9wNmplcFF3YXllQ1l3WWVMVDF6N1JOelkxTXRvejFIWnRoekZLTVJHdG5pMGhqdHVUczJJZXdwT1A4WkE0N1JlXy1vemlXM1dDZFpqdmZieURr?oc=5,Thames Water issues massive bonuses to bosses... despite the ban on water bosses' bonuses thecanary.co,,
MENTIONED,5,Thames Water,Water,Google News: Thames Water,news.google.com,2026-07-15T09:59:21+00:00,Thames Water boss seeks urgent clarity from new PM as funding set to dry up | ITV News - ITVX,https://news.google.com/rss/articles/CBMiqwFBVV95cUxOZWJDaGloTGxzZUtYcndRTGJyZ19ZSVFrM2RHYTFUdzdVeUhRRHNKemI1V3EzSVo0VzlWazNoQ1RQRGNod2diVno3R0QyMnc1ZkRzd3B0cGpvVk0tUnppZUFVS3lIM0JYak92TlRyTXpnTG1GSnVzVmJ1TUNhSFhrM1VnRzdrZjA0TllZRk1aTmFaRTJPNlZpZTJvRmlDb3ZfdDJTR0w0SExZLXc?oc=5,Thames Water boss seeks urgent clarity from new PM as funding set to dry up | ITV News ITVX,,
MENTIONED,5,Thames Water,Water,Google News: Thames Water,news.google.com,2026-07-15T12:30:00+00:00,Thames Water hosepipe ban warning in Swindon sparks backlash - Swindon Advertiser,https://news.google.com/rss/articles/CBMirwFBVV95cUxOQm9URkVibEtyTWROTU9JUFN1NUhrcFF2Nzk5QlEzeVhFeXlxc1g4dmRTQms0NS1sTlRoeWJWMjEtek9xTnBfUk5WLTJfaHZIbkl0LWw2NW9QR0RzLU92TGV4T0EzaXFud3ZDOWJxZU51UEtBblZpMmplLTN3c0tydTZqbklPZzdSdGtTLUVSb3RhU0NvRnFpS3AyUWk0OThVcjdfNUVZVGZ0eEd2UTRF?oc=5,Thames Water hosepipe ban warning in Swindon sparks backlash Swindon Advertiser,,
MENTIONED,5,Thames Water,Water,Google News: Ofwat,news.google.com,2026-07-15T14:12:54+00:00,Thames Water shareholders desperate to keep hands on cash cow monopoly - thecanary.co,https://news.google.com/rss/articles/CBMic0FVX3lxTFAtVmlGTXV6ZXcwR3NISXJoS2tVbnpYMGVRT3VTZU1VUW9oYUZweW9lZEpZNlUyUXJBUkl2b3QxS05FMktFOU95cmYzeGpRQlVvWElKMWFsVDAyYUxtU2dSSmhqNmpUMUxNamNRNWJaVk1BNTg?oc=5,Thames Water shareholders desperate to keep hands on cash cow monopoly thecanary.co,,
MENTIONED,5,Severn Trent,Water,Google News: Severn Trent,news.google.com,2026-07-19T20:35:57+00:00,Severn Trent issues hosepipe ban warning as water use hits record levels - The Worcester News,https://news.google.com/rss/articles/CBMipwFBVV95cUxOM0NIdldZYi16SGNaR0k0dWNmM2VtMnpneVJmLVFZaWhQclpSYURpVlBfUzN6b2JSbTI4UG5VcGMtUndIU3F2azVhc3RiNG92U0xRUXNrRndiWDRFZTVrWXB6TU13NnVuSURZYWNINHRpSDZ0TGxHdTRiREdyX1QzV3BNTGlvcGV1NUR6emNEZTlNMUg5UHhFXzRqRlRLckFOM3lnSnRrTQ?oc=5,Severn Trent issues hosepipe ban warning as water use hits record levels The Worcester News,,
MENTIONED,5,Severn Trent,Water,Google News: Severn Trent,news.google.com,2026-07-18T01:59:00+00:00,Stunning photos from Lake Vyrnwy: Latest Severn Trent reservoir levels as reserves hit eight-month low - Shropshire Star,https://news.google.com/rss/articles/CBMi3gFBVV95cUxPTEs2aUc0UjV1MGZiQ0VlSzVrb0xZUGdzVk03UVNhbnBmS3d5MG5wNGZtQ3Y0WG1QUm5rN1hCZGIzWW5oTURIYnExUUZMZThBRXh3RmpmMUpCOW4xU2Z0V3NKVlMtR2FVQ3ZsZ1lwVDZQVEdkNVNoNFdxSzkwZzFLTHZUOXJuLTh2T2I5N0FnbXJLNmdiLWtyLXo0UW42MlhybDgtRjIxekZRM2ZEcU5kcFAwdlRBcXdvdWtIUEZxUnRZUnNUMDdTdTVOb2lsQWVQeldwY0hiSnJhOW8yaVE?oc=5,Stunning photos from Lake Vyrnwy: Latest Severn Trent reservoir levels as reserves hit eight-month low Shropshire Star,,
MENTIONED,5,Severn Trent,Water,Google News: Severn Trent,news.google.com,2026-07-17T22:10:44+00:00,Severn Trent (LSE:SVT) Stock Sees Modest Fair Value Lift As Analysts Debate Regulation - Yahoo Finance Singapore,https://news.google.com/rss/articles/CBMigAFBVV95cUxQV0kzQ3lPcDRINHM4R1Zzb1FMVy0zd3lIRlFTN2dJN2tjNV9TbXB1MG1ac1VYZ0NPUmJVa1pXYlpIN3c2WkgxcWNzYnhVVUVMcVpudmpORDJsellyS3BId1pvOWM5bkgxMlhYdDBrTkRFa3V3RW9ZVHl3TTV3djhhZQ?oc=5,Severn Trent (LSE:SVT) Stock Sees Modest Fair Value Lift As Analysts Debate Regulation Yahoo Finance Singapore,,
MENTIONED,5,Severn Trent,Water,Google News: Severn Trent,news.google.com,2026-07-16T08:00:00+00:00,Severn Trent issues paddling pool advice to help keep taps on - Evesham Journal,https://news.google.com/rss/articles/CBMipAFBVV95cUxOUTFNaEpjMXBxWVhzdkdXZUZTQlp1dV9yMHlSQXJJUnB2T2xKVkk2TUV2czRrRS1DTEh3TUNjRFpfaE5ac1ItTGJ2QXFQd3piVGw2U0ZQbFJTdklTV0xXXzFqTk1qUGl1dVJrbVdUakhtSWpJQmtfZ3RXdVVfOFhuT1ZkR0tmWEpNUUtaTVotcC1ycFphNWNicEhQZGEwQnB0OERpeA?oc=5,Severn Trent issues paddling pool advice to help keep taps on Evesham Journal,,
MENTIONED,5,Severn Trent,Water,Google News: Severn Trent,news.google.com,2026-07-15T15:24:00+00:00,'This does not feel appropriate' MP wants rethink over Severn Trent's increased CEO bonus plans - Shropshire Star,https://news.google.com/rss/articles/CBMi0gFBVV95cUxNTFhkUEhfUE9QSmY5VFBVblNXd0o0WGdnTU9MM2FGWDBCOUROLVlVbHRNcTV2dFc4Y2Q5dlRlWWQxVFliUGhkVHF0eVlHbGJnUFpYZUd6M2MxeVN6R3liS01SbzM4NFQyNDNxOEpuZWZFTWNoa28wWHotdGlmRFRPSmU3a2FRdWdfVEJpa3oxa3BJcExDOWtOaEVFVVprWVc5eDFncng5TVpLYlRtNXpmSlNBcmhRSU95WE9CT1Q5VmpvcVZ2RVNSTzFObHc4emxKNGc?oc=5,'This does not feel appropriate' MP wants rethink over Severn Trent's increased CEO bonus plans Shropshire Star,,
MENTIONED,5,United Utilities,Water,Google News: United Utilities,news.google.com,2026-07-15T13:28:16+00:00,United Utilities confirms whether a hosepipe ban is coming to the North West - The Bury Times,https://news.google.com/rss/articles/CBMioAFBVV95cUxPZjd5bWxhelZ5LVNIUm1rQlhIeXM0UTNrNnZkTDNUWjF1T3doaXFoLVB4OW9kdjZmR0FkRFhBZG1fSktwVHd6UllwcjVrLTUyYUpSaXJHOVVHdUdOWXM5OHBEODJRTDdUZ21WN2xuNGlORnlHaVhMVDlyMGhleGpQT1hiWnROaFIya3lWMGRUOXFlbDBCazNwZ3hoRGtFN0Nl?oc=5,United Utilities confirms whether a hosepipe ban is coming to the North West The Bury Times,,
MENTIONED,5,United Utilities,Water,Google News: United Utilities,news.google.com,2026-07-17T16:56:32+00:00,Majority of United Utilities shareholders approve pay plans despite backlash - Herts Advertiser,https://news.google.com/rss/articles/CBMiygFBVV95cUxORE5YZHN5a1JPZTlIUWdkV2o1NGxzWDBzRHJqNUJtbklzcjYwNFNESWM2bGo5NTFNV01UOGJsUkItN1A0UUlDQXEtUWlXMGNncG94b21CWEJ0bzNaMjNQMWU2WG9pUUw5Q3RXMUdzaTNLbmFHbHFSRk92eUhKUm5GcFljREY2ZW1pYy14U2hqR1lOcUVGeEstUndWSkhPUEVMVWYyUTRUeFFjQkJ0bzVIR0lYVmxhT3NmLWVfUnRVcW9TSzFzVDIzcnNn?oc=5,Majority of United Utilities shareholders approve pay plans despite backlash Herts Advertiser,,
MENTIONED,5,United Utilities,Water,Google News: United Utilities,news.google.com,2026-07-18T07:31:17+00:00,United Utilities suffers one of the biggest shareholder revolts of the year - This is Money,https://news.google.com/rss/articles/CBMixgFBVV95cUxPbVVfWUJSNkRqS1FfRkxFZ18yMnA2ektObm1jWXJuQjlfcmpzSG1Ycll1dUVfcE00S1hQV0UyREVBckU5YVRYelZlVi1yZTllWkxyeWw2cDVNcDlUaEZfdllOd2tTaHU0RzNSV2lpVHQtc1p1T1hTXzNvbTFkSTlSM1BrUHN4RzlfTFBZcFdwSi1RWjdXcGN0MkFwUDBVS2dVRXRldHczMWJwTEJWYlRaOXluVHlMLUNUbG1FcTA0MGw3OWJNV3fSAcsBQVVfeXFMTTlidlhkOXhDNmVfZmtNRUJqaHk3dFBod0ZqV2dpUlNMR1ZTR0J1a0I0cFNhb2ZhVjBnZ285cUQ3a0JhRkRQOVpTUHFlWi1rajlhQ3dNeS1RcFN1MGR0bl9qbVphNXAyaDNTNGVvZTl5b2pVQjlDSEJKWDRBVmQzcWRlWGR2NjRvZzZfZlprc3U3MHZGWmRfNEZkS2NRS0xfcTNVLUhScWM4eTFRM0NVWGlkdXhZa21mOExfZ3NjejFIdE1PRmV1YTRSUlk?oc=5,United Utilities suffers one of the biggest shareholder revolts of the year This is Money,,
MENTIONED,5,United Utilities,Water,Google News: United Utilities,news.google.com,2026-07-18T11:00:00+00:00,United Utilities records drop in water stock at sources across Cumbria and North West - Westmorland Gazette,https://news.google.com/rss/articles/CBMiqAFBVV95cUxOZ1F5VHBaVF92bFhvN0lOQlhfay1Lblh3MHIyRDhMSVFMa2FVMUFHLTAxaDNtY2tEMnNBZ0dsS0htUDdPNzFrVHliN0syMWxmNnE0QndkREpBMmswUDBjRzZ5S2RfdGxZOWdNOTNrYWE5ODVaLVE3RERGb0Y4M1FKU0wyaUZYYjZfTTNTZXA1ak10TWU4RU52TDB1dm90d1dyMUlIYk9reHQ?oc=5,United Utilities records drop in water stock at sources across Cumbria and North West Westmorland Gazette,,
MENTIONED,5,Anglian Water,Water,Google News: Anglian Water,news.google.com,2026-07-17T13:05:00+00:00,Further delays to Milton Road sinkhole fix as Anglian Water 'failures' found - Cambridge News,https://news.google.com/rss/articles/CBMingFBVV95cUxPdGV3aVo0VVVjbGRRejZqV0dyakJhay1RdkE4d2Jtb0hvcWtseFkzT0pnWUxrWmpfZ3lGZ05RemhNWFVpOUZzcGl5WjZOWHRqU3dVTXpxSkhWRDJOckNkSElnQ2RGWXU1aDRpUzQ4T0ZVYWNuc040RTZsMEFoSFhSN2ViLXpMU0FMdG5IdXNOSG04czM0R2VTaFhvaDNIUdIBowFBVV95cUxPYUJLR0JCYno5UFlGNVFHaUJJRnZEeTRIYWpxamJYMEJ3UWppMHduY0RtTUt2V0o4MGRPdEJNY0JrUmMxOEF2bmNzRk03Zjljd3RJeGEyUU04Rll4VU5ubEktQTRhZnp3UXVBVHl2VUVzOHdhV1R5Z0NlXzlza09xVmZtbVZQMnNYOW5QWUxqSy1qZmZTalVhTXhCUDBnYVBaT1dN?oc=5,Further delays to Milton Road sinkhole fix as Anglian Water 'failures' found Cambridge News,,
MENTIONED,5,Anglian Water,Water,Google News: Anglian Water,news.google.com,2026-07-17T15:27:00+00:00,"“The hosepipe ban might last the whole month”, says Milton Keynes MP after publicly calling out Anglian Water - Milton Keynes Citizen",https://news.google.com/rss/articles/CBMi7gFBVV95cUxPR2FnNGs0TnRVRGZReHRqZjRPWVBDeXJ5aTEzSTNQeEkxMUowRWp3WGhlSUp6ZHg1UWRYV2VBeWJ4WVhSSDFlQ0Y5X2E5QW90bkZLVVB4ZFpVU3hSd3MzYWk4R0ViRldIZ1kxME1TWU4wS1F5bUF5ZEo2dGxTM2xPdlI5Y3d4X3NSeV95TnFDUDYwVjJYVFR6QlAyRDJPOUU5cWd4cWRHY3VGRXlRc2FKUGZvMmtzd2ZpOFcwbHZLVU1YLVVEaTFGU1pOLWFia0RDUFJZamdHMU5RX0E4TUFTWDEwRlJhZDRybkJidmh3?oc=5,"“The hosepipe ban might last the whole month”, says Milton Keynes MP after publicly calling out Anglian Water Milton Keynes Citizen",,
MENTIONED,5,Anglian Water,Water,Google News: Anglian Water,news.google.com,2026-07-16T10:32:00+00:00,HOSEPIPE BAN: Anglian Water criticised after water 'gushes into drains' from pipe in Market Deeping street - Peterborough Telegraph,https://news.google.com/rss/articles/CBMi8AFBVV95cUxPNEx3LUtNWTFlSklzY1lDZk0ySTZjUGZleDBqaElDbVNWZVh6NndOU0dTclRRSm9xSmtqREZ0YUxkX1UtT1h6V1h2WmVjaWN5dkd6V1BSb0tROHg2WjlZMUd1dTNxWDJieGwyT1h4c0JXVmtJblJuMVZ3a1YzOHl0QmEzaDRfemxGY2FnSWFGUDJTYlAzYnllNG9LdUJyVF9nX1FWUEhkSkloVXc2bWZxYUxxMXphbjJ0cVN0VGQwUDl1VGp0SE43RmZ6UzN5VE1RMkV5dGQwNHByNktUR0RTMWtfbWNUOC1KeFdROVM3Yk4?oc=5,HOSEPIPE BAN: Anglian Water criticised after water 'gushes into drains' from pipe in Market Deeping street Peterborough Telegraph,,
MENTIONED,5,Anglian Water,Water,Google News: Anglian Water,news.google.com,2026-07-16T16:00:00+00:00,Anglian Water comment on claims of drone use to catch hosepipe ban rule-breakers - Chelmsford Weekly News,https://news.google.com/rss/articles/CBMiowFBVV95cUxNdnBoV0dLSDVCc0Y4bm9vWHJ0cnZjRjgzZWNrdXlLN0JYQzRzWVNudFZ6T2ZEeDhzR3RKNU1Ya2pIT00xa2R2RG9xY1NDa01GNlRKMXd3dndHNTFnQ2lNc0hkLXVlZWhMN2xvMTB5LXRQZHVIVGRzc0lrVWN3QjBMZ3I2YVA4Y25oOERCVDB2RzRCYmRXUlNRZmZHM0xSbGEwY2RF?oc=5,Anglian Water comment on claims of drone use to catch hosepipe ban rule-breakers Chelmsford Weekly News,,
MENTIONED,5,Anglian Water,Water,Google News: Anglian Water,news.google.com,2026-07-13T10:55:00+00:00,Peterborough Hosepipe Ban: What Anglian Water's Reservoir levels are as restrictions continue - Peterborough Telegraph,https://news.google.com/rss/articles/CBMi4AFBVV95cUxOMXN4YnZjN2NjZmpJeDUyOU1aZEFyMjBGVU9nR1N3ZEp3bGlhVGpWRzNYYm81NmE5Ny1tMEZKYjJGdGVMbWdsMXA0SE5JZlgwcnVSX3Z6TERiS2NEblFDSlJIek9RdFBrT1h6cFhDNU51bHo3dXoyMHhRdW5RWGxxZ1N4WUV3YjZfc0ozSG12REVUc28tVVVUUDg3Q2Y1OUJrd0dkZnRTdEI1ZHJ0QU8xLUQ0UEUwZF9xNHZyaDU2bXdNN24tNF9WU2wyWTZGSWx1WUotYl9sRVFWa2pYUXdGNg?oc=5,Peterborough Hosepipe Ban: What Anglian Water's Reservoir levels are as restrictions continue Peterborough Telegraph,,
MENTIONED,5,Anglian Water,Water,Google News: Anglian Water,news.google.com,2026-07-13T14:00:00+00:00,Anglian Water issues hosepipe ban update two days after introducing it - Colchester Gazette,https://news.google.com/rss/articles/CBMinwFBVV95cUxPcVRXeURpaXNUU3RDVGtKWnJndm44OENxRHo4a0FrbVV1eHNfUjdqTXhjTURKU01rZnViRzBxRy0zN0gzTk1wWXhyR01vNHpvRlltT3M4ZjgzZHdka2N5Z2YtV3VpNXFqVnhGN3p0eDkwZ2NLNnZvUHBMbmxWa2ZnSUhZYzNqQW1BWERPTGpKdkN4NjVxYm8tWS1iSUJIT2c?oc=5,Anglian Water issues hosepipe ban update two days after introducing it Colchester Gazette,,
MENTIONED,5,Anglian Water,Water,Google News: Anglian Water,news.google.com,2026-07-14T10:50:00+00:00,Anglian Water response after severe flooding pictured on Hunts roads - The Hunts Post,https://news.google.com/rss/articles/CBMikgFBVV95cUxQdG9tQUd0VjlzYnFZTi1QNEdJb212LU5UTk95WFROMXd4bFc1YTBFTXdHYzBfaDRJSEtuTjFFeDFvampsZEEwVkhieVZPS1l2OWNYZWpWUC05S1h4a21SWmlCMmNWR1JqbEt4ZDFxWFN5N2xfYURxZ1BTblo2TGd5LW5PUFAzWDRaS1JOcVU4am5aQQ?oc=5,Anglian Water response after severe flooding pictured on Hunts roads The Hunts Post,,
MENTIONED,5,Anglian Water,Water,Google News: Anglian Water,news.google.com,2026-07-14T13:07:00+00:00,Anglian Water fix burst water main but Bedford High Street still shut - Bedford Today,https://news.google.com/rss/articles/CBMiwAFBVV95cUxQM3lRMGItaUUxdlhJbmE0X3RPYjRRYjNCRnU2SFMta0pUeG1QWFhGT1haeGRvdzl1Z01RcjhJM3NSYUpmcGd5NVpVWHN5OVhmeF92UHdzVVhCSnJ1QWV2bGZtQm1NTUh2UGdYV0plUnZlQVBiZTVXQzZ0bzhyV2FKOFNQNWNRbVduU0w0OWFTVVdxa2lHcGlrMmdVOVl4RFF1cUJZSlEtaU5iMW5LZ0FwWGhzUWxuemMydV9kV1M0aGc?oc=5,Anglian Water fix burst water main but Bedford High Street still shut Bedford Today,,
MENTIONED,5,Anglian Water,Water,Google News: Anglian Water,news.google.com,2026-07-14T12:31:21+00:00,First hosepipe ban since 2012 'not taken lightly' says Anglian Water - Rayo,https://news.google.com/rss/articles/CBMihAFBVV95cUxOVmVrOWZOUWhvZ0s4d3ozbXVMVFdVOUxCNjNjdWUxeHdKVXdHLXhXOF9DaWxaNkpaNk5lUmhMREx1bVBtZ0dnNXdmV0lxZW95N0Y1TmZKVGhwVm1kQ1BaYUlleW9FZ0p5ellvQzV1R2VMT2tSQlQ2TGtFZG1QeEtVNDViQTM?oc=5,First hosepipe ban since 2012 'not taken lightly' says Anglian Water Rayo,,
MENTIONED,5,Anglian Water,Water,Google News: Anglian Water,news.google.com,2026-07-18T04:00:00+00:00,Anglian Water praises customers for taking heed of ‘hosepipe ban’ and reducing consumption - Grimsby Live,https://news.google.com/rss/articles/CBMiogFBVV95cUxNLUNHR0xoN19qN2hfckZHSkhlUnN0aERuZXNiTFRMV083M05fOFhWQlNsUGtOdlJ6UGlnWTlQZXJrV194MThwcTM4bFlmUF9NaXg3QWczeDFwZ0dfYkluR0FaNWRUcFFqS1ViWUNnOGpsNXhuckF6eGdmUUJGSTFPUGs3RC0xaEpPSk93YkxGejZha1AxN0s3NHljbERRVVphUlHSAacBQVVfeXFMTVhtUE82cjMzWWlkTjV6dDdXUzhqeEhybjdPeDZ6SkxSYVc1b2dNMTZxV0lmblhNY2kxdWdxeWNyX3g3VVczbUZtWElYTnREaFQtek85TG1sdi0wdzdObG55cGF6TEtHWWd3OFJ1V3BnTHdzd2RGRXdQSUIzOHhQNURadWx4WTM2Z0N5ckE4d2VfYmNvWjFEWDlnVTlYdmM2Y0d4T0tmRTQ?oc=5,Anglian Water praises customers for taking heed of ‘hosepipe ban’ and reducing consumption Grimsby Live,,
MENTIONED,5,Yorkshire Water,Water,Google News: Yorkshire Water,news.google.com,2026-07-19T04:00:00+00:00,Yorkshire Water issues urgent summer warning to families - Craven Herald,https://news.google.com/rss/articles/CBMimAFBVV95cUxOQWZJR3Q0UDNuWEpzTmVZX3Z5YWcyUlpGOVFpQnFFRUo4dHB3TVVIOWhsWElCQ0FicDgyR2EtT3M4UUZjZi1FUjFPYUdkZGpqMzVYVEZHNWlNVWdlb3hQUmV0WW9KbE1vb2NvTnp5d0xabXBzcUc0RUxUUFExN0tKcVNHYUp6bUJtMnZRMV9XbHFrTFVXVjJEOA?oc=5,Yorkshire Water issues urgent summer warning to families Craven Herald,,+1 other outlet covered this
MENTIONED,5,Yorkshire Water,Water,Google News: Yorkshire Water,news.google.com,2026-07-18T08:39:53+00:00,Yorkshire Water to begin 4 week works on A65 Skipton Road later this month - Ilkley Chat Website,https://news.google.com/rss/articles/CBMirAFBVV95cUxPXzF3c01sRk5YakpJUFJSZEV3bkxUdDVfTDNzd2dldE1Ec0FVWDBfdFBsQnB6bkdYaGNlYXVVNVVkRXFfTm9zMnAzVXllVkZFZC1KNEEyNXNiUEh3aWs0cE9rU2FGR011ak9TamM4Yng3MnM4T01vT25SeXUwb0FUeGxZajRRZlJCZk9OTG9pRktJSzI0VkNtSVBTWU5lenVkMWp5TzBTaVUxUFpp?oc=5,Yorkshire Water to begin 4 week works on A65 Skipton Road later this month Ilkley Chat Website,,
MENTIONED,5,Yorkshire Water,Water,Google News: Yorkshire Water,news.google.com,2026-07-19T05:00:00+00:00,Council steps up swimming sessions as Yorkshire Water warns over river and reservoir deaths - Yorkshire Post,https://news.google.com/rss/articles/CBMi0gFBVV95cUxPaVNrdVlZRW5NbzR2OWlqdlJ2dk9Ba2ZYbmE1N3dhQlB0M3FtUW0wazBBUGQ2cmgyUU5EWkZnTnptMXY1Y2xyTUdPLXhUV3J5UmhpSldhZWdGdHJsNDRTSFVQN3NGdmoxQ1BhV1lmbmJ2RGVzNm1uN2cxVkZWMmhWNWFYUGd6OW1WZHJEdGZQYWd6Q3FLMGpqNEF6c0NKT09sOHc5N0ZobEwwUTJELTZlUkVWZXVyTUFvaDFXd0gtV2NVM3dFMTkxUmlNcHI2UGZvd1E?oc=5,Council steps up swimming sessions as Yorkshire Water warns over river and reservoir deaths Yorkshire Post,,
MENTIONED,5,Yorkshire Water,Water,Google News: Yorkshire Water,news.google.com,2026-07-19T05:00:00+00:00,Why a removal van is needed for Yorkshire Water bosses - David Behrens - Yorkshire Post,https://news.google.com/rss/articles/CBMizAFBVV95cUxQb1NQT0NtUExYeFM4eFFmZFZHVXhodFE0TUJvTkxEY25sdDhHNG1xSjQwWjhPOUs3MmV2UGJEZGoteXJ3MFVuNVpuNWo1SDNodWM1WFBmb3Z2bmVDNGROVkkxT21WQVBTNFdRcUxRSURvT21vZmNCR0xOeG4zTFg2WTg3RG96T0xadHhpLU85NVMtek5ScTdCVmpnd3Y0VDgxeHphUG11cU00aE5iVVZfQjZCZno3Y09YS1pUQnppSnc0MlVPak4wc2IwMkc?oc=5,Why a removal van is needed for Yorkshire Water bosses - David Behrens Yorkshire Post,,
MENTIONED,5,Yorkshire Water,Water,Google News: Yorkshire Water,news.google.com,2026-07-16T04:00:04+00:00,Yorkshire Water scales AI-driven asset monitoring - Water Magazine,https://news.google.com/rss/articles/CBMimAFBVV95cUxPYm84Z1dyZG10RVUtSi15N01kLU42TEcwNVlLSU9NZVM4WlRCQ3c0QTlNNHAyenctTW16dW9RRTFQOWl1WlM5X1pVYTBDVjZhUmlmQnphX3I1Z2thOWxSRXNfejVvZWtHYlplOC1BRU9UQ0JPT09DSl9QU0dSZV9RU0xZYzMyUEwwSUNBVW9felRCNm52M3liZA?oc=5,Yorkshire Water scales AI-driven asset monitoring Water Magazine,,
MENTIONED,5,Yorkshire Water,Water,Google News: Yorkshire Water,news.google.com,2026-07-13T11:56:55+00:00,Is the writing on the wall for Yorkshire Water? - Sheffield Tribune,https://news.google.com/rss/articles/CBMiigFBVV95cUxOZVNfMDEzMzBwTWNQUnhDdWtJTnR6dVdhWmg1cjBGRUNacEJPTWtfeml5b1NlQU5zVjEtYkI0QXVxZmRKWHpWY3BzUjB6RWFIRy1CbWcyUV95SWlMcGc0M1pZZGgxXzRfN3JoVEpEb3Z0NHU2aWE2eXA4aUdtNG1sc0hRZExZVmM2UXc?oc=5,Is the writing on the wall for Yorkshire Water? Sheffield Tribune,,
MENTIONED,5,Yorkshire Water,Water,Google News: Yorkshire Water,news.google.com,2026-07-14T08:52:00+00:00,'Andy Burnham needs to bring Yorkshire Water under public control' says Sheffield councillor - thestar.co.uk,https://news.google.com/rss/articles/CBMioAFBVV95cUxNWHh2QVg1aGZESkZlZXNTVWh6QVhtREJVanJxaVdJdk9YckV0WWpON1hjYW9pazQzc25UbTdsdmxxQTJFREpyZHIyYldWX3VVenBYdnFSMWxZakdFWTdFcG1WYVkzUFF0d0NGNlNXOWx5ME9NbEZGR0VLcnBhZVFtdTVIMG1Ba2pmRzl5dk00azEzUFp4MVMyNzg2R1VqVXZm?oc=5,'Andy Burnham needs to bring Yorkshire Water under public control' says Sheffield councillor thestar.co.uk,,
MENTIONED,5,Yorkshire Water,Water,Google News: Yorkshire Water,news.google.com,2026-07-15T10:45:00+00:00,Yorkshire Water boss should address how the company got into its current dire state - Yorkshire Post Letters - Yorkshire Post,https://news.google.com/rss/articles/CBMi-wFBVV95cUxPaTFIUzBwR0RJS0QxSmt6QmZrT3VJU0ZaQTlwZUdPTWwteVlhbGxCcm51RzNfYkJSWUZBYS1Xa3VFaXJ3bUEzTFRHTFJmQzYwcHJrYTZiRzU1azhTc2xIaTVfUHZxeG1nMDVDeU9IbVFMVTJLSi0zR2cwZmZIak1HbTBNaHRDVEZ4b2lhdVZNZ1Q2QU4wZVk2a0tZRjU1bGg4VTYtMkpZalotOVlhT1ZxVlM5SW9tcVFSRXo4VnIxSi1BSnl3R3pBS2tkcm9hazdBa3pkVTg2MkJhT2xidHdiQWpRMkdTb3EybWFnUWR2S3V4VHVVWVNiNFpfcw?oc=5,Yorkshire Water boss should address how the company got into its current dire state - Yorkshire Post Letters Yorkshire Post,,
MENTIONED,5,Yorkshire Water,Water,Google News: Yorkshire Water,news.google.com,2026-07-13T11:17:08+00:00,Yorkshire Water eco scheme finally approved by Bradford Council - Housing Today,https://news.google.com/rss/articles/CBMirwFBVV95cUxOYWQ4dl80NlJPcFZBZ0F0eDd0b0FJU1ExUU0ta2xFQ1d4SzgwV1VlUVVFUTBYRERPUzd2bDIxTGJhaEtkZ1BDeDQ3VkFZSi1mVkdfMkFuS0cxRlpUTlJlVWhTMnJvcXJJVnJ2SV9KZzVaS3BEY3FsUFM0T01sWFpRZTdoa1NVQ2xpczkxaFdtWkltWDN2U2RsWWh4ajktS2lySnZGY3dGakdtSFI5b2VN?oc=5,Yorkshire Water eco scheme finally approved by Bradford Council Housing Today,,
MENTIONED,5,Yorkshire Water,Water,Google News: Yorkshire Water,news.google.com,2026-07-13T10:59:00+00:00,New figures show pollution is still rising under 'morally bankrupt’ Yorkshire Water says Harrogate MP Tom Gordon - Harrogate Advertiser,https://news.google.com/rss/articles/CBMi_AFBVV95cUxQcnl6X1pXcXdDYlhxOXlsOHZVeUptbVNJcEJ2dVN3RGtldG5fSUZWalo5RmJuUDBIdnBQZzF5X3d2X3AyN3h2SElkeXB1SWsyX3RnalUyRmVRNDFUX2tFZjhIc1FsY3JrX25kYXRaOWJtdVdTWlphVllQWExQdVdBQzY0YVFFb1VTcEx4XzNJUzBvZTZmZWdoWV9XMWFiWU9CMm40WXQxOHA1QWFaZjlmOWRwa19LMEhMWDNFYlJ6NkdWdmdYaTZQNUtWZV9WSWVqcUtGbER5M2hBQU15Ym9udFJqMzNuTEtGdXUtcmt0RlVpY3hrOUFlU1QtWWY?oc=5,New figures show pollution is still rising under 'morally bankrupt’ Yorkshire Water says Harrogate MP Tom Gordon Harrogate Advertiser,,
MENTIONED,5,Yorkshire Water,Water,Google News: Yorkshire Water,news.google.com,2026-07-13T15:30:00+00:00,Yorkshire Water completes storm overflow improvement scheme in Beeston - Yorkshire Evening Post,https://news.google.com/rss/articles/CBMiqgFBVV95cUxOUUpibGE0ZURBN0hnZlRScElXWVN0b2MyYV9kU2hpYXFuUXRlNEpPZndMM0UyLUc4bUdJZlEyZ1l1Q2g4a0dlNDlLMXI5NmRnc2ZZNU9SdURCX3ZmbjdOWVp0cGxqRDVfT0NjUGxHUnVRNDhkcVF2aFczZ3FtTzUwclJGNFNhYm9XWmhhTmVRY3JMdnlOdTZGTzVmVjhxb0VzNWhwb0pTbWZrdw?oc=5,Yorkshire Water completes storm overflow improvement scheme in Beeston Yorkshire Evening Post,,
MENTIONED,5,Yorkshire Water,Water,Google News: Yorkshire Water,news.google.com,2026-07-14T05:00:00+00:00,Conservation group stops taking funding from Yorkshire Water 'to protect integrity' - Yorkshire Post,https://news.google.com/rss/articles/CBMixAFBVV95cUxQUmpsVGlFbmVhcXNYX3pndEhxM3dYVHhVcC13XzBQSFk2aUtOUHFLNUVTaHAxdVZva2M2M3ZnV3lhQ1RhQjBMTUs0ZnQ4VkQ2OVlSVmtUSjhIREVjZFE0T29PZnB3UkRrLU5EU2tLNkpCTE00OXBUSkJuZnk1QTh4d3FxQ0w3d2xTc1dFVkFDRzRJSzUyZm92SGc2TmxDbjFGclJsTFU2c3FBQUd4a1c0cUJlalo5dV9KX3pLcFF6ZHRhSlFu?oc=5,Conservation group stops taking funding from Yorkshire Water 'to protect integrity' Yorkshire Post,,
MENTIONED,5,Northumbrian Water,Water,Google News: Northumbrian Water,news.google.com,2026-07-14T04:00:18+00:00,"Mike Hull, Services Director at Aiimi, outlines a new collaboration with Northumbrian Water - Water Magazine",https://news.google.com/rss/articles/CBMizgFBVV95cUxQQTBHSHhqYnhwLUNzUDJjc2pZSGxSbVhablJxdjA5VFZUXzZBLXAxTUd0Q2RCamZqaHFfVlVLVkk0UV9ZOVd6TGM2Tm14MnpuTF8yaVJ1OVRsOGR4ZEFtc3o2MTBiT1FWQ3oyaVBEd1hfajV2Tjc5MzRjbzNnZHRNbkdQWW1tamFYUTF0dEF3VjdRYmJEaDJMMkhRMmJydmxFZi01VHNQMl9jSWtrNkxwM0RHNUlNeGtpMDBSSXZlRkNDeEVFd1o5N0xyYWY3QQ?oc=5,"Mike Hull, Services Director at Aiimi, outlines a new collaboration with Northumbrian Water Water Magazine",,
MENTIONED,5,Northumbrian Water,Water,Google News: Northumbrian Water,news.google.com,2026-07-15T06:39:11+00:00,Northumbrian Water Announces Branch Out Fund (United Kingdom) - fundsforNGOs,https://news.google.com/rss/articles/CBMipAFBVV95cUxPZ3VJeGhQVTFwc01UaUY0SGh3TUhxUzVLa2cyb3l2aFp0S3ZkOG4xdVZuUUExclZYaDhHS2pVclBRQkJiaGtMLTl4U0ttazU2T2s4eTAxLTQxU0pyVXBVWFRGN2N3LWRIc3dZcXlJWVhFY0xrNHFBOGl4dWxxN2xlek1PNFZxMGJ4RXNEbXNSZWQ0a2hvbUc3UDN5UGY0UXQ1QmdUatIBqgFBVV95cUxQb3FidzJ5TEh0MHEwMnlfTHBxdTNJN1VYOV9ZX3JjTjZIRGN2cE9MclU3MnRqYmwwMW9TQU5oeEgtM1U0WGpxZURoUmk4WjloUGJEbmNKZUtVUXljR1hqWUNBY0RpNUZWa1Azd2p4ZDJnYnJhYzVOejVROThOYkdWRmF4dmp4M3Z0N3d0VEd4NGNlbmFiUHk5REY0cG9DSTJRc3hjdUJKV1NDdw?oc=5,Northumbrian Water Announces Branch Out Fund (United Kingdom) fundsforNGOs,,
MENTIONED,5,South West Water,Water,Google News: South West Water,news.google.com,2026-07-15T17:32:52+00:00,South West Water told to deliver appropriate sewage treatment - GOV.UK,https://news.google.com/rss/articles/CBMinAFBVV95cUxPQUtyeFo1S2NmRWRKRzZYVnl2V0JmQkZIZlZoNERwRUxlWkUxUVBlRkVLZzRCVmRZMEQyQlRXWk9aZHVSU3FCWkg1SG9hekZoaXItdTkwUjhWcUFxV05CM2lJTTJJbFBkTU42MF9JNWE3cXk4VDB1SG1nTUFsX3dKekFBTUJJRkJJWmRYMUdZY3A2ZEFkMzdvZjdmZ2s?oc=5,South West Water told to deliver appropriate sewage treatment GOV.UK,,
MENTIONED,5,South West Water,Water,Google News: South West Water,news.google.com,2026-07-13T15:53:00+00:00,Seven key Devon areas hit by South West Water hosepipe ban on Tuesday - Devon Live,https://news.google.com/rss/articles/CBMiggFBVV95cUxOX194UndvdHNnQnloN2ZQMlR3Y2RoSk5ZQlRpR0xCMUE5NjR1RVRyOEN1QXlzYzlBZG9zcjI5ZmJNS0JTU2p1aVJEWWItU19wSFVWdnVFTFhxMzRqaXNyUG44Z0ZMV2NSU2luaXlFaUhyQ1c2Y2ROUTBTWXN5dkVYSV9R?oc=5,Seven key Devon areas hit by South West Water hosepipe ban on Tuesday Devon Live,,+1 other outlet covered this
MENTIONED,5,South West Water,Water,Google News: South West Water,news.google.com,2026-07-15T06:08:01+00:00,Cornwall Council to vote on clean water motion seeking public ownership of South West Water - Rayo,https://news.google.com/rss/articles/CBMixwFBVV95cUxObm0yRHB4d1Z4WjktWWZPbEZrZXU0aF9WQW1WcXd2VXJ4RE5VNEhiSFBtYmYteEdiYThFR0pnNEFtbUE2Q2JBUXVpSXp2UThLbmtocE5zbl9qTEJDaG0zTHJ6ejJVNzRmZEV0Q1g2eVBoVmJvSkduRnF1bVctNFI0N19QS2poR2VMOVc0T0ttX0dwREp1Z1JsalMtVHNYWGhpTlh5UlBPVmJfazFrUDVoRnlUOHpDTHRZVGplNk9DbXVLcG03WlhR?oc=5,Cornwall Council to vote on clean water motion seeking public ownership of South West Water Rayo,,
MENTIONED,5,South West Water,Water,Google News: South West Water,news.google.com,2026-07-13T14:00:00+00:00,South West Water issues heatwave warning as demand soars - Torbay Weekly,https://news.google.com/rss/articles/CBMisAFBVV95cUxNdjlwc0RrZzg5UG13TlY2ZjAydmlzY0FDMEVPM29VM3N0Tk8tcjUzNk82YkVSWUpJUk9odURvdFRaQ0t3Ujd5c2ROTzFYNW10dDNWenpKR3kwOXhicjJoOUpTMVRSVnlzRWQtU3J5S1hnaWFKUFpyWUtTWElMTjlpSUhHYzVvY285Z3haVXk4M0tQVjVabzdsbzNDZGVkNzBCYlQyOEZRWFpyaTY2NmM2cQ?oc=5,South West Water issues heatwave warning as demand soars Torbay Weekly,,
MENTIONED,5,South West Water,Water,Google News: South West Water,news.google.com,2026-07-13T10:53:02+00:00,Year 3 Pupils Demand Clean Water from South West Water - www.dawlish-today.co.uk,https://news.google.com/rss/articles/CBMilgFBVV95cUxQcHdCSmltS0djZGRHcDJNTmxCSlpIU0Rma3VBRC03b2F3ZXJHcEtjZ0lVazFXcldHX2g4bmRIUGtVbXhsY1RtbXowS3NWMzFDQTJrV09xUGw3NGJxVTNwWTd3b0FaWHhqWE9xQ1FsZlcwSnc2QVcwQzJORWpiUm91dTB5V3l0bXhCRi0tVWlfR1U2OHNrSnc?oc=5,Year 3 Pupils Demand Clean Water from South West Water www.dawlish-today.co.uk,,
MENTIONED,5,South East Water,Water,Google News: South East Water,news.google.com,2026-07-14T09:31:00+00:00,"No water or low water pressure in Ditchling, says South East Water, just days after shortage affects 1,400 homes - SussexWorld",https://news.google.com/rss/articles/CBMi8wFBVV95cUxPd1ZqMFJTMWt0cS1UZVd1RzdGdDFFWU1qUU9iWXJIenNoMUlYZEtDak42V1NYREh4WHFjaWMwYmhyR2J0UjhzZUllT0I0RHo5S3pUQUFWc2xxd0ozREJvcy04cFVTaDlnT0EyM1B1X05EM0JiV2tob0JZM2VKQXprNmgzUUtjaDJyY1h0aGhuOGtsNmRDNHcxSU9pSnVwLVhCNGd1aUttTzJqbVEzOUczcC1scElITWlZeWk0ejBLMzd3RHI4MEx6ZE9kcVNyclJkN2RYdVZfOXJsVGxydGhHUEZVdUx1UUU0dnBZdFk0djRVbWc?oc=5,"No water or low water pressure in Ditchling, says South East Water, just days after shortage affects 1,400 homes SussexWorld",,
MENTIONED,5,Wessex Water,Water,Google News: Wessex Water,news.google.com,2026-07-13T16:43:13+00:00,Wessex Water to face criminal charges over plant explosion that killed four - Utility Week,https://news.google.com/rss/articles/CBMipAFBVV95cUxPLUFTcl9icWZLWFFCQjZiVDB6UmFUd2VNc1VRblRoeGNpT21CekN0WHZjNzRZU0pySWw1M1QyakctOVhuQWhYcE1kVy1uaVlNUzc4LWZMN0t0ZExuakpBWGgzb3ZXU05ZSjhOVnhOYmVsZ1c3dEt1bndXTVpyZEdVLUgwMjM3UEtMeDdIZmR4akt0QWhrSG1mTkhPTHR0UkI0RHhwR9IBsAFBVV95cUxOSnExWHcxcXJ5ZTZuMGtDdUl5YUotX0VTdkJkV2ZQOWFZUEJhZWJZbTQxT2xqcHBBa25MeFlRaEh5Zmo2MEZRZGlURTVtNXRYUmMtN2JjMlZEckNMbGJ2S2o3N09ETXNic1dDVWc2STlHTi1nSTlwZ21iVkxwMm04XzEwM2dCT1Y4dkRWUndhMG9tYnhONVBVQl9zSFRuRVJLUUI2OExDdnctbnExLVI4Tg?oc=5,Wessex Water to face criminal charges over plant explosion that killed four Utility Week,,+2 other outlets covered this
MENTIONED,5,Southern Water,Water,Google News: Southern Water,news.google.com,2026-07-17T16:18:00+00:00,Southern Water under the spotlight in Portsmouth sewage review - portsmouth.co.uk,https://news.google.com/rss/articles/CBMiswFBVV95cUxQOHducS00b21wRHlMbnJYT3AxbXo3X3lPdF8tajFQSnkwTXZvSDlfUXJKZmVFSzRzdG5QOEJNd2ZRaEZ5QTY4U1MxYURYTExwaS02Tm12VWxNSVRBSnYzRG1IamYteFFjY2xjT3ZEY0U4T3BBMWR1dWpLX3Ftd3phcmZuaVVIZjVZcHdtOWIyRDUwRjZ5SnZ1b291X2xkbHdNdFU3ZkhKSXRfQUhrd2pKSHdaYw?oc=5,Southern Water under the spotlight in Portsmouth sewage review portsmouth.co.uk,,
MENTIONED,5,Southern Water,Water,Google News: Southern Water,news.google.com,2026-07-16T13:17:00+00:00,This is why a convoy of Southern Water tankers were in Bexhill - SussexWorld,https://news.google.com/rss/articles/CBMitAFBVV95cUxNMkpheWZIenVOVHdqcTdrTm9uOGQwbzQ3TGpUZ1ZkSjY1T2ZEbVBoMmF4TEQxei03dFBvQlU5NFlhQzgtcGNraXU5NXVXT1A4dmRnWWNoM0dIcUtzT1YwTUhwSFJ1cENHc3RxSXU1N1pwZE1LbHBRSE81aXpQMUFVUDFsTy1VNlBQcWQ0cV9GbHdRVS1rMzRCbWttTGFaVjZPSFlLNXprLXhzQXhBM0hXSnNGdmM?oc=5,This is why a convoy of Southern Water tankers were in Bexhill SussexWorld,,
MENTIONED,5,Southern Water,Water,Google News: Southern Water,news.google.com,2026-07-16T04:05:00+00:00,Southern Water reports operational gains as investment reaches record levels - Water Magazine,https://news.google.com/rss/articles/CBMivAFBVV95cUxNR014dE5DMm1QTGFIU25YeVNHbkRBby1lR0NsYnRKM252RVMyc1htWXgwVFJIZUN4akdTbHRKa2ltLXE3Tjl0V3JXMFdOWHZVcVNZUHM2dkFmRmlTcXp0OW1NNXNWbVVWdjlTeEpZLUhOLU5hejR6NnZWOHA2LXV3NVB4b3dYSmlleHhwck4tVFlxVHBEYThJV3ZUb2FuSGFsTEJlZnZrSDFweThhaXMzQjJDNU9uSXQ4aWYyUg?oc=5,Southern Water reports operational gains as investment reaches record levels Water Magazine,,
MENTIONED,5,Southern Water,Water,Google News: Southern Water,news.google.com,2026-07-16T19:17:27+00:00,Southern Water explains tanker presence at Bexhill’s Galley Hill - bexhill.news,https://news.google.com/rss/articles/CBMijgFBVV95cUxQZHVpbGZZQkdGN3dHdDZ4eEtWSW1COTB6bEpjc3JiZWd4bUJLNVZVUHdYUldnalZGOVBfM3lLWFJERHZERWlDWmhHZTQxZVlPMDRGcWxtQ3F2Q2E4amdwMWJJNlN5cnI3bENfNlVpc19oaFlHZ08wWlNXODAtTURHdHdxZ1VVc1pUcWp0MTVB?oc=5,Southern Water explains tanker presence at Bexhill’s Galley Hill bexhill.news,,
MENTIONED,5,Southern Water,Water,Google News: Southern Water,news.google.com,2026-07-16T10:13:00+00:00,Southern Water to begin network testing in Witterings - SussexWorld,https://news.google.com/rss/articles/CBMinwFBVV95cUxOWmJ4VXBJZjVKTWU4TVlvT1pVRW1LcXo2eTdOM0dUd3ZWV1FnTUI4ZERzMGozbnVwN3VXSS0wRV8ybmd0RWJZdEFlR1ZaOU5fblN2alN5UWZwdUdMaXl3RG5LMU1sc1pIbEdIek56ZFdNa0M4eUxCcTZLSld4SDNQUWVDRlI2WUhYbDRBejZiekhyMTZydlJKLVVGOTZyQlU?oc=5,Southern Water to begin network testing in Witterings SussexWorld,,
MENTIONED,5,Southern Water,Water,Google News: Southern Water,news.google.com,2026-07-18T17:31:12+00:00,SOUTHERN WATER 'NO CONFIDENCE' MOTION REJECTED AS COUNCIL TAKES ALTERNATIVE ACTION - Island Echo,https://news.google.com/rss/articles/CBMirwFBVV95cUxQRVZCUHFUM05SRnM2WHJZRTItNXVVenM5bXdFZ2RCYUpYRGVxWjEtQU9SNEJERms0Y1V4WlU2SURKcFJVS01TR2habG9aMzNrOHJaWFRqd1BzWldBZ0dsUlhsS2FKUzZzTklIUDZzdW84c18xUC16eFZVNWxpX3BZa2ZSZEJHLVA2eGhRZ0dkanFLaWlMSE5PTlkzWUFEeHJQWHg3SnR3WllKWGlXWnVv?oc=5,SOUTHERN WATER 'NO CONFIDENCE' MOTION REJECTED AS COUNCIL TAKES ALTERNATIVE ACTION Island Echo,,
MENTIONED,5,Southern Water,Water,Google News: Southern Water,news.google.com,2026-07-18T02:30:00+00:00,Southern Water launches biggest ever spending programme - Daily Echo,https://news.google.com/rss/articles/CBMimAFBVV95cUxQRnNaSkhZdGozVE1vRVFkd29fMHdkdGd2S2o1QVRLdlpaWEpfZHB1elVvVUxhQmVUOEVkV1JKbHI5MzhNWEdoczRXSW1fbDlCTU5rTlRLajBzYThzVmpndkxkNWV0ZFo2b3RqT2FMdHJXRG5EVkFfSjN0VTM4OFc2eFJEbUJuaFprNW1UckpqcnMtbDNTamNrMw?oc=5,Southern Water launches biggest ever spending programme Daily Echo,,
MENTIONED,5,Southern Water,Water,Google News: Southern Water,news.google.com,2026-07-18T08:35:56+00:00,"'DIRTY BUSINESS ISN'T A DRAMA, IT'S A REALITY' - PROTESTERS TARGET SOUTHERN WATER - Island Echo",https://news.google.com/rss/articles/CBMipwFBVV95cUxONDFHdVU4cHhFd0sxM2t2RHpaZ3VDbDJwVGJIczRid3VqMW1FMzd6czdoWllwR1pCSFNnMVpoVkdvWlFFRlR4TGhOVnhCOHR0VWVWc2paVzFEYkhSTFJVVjg5bXgwOV9WWVRVVXNCTEJCVTRrMURTTmNLbEE4eWJ4cWpvcW9ITElxbHk5ZjQwa1pUSHNoZkhSS3N2QklmZHRZX0c3c2c1QQ?oc=5,"'DIRTY BUSINESS ISN'T A DRAMA, IT'S A REALITY' - PROTESTERS TARGET SOUTHERN WATER Island Echo",,
MENTIONED,5,Affinity Water,Water,Google News: Affinity Water,news.google.com,2026-07-16T14:13:23+00:00,How long will hosepipe ban last? Affinity Water gives update - My London,https://news.google.com/rss/articles/CBMiiwFBVV95cUxPZ3pQaTlrcWgtRDEtQTZuOVd2WVpibWtLeFZ4eWk5U2NXbGl2amU0WDJlazZsTlRwQkhISmlfeXg4YkJfTkVxcjV5NE9ucmotTU9mWkNXRXBOZG1YTjI3R1pkZVNPTVBvT2RxWlY1ZzRzdWZKR3V2RnlMb1JWc2x5NDJGbkZRUHZkbEdZ0gGQAUFVX3lxTE9yNl9wWkpaM1R6QUk4RG1OSElNcUJSay1lRTZVaVlKZkhVTlJpazRPbV9ZZlBpYzZLNjBXTzJHZ0pfSG1BMnp2WUpqWWU5QWdCeVgxcEY5eElCcDR1czVoaGhnX1dJckVZR2hKNHRKUVl1OGxNMXBhMFhtNzNjbHR4aUYtcm1DSWxSMWFXR3N4SQ?oc=5,How long will hosepipe ban last? Affinity Water gives update My London,,
MENTIONED,5,Affinity Water,Water,Google News: Affinity Water,news.google.com,2026-07-13T10:44:00+00:00,Affinity Water hosepipe ban now in force across Bedfordshire after ‘exceptionally high demand for water’ - Luton Today,https://news.google.com/rss/articles/CBMi5gFBVV95cUxPZ28wNjh3bDFUb2VNRDZPMW43YWFKY3VmZkdfVFNIVzUwSE1Dakx6Nktna05DTVpWU1hNYjBleFMwM1ZGM1o4M0o4M3RmX09oYkYtM2Z6ZjlyXzNIQXA4aFgxU2JsUzNzWVdDYTE1WlZLd2lLVEwxT0gybm9vUEZrQTQxUEhCN2ZzU0hHbnJIcFRvdjFVaXhEOEdFVDRqbnVOdVdpWG9XYktnQVZ1Z295V2tzdHlXMkVtcDRxVVhwMnZsTFF6ODNUdzQ2SlVDaENKNGdKblRUVDMweDRkQkRMczBtS1RvQQ?oc=5,Affinity Water hosepipe ban now in force across Bedfordshire after ‘exceptionally high demand for water’ Luton Today,,
MENTIONED,5,Affinity Water,Water,Google News: Affinity Water,news.google.com,2026-07-16T23:01:00+00:00,"Hosepipe ban for Affinity Water customers from today | News - Greatest Hits Radio (Bucks, Beds & Herts) - Rayo",https://news.google.com/rss/articles/CBMitwFBVV95cUxNalpLZmQ4SDQyY3JqeEdlMjY2WV9jb3JEUmNWbEJ1aVZDWDFOMGJoQWFsMmZXSlB2RlowN2FMc3ZzeEMzWThjbEZkODV5YzZnX2sxSk5rZWNfQnktNGFOakt4RjlNTDJvZGh3Sno0UENVNkxoX3JjakhyY2NYSS10b05aOVVhNVFGYmRoU1dmZkVseFR3ekYxSmhoZ3hRWHp2NmN4ZWxsUzFCN2FndUNNZHV2QjFPUlU?oc=5,"Hosepipe ban for Affinity Water customers from today | News - Greatest Hits Radio (Bucks, Beds & Herts) Rayo",,
MENTIONED,5,Affinity Water,Water,Google News: Affinity Water,news.google.com,2026-07-13T10:25:00+00:00,North East Herts MP poses seven key questions for Affinity Water boss - Bishop's Stortford Independent,https://news.google.com/rss/articles/CBMivAFBVV95cUxPRzBUMEZXa1JIUG9wWVdOaXVSRDVRRnpmVmxUYTB0T21SenpzdmU5eTA3Z1M4em1LLW1JVWNMLThhcUpWeDhzcTR5NnJ2eUZxRmdiX3NENXlqTmMybWY2MUlUc20tdlZuRVdQSGdUdmkzb2JEdFBudF96ZEJmZm9Xa1Z1aDQtSkpMMUJjZEtCdk1fa3dGOVhDSDZFZHZhcndUYi1YT2pybkZ2V1BpYXVLY1hGcUxndDVNQUZHZA?oc=5,North East Herts MP poses seven key questions for Affinity Water boss Bishop's Stortford Independent,,
MENTIONED,5,South East Water,Water,Google News: South East Water,news.google.com,2026-07-19T10:36:00+00:00,Beleaguered South East Water apologises as thousands again face supply issues - The Independent,https://news.google.com/rss/articles/CBMiqgFBVV95cUxPbWtTY3NRMHFobFZjejVKQzZwMWVoTW05Q3l6TUYtV08tWE9COWxGZXYwTTZUNDZtQ2FFMVRObDhfTWVFQWFPZDBFUWhqQmhFbm9rd284dHBPWnp2ZDA4Z2xPVWdVa25ybE50cUhWdExyQU03dFpfM21DWDd2YmVnUXA5dEJZQ1ZEdUtGcVRqWUlKaVpCaUtnUHVlbTV4c2JldlBfclVNNkZKdw?oc=5,Beleaguered South East Water apologises as thousands again face supply issues The Independent,,
MENTIONED,5,South East Water,Water,Google News: South East Water,news.google.com,2026-07-18T13:36:09+00:00,"Taps run dry, cash runs out as South East Water’s financial fault line exposed - London Business News",https://news.google.com/rss/articles/CBMirgFBVV95cUxQZWdscDhpZVEzSUM2T2F6aHJCVnR6cWtpSm5Rd2dtbzltRnJJaUFLVHpMYmhvZUdYbDBOaHVkU1F3bGFPQzladE9qdk5INkRLSFo3RHlrNnZyRTRfNlhIa20tRUdxRWMwTzF2MUJrWGF6eWRfd1Q1NUxKRTRacWZwTThnZ0ZWVEZBcTk0U2tzcnNSSWVUQnozVUdCMFZJWkppeGY4OWlHaWx5c19mQnc?oc=5,"Taps run dry, cash runs out as South East Water’s financial fault line exposed London Business News",,
MENTIONED,5,Welsh Water,Water,Google News: Welsh Water,news.google.com,2026-07-19T04:17:00+00:00,"Welsh Water called 'bullies' as they demand £7,000 each from homeowners on one street - Wales Online",https://news.google.com/rss/articles/CBMikgFBVV95cUxQc2RlQkNpbFJEb0ZhSWZnTVNXSE0tZG5RdXlCRzBNMk1EZFZQd3RhWVVfZk1uOU5GTU5Na1JoTF9NVm9yNjhWMmxZNTJYUVZMaW1HSGdyX3dpbTBmWWVPUHhDSEYwSmlWZ3psNjBHVVRnMU4tZC1KRmZzZ3NJLVV1UHhsUnVuZnNCWFNBaWtRZFRVZ9IBlwFBVV95cUxOMmNoYS14bkRPTWFid2hLM1lXdFRVUUZoelo3d1FQRkJ0bDhuVDBjaXFhNkNjTmdsNVlGSFNLUm96WnFUZmtWdTlKdzBMMlEyYmxrdjhpNzhZcWJMVW41Z1BYeVJidzBzSC1TTzJJR1daUW1vWWpOQnh0Z0h0YlMydVFsaEtJc29hckpRU080VlZuYW1jOWU4?oc=5,"Welsh Water called 'bullies' as they demand £7,000 each from homeowners on one street Wales Online",,
MENTIONED,5,Welsh Water,Water,Google News: Welsh Water,news.google.com,2026-07-15T11:18:07+00:00,Councillor blasts Dŵr Cymru as vulnerable residents left without water in heatwave - North Wales Pioneer,https://news.google.com/rss/articles/CBMinAFBVV95cUxOc0JwRHhBWVJZeWQtdk1qdUVqTGNSbmtlOTBzRnpOY1diUk1zS2xoeC15YjVhYTRLVU9lX2RQclpMdWpmd3p0MnMxcFIxNVVtODl5X0c5NVNybXR6cTdndVRQWGppOGtyQjVvSk9qcmtEZFphYi1oSHM1S2xpekszTXA0bGpRMWROOFlfMzgtYndDT3k2OW90OTNzc0M?oc=5,Councillor blasts Dŵr Cymru as vulnerable residents left without water in heatwave North Wales Pioneer,,
MENTIONED,5,Welsh Water,Water,Google News: Welsh Water,news.google.com,2026-07-14T14:47:30+00:00,Welsh Water asks for customers' help to keep taps flowing as demand tops a billion litres a day in third heatwave - aberdareonline.co.uk,https://news.google.com/rss/articles/CBMi7gFBVV95cUxPZWtPcmV2ekd4S200eHR4TFBJN2w0TlZESG4yWTlYelhlRUtTZ2ZhYTk4S051ZmZlLVJPQzZncm1kQ3dYSkFXMkZ0V0JJLXB6cm9BWFN2RHB3VlVxWGJMVHpQd0xldFl3dlMxZ0JrQVVCVGc0VlExaFV2UEhETXdvNGpxajJ6dWdoY0hfRXN5SkJIQTAtWkhQaWVPMkNTTWFHQmxpN1FXV1RieExqa3hmVm9NdjhhRUp5RjJqaGJDa3BxUjdCYWNZdTdiVUtaNy14c09CV21TaHlvS2R2bTIxbU5vRXpoT3ZReThvOWFn?oc=5,Welsh Water asks for customers' help to keep taps flowing as demand tops a billion litres a day in third heatwave aberdareonline.co.uk,,
MENTIONED,5,Welsh Water,Water,Google News: Welsh Water,news.google.com,2026-07-17T00:56:11+00:00,‘Welsh Water still don’t get it’: MP attacks call for higher bills after years of failure - PressReader,https://news.google.com/rss/articles/CBMihwFBVV95cUxONmRJbUxyV19YbGlHNHBnVmVBQV9BX0RGMzNGdV9QNE5NSTlmdC11UDdxTWYzTGJ5MUk0bFd5YW1JVnhkRmhPSy1FYktaTTVlQlpOWHlxLXlCaU5HQzN3enBSd0RWN0gzV0ZyWWNxeWhwZUlzQ05yX1U5T3NnY0FhRnh1dURPZFk?oc=5,‘Welsh Water still don’t get it’: MP attacks call for higher bills after years of failure PressReader,,
MENTIONED,5,Welsh Water,Water,Google News: Welsh Water,news.google.com,2026-07-14T16:58:25+00:00,Welsh Water will 'consider all options' to protect supplies with 3 areas worst affected - Wales Online,https://news.google.com/rss/articles/CBMilgFBVV95cUxObDJpemZrdnFybGdnODlhYjV5QWFxV2tpX3RkWGNHeGNFdnB4c2dFREFfa1M2dnF4VlJCci1zREZ6Wm5CTmE0TzRIY1RmOENYYW5xYWhiQXVZR1h5WUJrSFA1Vkdyemd6LTBLZlVYcWdsR3dJdU52X0FLYzZKOVJvX0N4UlZLdTJja3VQX3lpejNqS1NGRXfSAZsBQVVfeXFMT1c2SDZDNTdyOFMzXzZqakYwcFlQZzRNaE9lSGVReU81djhNOG9hVklkNE9WeDJDandXYnYyWnM5bElqMEFMRFZwam11dVdVVXJlaWZtWGx3YkZNSDVnWFRjQ1BfQjBsSTFHU2JsalhqLXFubWhYM3FKOFNPQV9obWFMWmU0YVB0clFlWUxSQ3lWWWJ0QXRPY2V4SFE?oc=5,Welsh Water will 'consider all options' to protect supplies with 3 areas worst affected Wales Online,,
MENTIONED,5,Welsh Water,Water,Google News: Welsh Water,news.google.com,2026-07-15T11:38:38+00:00,Welsh Water considering all options over supply | Western Mail - newspaper - Magzter,https://news.google.com/rss/articles/CBMipAFBVV95cUxQX2lBdGVqeU5Ta1NhVUsyWEJwejdheXNZM0xZZWdXTlJVZUdxSXJIVURURkNaaWdPWUVpS0hBcy13VXBzaFVneElkSWZ2QklUVHV5V0xVRU91dkN5dnhfN0hkWW9IY1dienQ2dld1MTR3TUowekJ4cUxwd0pEczF2OS1pWHRrczB3MUlabFlXSU04LXBPVVhpbzQ4SWt2Zmw3U3h1Vg?oc=5,Welsh Water considering all options over supply | Western Mail - newspaper Magzter,,
MENTIONED,5,NI Water,Water,Google News: NI Water,news.google.com,2026-07-18T11:35:00+00:00,NI Water urges care across its sites as wildfire risk rises due to recent splendid weather - Belfast News Letter,https://news.google.com/rss/articles/CBMi2AFBVV95cUxNQkloWUxEb2Y3dnR3RHN6dXBKdzRTQWhuNGdqM0hkSF81NmUzVHlJYTNGd0hESHI5Vy1LdmZmazhwTjZCeTJyU1pXRVF2OTNYSXBKMmZoeHUtV1c1T0NMOVp6MGpZcVBMNFV0NzNrZDRrQWNoWTB5QkNET1hNbXpRQksxWlVWTXJFZmNtMW1RTEV6TS04R2Y5QktMdE9ia1hWNEJQRmRHUWY3cl9YTUxrdUVNNmYtZEJsWnVKQWwtRHhUR1dGelI0X0ZuNmdvZXdMdkhsWktoSjE?oc=5,NI Water urges care across its sites as wildfire risk rises due to recent splendid weather Belfast News Letter,,
MENTIONED,5,NI Water,Water,Google News: NI Water,news.google.com,2026-07-16T04:00:06+00:00,NI Water delivering widespread environmental and economic benefits through stormwater separation scheme - Water Magazine,https://news.google.com/rss/articles/CBMi4AFBVV95cUxQY3VLMnpHbUQ3bmVCRjNNWEQxb3lYek1qcm52aDhTUk0wSGI1aXMxbjZwMjd1bzlMclpJYWt0cVF4RlB2WDFOdGlZYzBwSWJHOFJvYnVzdzQyWjdXUzFlWnR0bVU2WTBKVnFRWWgtemhmb1gzVE9nMTctcG9sWWY3UEw4UzUtNXJfZmFJNUZMV3JXTHBtd3c2TFNSY2Z2LVhLRnNXcGt0Yk80ODViWGVKemVsSlB3eVBYa1MzSEVvck1rV24xOVRjVzRVT0xua2F0SmZaTmNqMkg4aHlEMF9uOQ?oc=5,NI Water delivering widespread environmental and economic benefits through stormwater separation scheme Water Magazine,,
MENTIONED,5,National Grid,Electricity,Google News: National Grid,news.google.com,2026-07-16T13:32:53+00:00,National Grid plc (NGG) Targets Soaring US Power Demand with $1.75B Joulent Investment - Yahoo Finance,https://news.google.com/rss/articles/CBMijwFBVV95cUxOb0htQkdIX1F1bFNfbTRMQ0JRSnkyX3JKSVpMWThtd0l2X015N3lSOVo3WldYVHhReUIzNzNqTmozLUhRRjNXV01jRTItaXYxdUpWNllsWFdLS3dFU2c1c3JfOUhQUzE3SlFQUUNmdGdiRGtVN2VBTWVsYUczVUhfQVB6bmhrRzBJZ3Q2Yk5pWQ?oc=5,National Grid plc (NGG) Targets Soaring US Power Demand with $1.75B Joulent Investment Yahoo Finance,,
MENTIONED,5,SSEN,Electricity,Google News: SSEN,news.google.com,2026-07-17T15:18:39+00:00,SSEN urges networks to adopt common tool for ‘build and flex’ era - Utility Week,https://news.google.com/rss/articles/CBMilAFBVV95cUxQdjVuSU9hc0o1Q3VOUEtyaHF5Z1ZVbWhzcVdDa0dOLTk4STBEejRLUVhYWjFORTVPTUUyV0xJTWpyMUZIM2l4Ulo3NjRPZldBdWZOT0JUdTEzRGJOWkdGdl9mQVdGSUV5cVlxMUZYNE53blBWaG9SM08wbE1kNktxaU9pbW5QMGRBY1NZUDd3Rm9UM0V20gGgAUFVX3lxTE53SjFiUDlSMkZLMmR0TnpxVmFwY2FCbUR0cC0zbFhiTE1qZU1qengwX1QxZUhRZUhOUmxZd3FkVkEtcUp4ZXF1WEdZOGdsNjJqbFV3azZrcWJjVXhFWkZZTDVuSGE3WlpxMVA5dFp0TzBuWG56dEE0alZqV0VkUnNqZUpYODZkaEtkMmdQNjh4VHJOeXEyMjIxeWRJcVdLVUM?oc=5,SSEN urges networks to adopt common tool for ‘build and flex’ era Utility Week,,
MENTIONED,5,SSEN,Electricity,Google News: SSEN,news.google.com,2026-07-17T14:43:00+00:00,SSEN Transmission shifts Highland construction compound after community feedback - Ross-shire Journal,https://news.google.com/rss/articles/CBMirgFBVV95cUxOUXBiMHBzYmZDTDlESjFhVHY1TFZmY0J5TWplY2FTNVBrWDdZRFJESEpOQ01HRU9IMUlremRmeVZMNWFqLV9xZ203cU9JcEJxSUNlbm5pM3l3OHViQjF1dUhqX3dXVWdUWnVROXY5QnhTR1lSajNjTzdNWjd2WS1va0tQRWF6b25EZVphcnhjZWdGd1NOMUdDNjlRU2JadS1qVXhYeDNvcENERWNNRFE?oc=5,SSEN Transmission shifts Highland construction compound after community feedback Ross-shire Journal,,
MENTIONED,5,SSEN,Electricity,Google News: SSEN,news.google.com,2026-07-14T14:59:47+00:00,SSEN Transmission signs framework agreement for Shetland 2 HVDC link - 4C Offshore,https://news.google.com/rss/articles/CBMirgFBVV95cUxObEhqSXdnclhrV0xaT3RzQldfUzFaOVMtVVlHZlRNbXFOVjlnc2VEbEZhdE9jXzRBeE5vcThick5Lc2hNNWs4Zk1YYUJzSWpNaVFUT1R0MWhZT2hmd1g0UkRmQ3FiTUJFdTdUMTRXRDFBUUdrQWttMW5VQWRoUmVFSDRzUGVnWTN4MkFkQlkzMW9ReGwwSkduUlIxVUhQdU9NNDN5TnhvVXJzbV9wWlE?oc=5,SSEN Transmission signs framework agreement for Shetland 2 HVDC link 4C Offshore,,
MENTIONED,5,Ofgem,Regulator,Google News: Ofgem,news.google.com,2026-07-14T05:13:48+00:00,Ofgem terminates Cavendish contract - PR Week UK,https://news.google.com/rss/articles/CBMiggFBVV95cUxNbmx5UHZIVS1nNEZGY3laRzdzV2M0Y1drdERzaXpLRmRUcHcyMUN6UGJFU0gxNVdoRzhWOWRDODczOHJSUzBYdFlmbXVPa0tJYUlBa2xaemJSanFDUExScHZkNnYyZnFHRVdQektqSVR4ZGdSb0g1bXlTcXd1aVdMcldR?oc=5,Ofgem terminates Cavendish contract PR Week UK,,
MENTIONED,5,Energy UK,Industry Body,Google News: Energy UK,news.google.com,2026-07-16T08:56:20+00:00,CBI And Energy UK Release Blueprint On Business Energy Costs - Manufacturing Management,https://news.google.com/rss/articles/CBMitgFBVV95cUxONU1FcTRYWTlsMHEyNHRacjBOWFlHVE1xc25xeWotbkZWMDV0RS1MTUlPZGtIelVBaERJUWZtOGE4dFl0bks2elJ1c3h2NEVBOEZfbVBhRlhqV2hLRFRMNlFHS0RPYVVhdlNLZ0xGZkF1eW5DMVkxNzdLZDROZ1JJSVNwSFVMQkFPVVE1TlVuTlAxQV9nQjVIU1djWXlwX0U1dUtCZTZMMGU1bUhLZV8xdjJPd2l5Zw?oc=5,CBI And Energy UK Release Blueprint On Business Energy Costs Manufacturing Management,,+1 other outlet covered this
MENTIONED,5,Energy UK,Industry Body,Google News: Energy UK,news.google.com,2026-07-18T04:00:00+00:00,Save Energy UK supports Dorset Mind’s mission to help young people - Yahoo News UK,https://news.google.com/rss/articles/CBMie0FVX3lxTE95NXAxOEZ6eUVQUFZBaHlOdy1PRXlJZWQxRGQ2MjhrLVBtelhHMEJsTHFDUEYta3gzVWNaM3ljRXp0NjVvYUtrb25wSTBfNWRBZ25DNEU0bVJ3eUdvbDVHZHhoUnk5bVUtWEpXTjVTbGFwdVFXaTFkSlJHaw?oc=5,Save Energy UK supports Dorset Mind’s mission to help young people Yahoo News UK,,
MENTIONED,5,Climate Change Committee,Industry Body,Google News: Climate Change Committee,news.google.com,2026-07-14T08:17:42+00:00,Response to the government’s new climate adaptation package - Climate Change Committee,https://news.google.com/rss/articles/CBMifEFVX3lxTE1VYnhRWFR6TWpnZlhNeGd4eTNaYkxWcjhGX1E4QUIxQUlFNTBLLUs1OWszUnlQUzZ6ckdZRHkxblJxaG9BeU8xa2RKRXNWNzI2RU9ZTjFMckh0bWVoUlE2Y0NfNkhfaVRfZS1LczVSVFNicTZzR3A3NmdRcG8?oc=5,Response to the government’s new climate adaptation package Climate Change Committee,,
MENTIONED,5,BT Group,Telecoms,Google News: BT Group,news.google.com,2026-07-19T16:00:39+00:00,"FTSE Heavyweights RELX, BT Group and EasyJet Take Centre Stage Next Week - AskTraders",https://news.google.com/rss/articles/CBMirAFBVV95cUxQQ2dFUERaXzB2Z2wxSjlQLXRiMmlvSmd6ZnEyTGZRUWJLeU9TUWNxZUVyaWR1X3gwaG0tOWJUOHhHUnZmZUJMNkJSYVdBekVHSnZ2NEE5N3J1VGk4UnVIZk1UNlJXYXJTY2JhcXdmLWIzRjZacVRCNUJVUUxhZFEtX0U5RHItS1c0WTBEUm11QTFURHkxdUs4eFV5NTV4Unh5eU4xX0tLSGlSTUJj?oc=5,"FTSE Heavyweights RELX, BT Group and EasyJet Take Centre Stage Next Week AskTraders",,
MENTIONED,5,BT Group,Telecoms,Google News: BT Group,news.google.com,2026-07-16T07:02:15+00:00,"Week Ahead: 3i Group, BT, Centrica, Compass, Fresnillo - Interactive Investor",https://news.google.com/rss/articles/CBMioAFBVV95cUxNZlpoSjdud0NicFF5cHpnMWdCT0ZuYmg1RFgybTdVejBWTE80NkxxVExUUHN2dGt5b0Q4RFFfOUV4NHVmeFBTWVBRZm11THZTQlFJdjlzVFBrZ3FKNGQ5WFd4SXJPdjlYUDVyWGRSZ1U1Q0lRRklFdEtkQ3FBa3VtdzZvQ3Z0aXA2azBvaDhSRXNkR2t5N3BsMUlYZkRIQ3p3?oc=5,"Week Ahead: 3i Group, BT, Centrica, Compass, Fresnillo Interactive Investor",,
MENTIONED,5,BT Group,Telecoms,Google News: BT Group,news.google.com,2026-07-15T11:00:00+00:00,Citi flags pension risk to BT dividend hopes ahead of scheme review - Proactive Investors,https://news.google.com/rss/articles/CBMi1wFBVV95cUxPOEFFRVFRSHh6dGdmTGVBaE9sWjRMZXQ5SW5heHFQQzgzeWVpN1YxSEp3Xzk3VEJOTUJzRXJVa205NGpzU0tvY2Vod21UUmNWS0N4N1AwYS1sdHpaSGYxS0gtVXFoVVhNcEhRRTkyQkNVR0dKNGZ6OFhCWFNyVTJLektYS0dBMGQ0TkxVcVNJMzZvRWlDM3hTU1ZTN25NWHI0UHZ1RnBiMDFSM3VNVjJacFJHZmkyS1hqM2I5VVZsN2MxaUpHbW1LR1RacjlMbGJXc2psb0VQNA?oc=5,Citi flags pension risk to BT dividend hopes ahead of scheme review Proactive Investors,,
MENTIONED,5,Vodafone,Telecoms,Google News: Vodafone,news.google.com,2026-07-16T10:46:00+00:00,Vodafone Says UK Ranks Poorly in Study of Ten Major Mobile Markets - ISPreview UK,https://news.google.com/rss/articles/CBMiuAFBVV95cUxQU3JRREhKWW45dEd6OVR3Yl9jalByY2wzcmxVekVhQTFiUC1zYzlobm9tWFJfMUFCTTBzbUVtSFhZOXlNdnhiX1BDTTdfTDRoN3cxVmROSWFnY255Mnp6TnJGeUZjcUQwYkhvaVY2T2RocmZfUG02aHFuWlh1SUkzbU5fM3lRb09MNnUzSy1iaEVoTFphWUlUQjhFeVhNbC1EenFaeTdOWk9BM1AtZm5qUTNpVmlaWWxQ?oc=5,Vodafone Says UK Ranks Poorly in Study of Ten Major Mobile Markets ISPreview UK,,
MENTIONED,5,Vodafone,Telecoms,Google News: Vodafone,news.google.com,2026-07-13T15:54:00+00:00,Vodafone UK Deploy Number Verify v2 to Protect Against Online Fraud - ISPreview UK,https://news.google.com/rss/articles/CBMiugFBVV95cUxOaHQ1SGd0Nm1GRm42cW5Id3B1MlU1bFloaXl4WTlrX2I3dnNrTUMzbUNwVFN5QndQMDJTZTUwRjNFNzNjdTJCbG1kWGJRUmRUZFE2THRjS0hMYVhPTDRISnFZbW9HM2tPM1ZiTnktRGZVYkhYNEVlanFuNWhudG9YeGVOXzVJM3p4d0tGOThaSjNkcnk2aXc4TkpfT1RGMmJiOFM0V1czbF9pclhsVUdUZ3F3R2tGbFFvanc?oc=5,Vodafone UK Deploy Number Verify v2 to Protect Against Online Fraud ISPreview UK,,
MENTIONED,5,Vodafone,Telecoms,Google News: Vodafone,news.google.com,2026-07-15T16:33:30+00:00,Vodafone Business advances Greek ‘SD-everything vision’ with Fortinet - telcotitans.com,https://news.google.com/rss/articles/CBMiwAFBVV95cUxQSlZGVk9oVFhRdEdtNFlYSUxoY0hJeVJ5X21Qc0tvWDdHZFhDYloyMkpTWldGWkZCSXBoTFhNbV9JU2ZWUUJ6aHA4LWU2aUF5VmZpQVRWc2pyV00yaENhMnFOaVNuOEUtdkd3OXVobmtjX0ZySDZzcmRCU1FHaWpHSzc3dnNlRVEwekRWdUIzYV9YUnczMldQOTR1SWhnQy03Y1UxS0xBbmpySHZlYW1JY00yX3FpVDNGa2ROWmk1cHc?oc=5,Vodafone Business advances Greek ‘SD-everything vision’ with Fortinet telcotitans.com,,
MENTIONED,5,Vodafone,Telecoms,Google News: Vodafone,news.google.com,2026-07-17T08:52:43+00:00,Friday Morning Markets: FTSE 100 Edges Up as Vodafone Rally Rolls On; Burberry Slips - AskTraders,https://news.google.com/rss/articles/CBMiuwFBVV95cUxNRXRaUmlYRlJKb3QyS0p5QW9jYjhhTlp3el91OE1hTzM3V0NJcmtXYnVKajIxM3BmajRzUEkzRGFmT0hYWTBTdmdaYS1taDhWUkNNN2pJMEVpWERWc2RTMTZ3MVBfRDJEQUpmb2NvZmR0T1J4T2ZTYnNEQS1pWDVIYzlNZDF5OWY1TnlUOTA5aU1JWk84X3JZMDhQd3JFMThZeEJaempoeTZ5UkIzSkE2Ry02X1dHLS1SN2tF?oc=5,Friday Morning Markets: FTSE 100 Edges Up as Vodafone Rally Rolls On; Burberry Slips AskTraders,,
MENTIONED,5,Vodafone,Telecoms,Google News: Vodafone,news.google.com,2026-07-17T13:33:14+00:00,P3 names Vodafone best mobile and fixed network in Portugal - Telecompaper,https://news.google.com/rss/articles/CBMipAFBVV95cUxQZ0VLZ2p2TElYeHJYaE1XRUhNTVhadDIzbXZVWVItVllaQzVOVl94djV0TWpFSTg1WFl1SmpyM1lXRHJsclVvc2NTNXU0TUZ2bHNoWHVlMEpoNDVGRXB3c1ozRlFiSFp6RlFiMFExbVEyMVZJQTJrSUxFdXlELXRVU3AyZ3RhSkVCUHQybDl5SXdqblZmUkRoc1dNTUFiRW14V01NMg?oc=5,P3 names Vodafone best mobile and fixed network in Portugal Telecompaper,,
MENTIONED,5,Vodafone,Telecoms,Google News: Vodafone,news.google.com,2026-07-13T13:52:06+00:00,"What’s up with… Vodafone, Telstra, Apple - telecomtv.com",https://news.google.com/rss/articles/CBMiiwFBVV95cUxQbC1Wd3RWUjVKbDlFMnZYSVlGMXpscEllSHpDTy1OQ0hxYjE0LXZ0dTJ3RElUVTEwNTZJVGpZY1FYa2NqMXBfQm5XbnlTVWUtaWJncEdVVUJDNllDZkRJQkM5VG5LSnpqVUtlaHE2OFA2X29rTkFEb1dEaVBGLUNORF9rTHpMaFhBaVE40gGQAUFVX3lxTE1WWE9jNi1iV1ZwZGZmLUpNaUYzTXo2RTlKMVlNX0VKcWZVdEc4bzd1YTQtZk1GSlJLWER3MERkNy1kR0dwMnEwTm5OdDl4S3k1U0ZTR0VwLXZseVUtNkNnQWtvY2RfeTUyanNDdV90VmpMbzAxNzAtUU45aGllX09feDlXOG9fNUF6QVZ3U3lTeg?oc=5,"What’s up with… Vodafone, Telstra, Apple telecomtv.com",,
MENTIONED,5,Vodafone,Telecoms,Google News: Vodafone,news.google.com,2026-07-13T08:17:27+00:00,Vodafone takes the BESTT route to a green RAN - telecomtv.com,https://news.google.com/rss/articles/CBMiogFBVV95cUxPenRqX094Yk8wT2E1ckdFcGhGSHVlUXZTX08tZ244Mnd0anRuVE1LZ244WTdyLXRVWG40Vk5DalBaMVAxWjduTHc4MzVEdDhNOFRNWERjQnNOWGVFLU91M3l4NFFTbzlaMDM5RkxvdU10cFE3WkhNSm0yLVZnaGp1UHRMLUJZR2hEd0tVandMNU5XamZ6MjJvdjFudzEzQVY3ckHSAacBQVVfeXFMTjAwNEMtd0xGRl9EVU9YSFFpNW4xanI4VmljSUVkdmhtVVUxeVAzWmdTYmJyb09menFNcHoyam5YSDJkQlg5aDFPamRaTy0wYzIzTHgtb1ZLQW1nLVRSYUo4bVBqa2FfcEdqc3R6dzZoTVhpWDFQWTBNRUpYRG0tMFJJVl9Bbk9GejBqV2VEODIzTmFINHc4aERnYl9aUUk5RGljR041UWc?oc=5,Vodafone takes the BESTT route to a green RAN telecomtv.com,,
MENTIONED,5,Vodafone,Telecoms,Google News: Vodafone,news.google.com,2026-07-15T06:01:52+00:00,Vodafone Business launches SASE and Secure SD-WAN services in Greece - Telecompaper,https://news.google.com/rss/articles/CBMisAFBVV95cUxNX181WTZTaFE3ZFJhTUNyZGlhT3hoc2pqTHN6dEFpRVpGdFFla1duV2FPT1pjLTBkWXN1LWpKWWZCTTdpUS1kamM3RUJYcG1oUUxrQWw0eHNoZXZ5SmRBU05HTlBiTC1DTy1jZk0zOGRoQjlpc1ktenRNUzJWNEowakxWOXJwQjRpVFl0bW95NFNob0FablpVQ2ZWOE03TFFtZHh5SWtiWmJPT19MZVpvTg?oc=5,Vodafone Business launches SASE and Secure SD-WAN services in Greece Telecompaper,,
MENTIONED,5,Vodafone,Telecoms,Google News: Vodafone,news.google.com,2026-07-14T23:01:00+00:00,ASA Bans EE Broadband Ad After Sky UK and Vodafone Complain - ISPreview UK,https://news.google.com/rss/articles/CBMirwFBVV95cUxON0hxQjRsT0hGMUt1RlhaYUNVVndBdHdqeUdJNTNNeU0tU2NOWnpqQnJWVGI4WW9SMXBXT1JTVlpyVEZXWlJlcEJqaERsVHpKUzNCYlNFT24xVWh6aVZjTl9NUUZkaFZweTdVZDg2eDZXNHVJalpJRmE0ZGVGYXBVQjJ0ZFZYR244RXZWSTlVRXhJWDVnMW84eHV6My1fRnZSS0ZnRFVlZEVBckd2RExZ?oc=5,ASA Bans EE Broadband Ad After Sky UK and Vodafone Complain ISPreview UK,,
MENTIONED,5,Vodafone,Telecoms,Google News: Vodafone,news.google.com,2026-07-13T15:32:28+00:00,Vodafone taps Nokia for AI-powered network slicing - telcotitans.com,https://news.google.com/rss/articles/CBMiqgFBVV95cUxQcWQ1czdaREZaNU1qVm9IU2hUSGw2VkMyZnFaOGpwQnVTaElldmgwUkpCUzNESmVLZThwemtWVW1iY19fNnlsUndWX1BmYUlqVEVGdmVyNTR4VFRqOVlxNWdESmRJdjlERHdjcHV0Um9uWHVfYjZyZmJybUNHaTF6ZktjNWVad0VNdzdYTXZ5YTRHdzdwaXVhUUk3MzJGVGpzb0J4RUlpY2NDZw?oc=5,Vodafone taps Nokia for AI-powered network slicing telcotitans.com,,
MENTIONED,5,Virgin Media O2,Telecoms,Google News: Virgin Media O2,news.google.com,2026-07-15T18:48:31+00:00,"What to expect from The Five Star Weekend, Sky’s sun-soaked new drama - Virgin Media",https://news.google.com/rss/articles/CBMibkFVX3lxTE1qV05aeVlDc1VzWFVPMU8xZVpnM3ZBang3ak1VNzRYSTJrVUNxcGlGOEQwNGFoS25HN0NoZTRUR1V1dkNybEJ4MXNyWnhESG50WnhZWVowdVExR1c4WjVWSEowdGd1S3hLRUxVb1l3?oc=5,"What to expect from The Five Star Weekend, Sky’s sun-soaked new drama Virgin Media",,
MENTIONED,5,Virgin Media O2,Telecoms,Google News: Virgin Media O2,news.google.com,2026-07-15T18:48:31+00:00,Why The Dark is shaping up to be ITV's most chilling crime drama in years - Virgin Media,https://news.google.com/rss/articles/CBMiYkFVX3lxTE15R3VxWjM5Wk12Z252TGdoQ1lyU0h0Sk5jbnRJQ1hOTzhBRHdRaFBNaHJXeGtCbVczUEh5Mmcxb2hFUXFSdGpmSXY4TDBtMUROWVcyMmVDbXFLdHlMWFJfdkl3?oc=5,Why The Dark is shaping up to be ITV's most chilling crime drama in years Virgin Media,,
MENTIONED,5,Virgin Media O2,Telecoms,Google News: Virgin Media O2,news.google.com,2026-07-19T10:46:18+00:00,Virgin Media Has Built AI Robots To Watch Over Your TV. - Cord Busters,https://news.google.com/rss/articles/CBMidkFVX3lxTE1GSDlDclNsXzRwdTUxSXpfNHVhRVpzQmMwNDRSMnFVX3luZTR5VE83Yzc5UU96djZaSVE3NEdodlI5dWZFQ29ya3NSN253cmJRaXRLeUpPR1VuUm9FUS01a0x1QmVqSHdWLUR6eDV0NlJSRGVGNmc?oc=5,Virgin Media Has Built AI Robots To Watch Over Your TV. Cord Busters,,
MENTIONED,5,RWE,Electricity,Google News: RWE,news.google.com,2026-07-17T08:39:41+00:00,RWE hits half-way mark on Thor turbines - reNEWS,https://news.google.com/rss/articles/CBMigwFBVV95cUxPVHZ1Z3d6T3NmT2Flb2RJdVo5N2o0TGNISzlHYXktb2NhQTducDJMZFFLc0FHTmY0NTlXeE9WSTdpeTBza1dZT1dLeXBSdlZzandsSzlhWEZhWUF5QnV3THJEZGVuelFZcU9Eb3ZPTnN5NnQ3RWcwcS1xTTlsNmtIcnlZUQ?oc=5,RWE hits half-way mark on Thor turbines reNEWS,,
MENTIONED,5,RWE,Electricity,Google News: RWE,news.google.com,2026-07-15T12:50:48+00:00,RWE to repower 5.4-MW wind farm in Lower Saxony - Renewables Now,https://news.google.com/rss/articles/CBMikAFBVV95cUxNZG85SGxicTEyWVRvRXhYNmxLQ3l4bkIyY3A3c1ZMNTR3VG53MHRRMUIzZzlvRHZxTk42cmlERklrdHpWZWx5Tlh0V3FYam9GYXRYcWlBWUtHN3JOQWRVV1pFcUxtZmlLN3BIalZtUGJQWjR4bzltNVc1RlkyODcxdV9EYmZYendjQURrVU9qd2c?oc=5,RWE to repower 5.4-MW wind farm in Lower Saxony Renewables Now,,+1 other outlet covered this
MENTIONED,5,RWE,Electricity,Google News: RWE,news.google.com,2026-07-15T10:18:35+00:00,RWE wins Rethen-Vordorf repowering contract - reNEWS,https://news.google.com/rss/articles/CBMihwFBVV95cUxQYzV3ZGtiU1ZZZGljd2lsYjB3SWpqTjdoYzdDMGs1OE81LXZBd2tmLXdvVmhRZ2ZGa1FjWi1XbUl3MkluTk1jclFyNWdfbVFmeW4taUhteE1oQUlJeTNQSzFUNXIzd3RRSGp0cEdSSE4tNGYtSzMtb2c5QnFNcWVSWjZzQU1JOXM?oc=5,RWE wins Rethen-Vordorf repowering contract reNEWS,,
MENTIONED,5,RWE,Electricity,Google News: RWE,news.google.com,2026-07-15T07:21:51+00:00,RWE bags permit for 1.1GW Oz titan - reNEWS,https://news.google.com/rss/articles/CBMigAFBVV95cUxOQ0FFZXVvSWVhRlVJQTNWb0ZKU1JrRW1HekI3bWpaeW1LZWt1V2lqVmp5UTRBV0RpV1Y0S19BOFNqM2tuTWRqNkNsOU1SSWhtUlZidkhNTUJoN2M5T1BNanFHWEloNFNnMDlvSkpTQV9oaGxZWlo3a3B4QUcxbWR6eQ?oc=5,RWE bags permit for 1.1GW Oz titan reNEWS,,
MENTIONED,5,RWE,Electricity,Google News: RWE,news.google.com,2026-07-15T08:33:14+00:00,RWE secures federal approval for 1.1-GW Queensland wind project - Renewables Now,https://news.google.com/rss/articles/CBMipgFBVV95cUxNR2s0Wk9JdFhfN0NXN2JvTl9uRFVtNXJzMHhoazQ1dUdDRWo1cGxmdGlHUndlNlJyZGxldlAyMC1NS2dLcXZHbDFXb0VYUTEyUE8xcU1SVUNNMHNHT2lyaWZtNENfY2x0VlBWVnhvcTdSUEJVSFUtUGl4S3lPdWNyS2E2cTVmenZYamdvX0NxUzNzY1lUYUFIY2lBYmxHY0J2UHAyT0FR?oc=5,RWE secures federal approval for 1.1-GW Queensland wind project Renewables Now,,
MENTIONED,5,RWE,Electricity,Google News: RWE,news.google.com,2026-07-17T09:38:28+00:00,RWE Reaches Midway Milestone in Construction of 1.1 GW Thor Offshore Wind Project - Saur Energy,https://news.google.com/rss/articles/CBMizwFBVV95cUxPOTd2SXZXRGNySGRSbFRuZmx6R296TU5XdjJMbzBxNmlLOHVvbnFWSE9UVVZ0Q2RxWV9hVTFraVZDSzhJbFROWnFZeG81VmM0aUJad1dSYlBIbGkzaG1mT21QOTAybkdONXJOZ0o3SzVTTWY0dTNaai1XMHYyM0hrVUhaU1NHa1Q1Z1FwZ3lOcDZxMWNYbWp0VndDaTgxeDUweXNkVV9KRjNCQVpZWXZ4djA1djhJRnk4UXIwcWNSMUVOMUN2czlnSjY1Z0JvOEU?oc=5,RWE Reaches Midway Milestone in Construction of 1.1 GW Thor Offshore Wind Project Saur Energy,,
MENTIONED,5,RWE,Electricity,Google News: RWE,news.google.com,2026-07-20T05:02:57+00:00,"From RWE to Orsted – how much wind CEOs are paid, and why - Recharge News",https://news.google.com/rss/articles/CBMipwFBVV95cUxNanpTMkg1QnZnZGxsT191NUZqWTdaOFJidGhGM2tCYXdtbWtQdUxrdU1saXg1c08zN3huSTFuQnlMMlo5djJXNkY3SzBYd2RCenprU2VXczNUcXhQRnViMDdEYXBjazRRS2RUb1VHYkllQ05MZzZqS01qM3lHRmlVb1JjbUhpUGRrcDB3d2FSZDBkWU1CSVYzcjN1VmplQzJXSGk1UzQ3TQ?oc=5,"From RWE to Orsted – how much wind CEOs are paid, and why Recharge News",,
MENTIONED,5,RWE,Electricity,Google News: RWE,news.google.com,2026-07-19T18:00:00+00:00,RWE will modernize a wind farm in Lower Saxony with 21 MW - Inspenet,https://news.google.com/rss/articles/CBMifEFVX3lxTFB0alhqN1dWMDlIeThkaUdjNWpjdWlCODFLQXRlejBhX1d4RmIwTWI4aTkxSHZsS1hNd09pWEtQV21CUm1sVndmM3E2NUhibnZvQlM5anYxNHBxUGxvYU1mMm9Hd0dKSHU5T0hWWVFRWWhjV3JtUjdHU2tzNEo?oc=5,RWE will modernize a wind farm in Lower Saxony with 21 MW Inspenet,,
MENTIONED,4,Ofwat,Regulator,Ofwat News,ofwat.gov.uk,2026-07-20T07:00:36+00:00,"Water-cleaning insects, smart sewage batteries and chemical-busting bubbles among finalists of £7.5 million Water Discovery Challenge",https://www.ofwat.gov.uk/water-cleaning-insects-smart-sewage-batteries-and-chemical-busting-bubbles-among-finalists-of-7-5-million-water-discovery-challenge/,"Twenty innovative projects have been named finalists of the Water Innovation Fund’s second Water Discovery Challenge. Projects range from microscopic insects capable of cleaning wastewater, to imagery taken from space to detect problematic toxins before […]
The post Water-cleaning insects, smart sewage batteries and chemical-busting bubbles among finalists of £7.5 million Water Discovery Challenge appeared first on Ofwat.",,
MENTIONED,3,South East Water,Water,Google News: South East Water,news.google.com,2026-07-19T08:01:02+00:00,Anger as water supply misery continues for second day - BBC,https://news.google.com/rss/articles/CBMiXEFVX3lxTFBjNHJvSTdYak10akllN3BkUDcydm5seEtyMklXQU9ySmt0ZXdra0FHVWhzcndjNU9zRDRITHVMNWU0TWlibDRaUThya28yQjA3Z2F4a2Y3SUZ6T1cz?oc=5,"Anger as water supply misery continues for second day BBC South East Water supply disruption hits thousands of properties in Kent The Guardian Tunbridge Wells water restored after weekend issues, SEW says BBC",,
PRIORITY,18,South East Water | Ofwat,Water,Ofwat News,ofwat.gov.uk,2026-07-14T06:04:52+00:00,Ofwat confirms £30.5m redress package and independent monitor for South East Water after repeated failures,https://www.ofwat.gov.uk/ofwat-confirms-redress-package-and-independent-monitor-for-south-east-water/,"Undertakings and redress package concludes Ofwat’s three investigations into the company South East Water will have an Independent Monitor to support Ofwat’s monitoring and review of the company’s delivery of the undertakings including its Performance […]
The post Ofwat confirms £30.5m redress package and independent monitor for South East Water after repeated failures appeared first on Ofwat.",regulatory_and_compliance,+5 other outlets covered this
PRIORITY,14,Thames Water,Water,Guardian Business,theguardian.com,2026-07-19T16:17:11+00:00,Thames Water creditors seek talks with Burnham as nationalisation looms,https://www.theguardian.com/business/2026/jul/19/thames-water-creditors-prepare-legal-fight-nationalisation,"Consortium preparing for potential legal battle amid reports new PM could put the company into temporary public ownership The group of investors pursuing a rescue bid for Thames Water have said they are willing to discuss greater public control but are also preparing for a potential multi-billion pound legal battle amid reports that Andy Burnham could temporarily nationalise the company. London & Valley Water (L&VW), a consortium of 100 institutional investors that hold £17bn of the company’s £21bn debt, has said it is open to government involvement with Thames Water, but indicated that this does not include public ownership in the struggling company. Continue reading...",financial_distress_or_crisis,+1 other outlet covered this
PRIORITY,13,South East Water | Ofwat,Water,Google News: Ofwat,news.google.com,2026-07-14T18:26:28+00:00,UK Regulator Ofwat Fines South East Water £30.5 Million for Supply Failures - Fiscal Year Earnings - dars.gov.et,https://news.google.com/rss/articles/CBMitgFBVV95cUxQOHdhaGlWQWNYQmRseVM5Ym8tWUVCcUZhMlpnYTFUcUlMbEdtaFh6dElPVE5zeUhxZ3diQkNiYmtMQWtTNUVEMHZEZzh4Q3JvN3NmVGYzU2xVVDRRYzJOTXVweEV0OWczMTBXM3FfZDhCaFVaVFo4bXBiX0tCdE43c0p6Y2h5cDlId3FjNHpHREcyTUpPTHV2aXJjaGRMX1BESWFfOF9LQm4yX1EzYk5PUUF5X2dBZw?oc=5,UK Regulator Ofwat Fines South East Water £30.5 Million for Supply Failures - Fiscal Year Earnings dars.gov.et,regulatory_and_compliance | customer_and_service,+4 other outlets covered this
PRIORITY,12,National Grid,Electricity,Energy Live News,energylivenews.com,2026-07-14T06:00:00+00:00,Heatwaves have hit the grid but it’s kept working say NESO with no risk of blackouts,https://www.energylivenews.com/2026/07/14/heatwaves-have-hit-the-grid-but-its-kept-working-say-neso-with-no-risk-of-blackouts/,Grid frequency which is a measure of reliability and safety fell to low levels but still within permitted margins The post Heatwaves have hit the grid but it’s kept working say NESO with no risk of blackouts appeared first on Energy Live News .,customer_and_service,
PRIORITY,11,Thames Water | Ofwat,Water,Google News: Thames Water,news.google.com,2026-07-14T08:39:18+00:00,Ofwat and government align on concerns over Thames Water rescue proposal - Water Magazine,https://news.google.com/rss/articles/CBMitwFBVV95cUxOMjFtMnVLVWNvbXc3SHNfLWpzY2Q5N2dkdHpEdGplNWl5d09HY3RNV19kZDg1MDczRmtoVi1sa3FhWjFrVE9MZWQxb1R2Q0ctRDVvS1RMOUwzQmkxaTNZeTBWYi1WM1ZVMFVhdVB5enM0ckJza1NkTmNENEFwOEhvZ2t4akpmWWR0bldLaHVwWmhtVEh0aF9va3hJZnN5Y1ItNXk3MXBNVjF4RHRuNkVJRkkwUnhDNFk?oc=5,Ofwat and government align on concerns over Thames Water rescue proposal Water Magazine,financial_distress_or_crisis,+1 other outlet covered this
PRIORITY,11,Scottish Water,Water,Google News: Scottish Water,news.google.com,2026-07-16T12:27:02+00:00,Delivering business‑led transformation of enterprise asset management for Scottish Water - Capgemini,https://news.google.com/rss/articles/CBMi2AFBVV95cUxNR1JKYWJLc3UxUXN0OTMzaUlTaDdZeDhiMGZqcVM5QlhDWllkWEpLYjJuc0JWWW05c0F4emxQQTlIY1p0YTRiV3JmUEV6NjFSOFBZcFBGWHdfaTRHM2V6cXdWUVVpaG9UNFd2QkloNlBXOEhCRnV5RWFfYkdGM1Y2cURtSUc0VjFpdE9XU2F2cjNmWnpFVzlRZHBuTzFQb181bVp0SjlVYm5ON21JMGp6alBNcV9ON2lQSlJ6Yl9vV2gzOFRidlVqQnp3UU1lcjdINHZWOFIxcjc?oc=5,Delivering business‑led transformation of enterprise asset management for Scottish Water Capgemini,strategy_and_transformation | technology_and_data | media_and_events,+1 other outlet covered this
PRIORITY,10,Thames Water,Water,Google News: Thames Water,news.google.com,2026-07-18T13:55:11+00:00,Thames Water rescue sparks £10bn battle between investors and Burnham government - London Business News,https://news.google.com/rss/articles/CBMisgFBVV95cUxOVktZM2hXb1A3eUdKNmdzd19DM2o4ZkdEUGF6N3I4OHloeFBYNVYyMUFhdGNRQlYtQ0kwaGpYZEQxR0VEU1pYMndYNml1eFF1T0d6OFdjWDlDNTFvLWhlRVpSUm4xdEJJX3Z5d1JOblA0ODZ1b0lJSUh4ay1jakUxcTBiclYwR1JpWTkyeGJSYWEyUk9yT3ByZVNPdVpORUNSbExla1RSaFJHQU5TR1hSQzhn?oc=5,Thames Water rescue sparks £10bn battle between investors and Burnham government London Business News,financial_distress_or_crisis,+1 other outlet covered this
PRIORITY,10,Anglian Water,Water,Google News: Anglian Water,news.google.com,2026-07-15T10:10:00+00:00,"£1,000 fine for those who break Anglian Water hosepipe ban - East Anglian Daily Times",https://news.google.com/rss/articles/CBMikgFBVV95cUxOTHdqMlp1bnNvakEyV1lBNDJNZGczblNIbS1IMXFHSlZlYndyRlFPTi1CUDlNa1FScUdubFlBcFFST09LOFd4Mk1EeVRrb0Q4LVVWd2NSVzFEYzJVcHpjSVFwQ2ZEUjI0YkdJRE9jYWhKSWNvdXdxZ0NYckNsNnVXUjJjMzNweVg2eWMtX0J0d0VVQQ?oc=5,"£1,000 fine for those who break Anglian Water hosepipe ban East Anglian Daily Times",regulatory_and_compliance,+1 other outlet covered this
PRIORITY,10,South East Water,Water,Google News: South East Water,news.google.com,2026-07-17T18:10:41+00:00,South East Water: we need new loans to stay afloat - The Times,https://news.google.com/rss/articles/CBMiowFBVV95cUxPT0w3akZ3Ukt1aGk1c21ER3hZYXcwOEJQMVhESnNDOHpITXhnY1dzdXVQcHFLT0JNVzJ6aGJ6ekNTOTh1TGdpVk8wUlNhUjJSaUxtbXpnbUFRVUFUcDJZOGZMTzZXY3paOGJWRU0zd1NpMXhxX05HMUNISE50VlBqRkY0THAtX0YtVy1mNjRCOXVpS2Z6N3FRUVNZdkh5WFU3NDVR?oc=5,South East Water: we need new loans to stay afloat The Times South East Water warns over survival as funds dry up The Guardian South East Water warns it is struggling to secure new funding Financial Times,,
PRIORITY,10,DCC plc,Electricity,Google News: DCC plc,news.google.com,2026-07-16T16:18:22+00:00,DCC plc Grants Short Extension to Takeover Deadline for ECP–KKR Consortium - The Globe and Mail,https://news.google.com/rss/articles/CBMi6wFBVV95cUxNMWpodmMxTU16Rk9mVW9wdjBJQWgxVHUwUjNLb2NZaWtCWXpFbkJkNGVidjgxQmdTVFlLOHUzeHV4dmF1UUdhdDVUMnE4cU9BcDByeDVFd3h2MmNyeXlPVkJXTlk0LVV4bDJyYzBKWFd0UEpCMTJQMlJDakJJaVRENzlPVmJwS3BmeHhZWjA1R0c0SUtSQ2RmdnJVLWxDY1phUXJOUk9aUFdjVTdRODVZWlI0TXc5Z3Zja1RkQy04RG9SQzFHVDc4TkJvRDRNQV9raU1CcXpVcE1RQV9meGg0VDFjSEpWanNmU1Zv?oc=5,DCC plc Grants Short Extension to Takeover Deadline for ECP–KKR Consortium The Globe and Mail,ma_and_corporate_activity,+7 other outlets covered this
RELEVANT,9,South East Water | Ofwat,Water,Google News: Ofwat,news.google.com,2026-07-15T00:15:32+00:00,Ofwat’s £30.5M action on South East Water: delivery and risk notes for project teams - Geomechanics.io,https://news.google.com/rss/articles/CBMivgFBVV95cUxOVXhvQWpYX0hyQUdhNWlBamtlQ2xLMHp1RjJvMXEweFo3VEhRNEFDeldsTnBzR0lVXzU0N2NSckhYbnU4c0otNnEwbFp5NHZVdjZZZFJ0U1lYb09pZndBckgyOXlBLVdVQmFQejZLdXo3b0ZfRFVTUHJraVVWeWZIYUlvVVlNUmoybGFUclNOTHZQNTlXNTRYYXFJX0xMengwalZTSzhNdmRLNXpnd01uc3prb0JTX1ZfZnVmOXZn?oc=5,Ofwat’s £30.5M action on South East Water: delivery and risk notes for project teams Geomechanics.io,,
RELEVANT,9,National Grid,Electricity,Google News: Utility Week (trade backstop),news.google.com,2026-07-13T17:23:33+00:00,NESO confirms internal investigation but refutes blackout claims - Utility Week,https://news.google.com/rss/articles/CBMilgFBVV95cUxQRzRmaE91emx1X0VZUTVBRVhJZUF0M1JpNFNmMHQtYXhub3hrMHk2OUdCcWFBbXNFM1U5VU1LRTJaeFBMWjdfMWQ2djZRSDJtNUwxb3JmMEpncGp1OFJQNW1HWFZmR2RKWXg0ZEp0RE15RldtQWhBbGxlbE03RTMxbVhJZ3NoZjlzbXQtNXYwQmhtcFVjY3fSAaIBQVVfeXFMTk1hanY0TGZJbl9UTkNoUHFOT1V4TVZySm0wb2lvTW9rUnoxV010STNUQkIxbVIxM01PTnJLZkptSnVnZldLN0pSNGNBQ2VxNkMwcEhaeUhzdUlFRTdwM1g2RE53Mk9FODk1Mm9YWjFQYnJNaWZXUDZKX1ZrYU55UlNldlcwT3A0TDVKTXlrR3MtZ3F6QUxwREF1QnZpODVhelJ3?oc=5,NESO confirms internal investigation but refutes blackout claims Utility Week,regulatory_and_compliance | customer_and_service,
RELEVANT,9,Ofwat,Regulator,Google News: Ofwat,news.google.com,2026-07-20T05:03:29+00:00,Ofwat corrects bathing water site targets in PR24 technical update - Water Magazine,https://news.google.com/rss/articles/CBMirwFBVV95cUxNdkRRek5nVU1uVThZdDY1eElhdm81QURFcjJfSWFpcThTMEhjS3kzaGZpa2FqbTFUeTduMlE1R3FUNzVhc3JuNnhaR0w4V3FXSmVLN3dOX3pDZGxZMk1ienNrZXFYdlptZzE0cmxOLWRtLW9ocEphYlBwaHZmSzR5Ymp0aGhkVXRoR01FWlphM2tuYWtVSkNFaDZZcExZT1RNb1lBbXdfZnY4VHFMSlBv?oc=5,Ofwat corrects bathing water site targets in PR24 technical update Water Magazine,regulatory_and_compliance | customer_and_service,
RELEVANT,8,Thames Water,Water,Google News: Thames Water,news.google.com,2026-07-15T11:43:12+00:00,Thames Water warns over long-term future - Financial Times,https://news.google.com/rss/articles/CBMihAFBVV95cUxPdUFGMi1WSU9ua1FoX3JzU2ZPVWljcHRPTkV6OGtfUFh3UC1VejZXVjB6czY0dWN0RXVFYVZqZVNFazVOal9lVmp0eUdvajBXenllbm1xUkl4VVNiQXFtUzI3dWItSUNRWVNpTjFuT0ljOW81NVM5blVKQVJaQzctNnZGejc?oc=5,Thames Water warns over long-term future Financial Times,,+2 other outlets covered this
RELEVANT,8,Thames Water,Water,Google News: Thames Water,news.google.com,2026-07-15T06:44:23+00:00,Thames Water swings to profit but debt mountain swells to £20bn - Yahoo Finance UK,https://news.google.com/rss/articles/CBMihwFBVV95cUxPcUk3OWNaRzBMX3kyX1pnTlJScDVYWXVXcFZxQTAxX0F0bUFjeEdEMklaSTBEc0Yyd3hZRmdzNm43SUEyUkZUZmtsWGRWWXlyZHE2Z0VscEdKT3I0bFNvZFBfRjlXZ0ZPQVRzSlhNenhiX1VXV216RUt5ZEo4VWZIOUtwNU94VGM?oc=5,Thames Water swings to profit but debt mountain swells to £20bn Yahoo Finance UK,,
RELEVANT,8,United Utilities,Water,Google News: United Utilities,news.google.com,2026-07-15T10:38:21+00:00,Costain granted extension to £200M United Utilities contract - New Civil Engineer,https://news.google.com/rss/articles/CBMisAFBVV95cUxPQlBEb3RobER5ak5TTnM5V1UxTm1iRXBQM25Wb25oYUpEOW1yYXZwTWRWZHlUTmVDUTRXNTZ2Q2RJVWFpNktJM3htZXljNGM5V1hqbmZPVFdqTWc0VENoT2RDOG5BUk13Q2ZENWdTRWFka3RMRTI0cXQ3LWVLczVuTlhMYThWMVdlN25OalU3Qm5oNE5vdXdyUW00eWFpV3U0NXA2TWJldkN2bHBlb21CVQ?oc=5,Costain granted extension to £200M United Utilities contract New Civil Engineer,,+2 other outlets covered this
RELEVANT,8,Welsh Water,Water,Google News: Welsh Water,news.google.com,2026-07-18T06:08:24+00:00,"Welsh Water hosepipe ban set to affect 33,000 properties in west Wales - BBC",https://news.google.com/rss/articles/CBMiXEFVX3lxTE9xWWhEWHhyODk3eVh3d1RzelhqYjRmOXBtLVUtVFRUaDdEY2hQU3lKX01pMTZodXhlUGZlczNoeDlZQ0R1N2RpNVl0Y0NVbHRBQlN0RHp4a0IwVXhY?oc=5,"Welsh Water hosepipe ban set to affect 33,000 properties in west Wales BBC Hosepipe ban begins in Wales, who is exempt and what to do if you catch a neighbour using water Wales Online Thousands of homes in mid and west Wales face hosepipe ban from this weekend County Times Hosepipe ban confirmed as water company hit by 'unprecedented' demand The Hereford Times Wales hosepipe ban rules explained and the areas affected North Wales Live Hosepipe ban starts this weekend for 33,000 homes across West Wales The Western Telegraph Hosepipe ban confirmed for parts of Wales this weekend with eleven strict rules Wales Online All the rules of hosepipe ban for Wales explained including who will be affected Wales Online",,
RELEVANT,8,Vodafone,Telecoms,Google News: Vodafone,news.google.com,2026-07-17T02:01:17+00:00,Xavier Niel returns to African telecoms with $5.1bn Vodafone deal - The Africa Report,https://news.google.com/rss/articles/CBMipwFBVV95cUxNRHlPWW15NnJRaTYwVEYyQUhUdUNEczJBRmIxUFFmWHdfNlJ0NmtiMnduME9JcEVuTG9sajZVSDhqMzNCcG1UTEs4S0lzSUI2b0ZWWTg5YWJNWm9CSjdnWEJpbnB6SjJ5eERGeHVkdjVxNFljOHA0U0lJWlBKYmJhSnBXMkl6aHBybHhMVjlvcF9vSlhGY0xBRmk5TE1LbWoySkdfNGd3dw?oc=5,Xavier Niel returns to African telecoms with $5.1bn Vodafone deal The Africa Report,,
RELEVANT,7,Thames Water,Water,Google News: Thames Water,news.google.com,2026-07-19T09:15:00+00:00,Andy Burnham to put failing Thames Water in special administration - The Times,https://news.google.com/rss/articles/CBMirwFBVV95cUxPeEJJaWlzZ3pMZ0IwV1g1TzQ1Mm9SQ0oxeXBSVFJ4WkM5WEEtN3NuS2FQR2w1S050TTZGTWZFRkpYMHljaEJzYmloeUV3NWlreERmZVZCRjF1N2x3SUJWLWZWM2JwQjVKd2VuSjBseUdqTVdOZGwzVWNzS1ltTnNSenhwazJzd1BBMUFJdi1NUzAwVTZpMU10WmticUJSUG0tSHhQeGpXSjFLZ2NlTTJn?oc=5,Andy Burnham to put failing Thames Water in special administration The Times,financial_distress_or_crisis,+1 other outlet covered this
RELEVANT,7,Thames Water,Water,Google News: Thames Water,news.google.com,2026-07-18T10:08:01+00:00,Thames Water creditors expect Burnham talks despite legal contigency plans - City AM,https://news.google.com/rss/articles/CBMinwFBVV95cUxQQ1B1azdwLXZwT0c5eHBxdUtvZmhyTHJBSWZoRkFJUEtDci1lU21SYVNVVTdKQ0VmTERjNDJtV1c0dndJNENEdXZVX1pIdk5VcnNEMjlVV0dydHBVSkwxUkR2aDNPN1I4UDhkWFIwc2NRcUhBYk9MZlVidm5wdTZyamZqNjlQMVdBbzlxNHUtdERESjZtV2FHUWUteVpodUE?oc=5,Thames Water creditors expect Burnham talks despite legal contigency plans City AM,financial_distress_or_crisis,+2 other outlets covered this
RELEVANT,7,Thames Water,Water,Google News: Thames Water,news.google.com,2026-07-19T19:21:16+00:00,Burnham Weighs Emergency Takeover of Thames Water as PM Prepares to Tighten Public Control - Safer Highways,https://news.google.com/rss/articles/CBMixgFBVV95cUxQZE95RFRwblhuYjhDeFhxZ050Q3lfQlR6ZlhuR2o2QjNDNEZneHlFcUdnYlJ4djBGc1RpdDNDTlpYYTZpczdsYUN6VGViRHBZQXUzMUxkVVNyZUllVUkxM2VwNHBXNFZnZXBaMlVtOWN1RWV2TW5zRi1nUjFWV2ZZek10bE9RWVg5OS1KOVpQNGF4NmczOEdJb2I3YzlCRHFjQV9PNkxmM25RNDAwQ2JPVGNUc2NlbENxVm8zaGVWUnB3OHFSdlE?oc=5,Burnham Weighs Emergency Takeover of Thames Water as PM Prepares to Tighten Public Control Safer Highways,ma_and_corporate_activity,
RELEVANT,7,Thames Water,Water,Google News: Thames Water,news.google.com,2026-07-15T09:11:54+00:00,Thames Water boss sees Burnham 'risk' as customer complaints surge 101% - Sky News,https://news.google.com/rss/articles/CBMiqAFBVV95cUxOdFc0R1I5Zjc5clFKWll3U0laazI2VzZwNzltY3VKTXpBU0RmUmM0b1FDbk1LUW1UYUlaa0pfVW9zWXNka2tINW1KMmFfbEpsSUdVNVdlbHp1ZUF4Wk9ZWFFuUUk5eEYyOVNWSEJnenNBbjJ1MmtCbHNEWWJMblVSZFVmUkZKOHh4MVpCckxZc1RmeDFXOG1GWmJsNFlMYlhqVUlFa0IySHE?oc=5,Thames Water boss sees Burnham 'risk' as customer complaints surge 101% Sky News,customer_and_service,
RELEVANT,7,Thames Water,Water,Google News: Thames Water,news.google.com,2026-07-15T06:22:00+00:00,Thames Water boss says he ‘deserves’ £1m salary - The Telegraph,https://news.google.com/rss/articles/CBMijwFBVV95cUxPSXlqWDdVbFVYZjlIMVdQVEZ1aDRQSkNHaDhkMlVvd1p5VkowejBWa2h0SHNxTzF3R0ROU1VoOVlrNjNpOVhtRjNEaHJSWUdpMTdLQ1A5cjVtX2dfSXpWZTFXZnA1RFpTQnBsOGVEQXJORFI4d3dRWEMwMWVRYW14eXRLTVNIS3V3Sms1STRVQQ?oc=5,Thames Water boss says he ‘deserves’ £1m salary The Telegraph,leadership_and_governance,
RELEVANT,7,Thames Water,Water,Google News: Thames Water,news.google.com,2026-07-15T17:49:36+00:00,Renewed calls for Thames Water to be put into special administration to fund infrastructure improvements - New Civil Engineer,https://news.google.com/rss/articles/CBMi7AFBVV95cUxOMjEyRnBkejRxLW93TWRFM01YVDY1Y2J3LURGVno1R1VEbmNoMS1oc0NQeHBjbkFvcEk3cllqb3VTV1hsUnRyNV9MMW1WZzYyMFZIYk8xS2xpeDVfY2t4RnQtTDJaS2tQdE9KWU96eWJLQXBDUEt0OV9EcTE2aWozWmZYaC1BU1EwR0M5QVBRUXNvcERBaU5uV0dSbjVKVTVSN2R3ZkZQNjllQVdFSThvZEpoQ0NEaWJxQUJrcnNObDAyNHRnVkRDa2NQZjNadUNBSnByUGZFaUlKZGYtRmJ6a3pKbXZyOWNPS0pMNw?oc=5,Renewed calls for Thames Water to be put into special administration to fund infrastructure improvements New Civil Engineer,financial_distress_or_crisis,+1 other outlet covered this
RELEVANT,7,Thames Water,Water,Google News: Thames Water,news.google.com,2026-07-14T06:14:19+00:00,Thames Water tops 100km of water mains replacement as AMP8 upgrade gathers pace - New Civil Engineer,https://news.google.com/rss/articles/CBMiVEFVX3lxTE5RZmttV0tqUVNGZHFadUlybWFvYmtQQUdSNm5GYi01YmxmN0pEMXZ3UlBUWmFSSmlZMzNWb1lGTGVlSGVBRDhYZzdVR09ZNzFMVHN4Wg?oc=5,Thames Water tops 100km of water mains replacement as AMP8 upgrade gathers pace New Civil Engineer,investment_and_capex,
RELEVANT,7,Thames Water,Water,Google News: Thames Water,news.google.com,2026-07-15T04:01:56+00:00,Creditors approve Thames Water’s twelfth consent - Water Magazine,https://news.google.com/rss/articles/CBMilgFBVV95cUxOLWxIdzk3ZzRYV0I4WnR5aTh2UzBKcHRTM21ldHpKM3NrWW8xOHp1eDJMdVA1OVJFak9ZU3JORHRMdGgza2FxZkVNQXBUT0hxdmxqeWI5LXFJV2RoejJPNFQzZVV1V1hXOXhBdjVzZ1Fnb1EzT3k0dVJPWFc3NHRXbGhYcmszQ2NUNVh4NW40WFpKazhpMHc?oc=5,Creditors approve Thames Water’s twelfth consent Water Magazine,financial_distress_or_crisis,
RELEVANT,7,Anglian Water,Water,Google News: Anglian Water,news.google.com,2026-07-15T04:10:40+00:00,"Anglian Water Chair, Dr Ros Rivaz, steps down - Water Magazine",https://news.google.com/rss/articles/CBMikAFBVV95cUxNYTU5SE1TY1hqM0VJMjJyR0JqWEZwNHN0bS14Y0ZRUHY4UGR3cXFyMWVnTDZ1RXMyRWlFZFhpbzVOa2d2LVozTllSZDc0d0dsRFltb1NtdnFwc19sYmZ4ZU43VUh6Sldydnp2WHFlc01oNUl4Y1N0c3MzUGxnczNvWTZDQnlzRklsX3VNZFU2TzA?oc=5,"Anglian Water Chair, Dr Ros Rivaz, steps down Water Magazine",leadership_and_governance,
RELEVANT,7,Anglian Water,Water,Google News: Anglian Water,news.google.com,2026-07-14T10:29:00+00:00,"Anglian Water customers could be fined up to £1,000 for breaking hosepipe ban - Oakham Nub News",https://news.google.com/rss/articles/CBMiwgFBVV95cUxPSVpobnd4MVBBQzNGOUduTjFKZXRYdVBFUDZvcjY1b0UtUGQyX0U1blY4elVzb2VZY0FFOHc5cjFSVWVfeUxoNEZmTjR0SVFoRGY1a0Z1b2N2cDVtVG9SUkNfWkF3UVVsNVY2Q3RmWXhLbjh0Sy1TZE5Wa1BsWGZNa1FmZldVZkpKR0UwN28yeWVDT1FPV09ocWJEX3VFVVg5SEZQeFNDVFQ1WjhPMVBMbzBKWlFRMTlXTVpzT09uQzROUQ?oc=5,"Anglian Water customers could be fined up to £1,000 for breaking hosepipe ban Oakham Nub News",regulatory_and_compliance,
RELEVANT,7,Anglian Water,Water,Google News: Anglian Water,news.google.com,2026-07-14T06:42:00+00:00,Anglian Water Appoints Sir Ian Cheshire As Chair Effective 14 July 2026 - TradingView,https://news.google.com/rss/articles/CBMi2AFBVV95cUxQYUxNTFpKcUpqTW4tTndEMVh3c3dfRmIwcUdKb0hXWWRVWFZXSThIMG1vaFlzZ3lUcVhwcVZPQ3FoQXRNVFBDNzNaNndwS0JoNkYxcjUzNjJFU2k1Rm1pdGdQNUZQeVVYRkxqYXpPOUZaeTNsUU1lcHZLSElZT1dkMEZJLXh5SWp2d0lQQ3NUbmJra3NqcHpUTS10cFRoNkFnX2RXakUwUVJkenozSG9nSjJwYmJvMlFtOE11T1dSQVR3M3k2SU9LQlZLLVhMVVpNSzB3WjJqQzI?oc=5,Anglian Water Appoints Sir Ian Cheshire As Chair Effective 14 July 2026 TradingView,leadership_and_governance,
RELEVANT,7,Wessex Water,Water,Google News: Anglian Water,news.google.com,2026-07-18T07:00:00+00:00,Wessex Water chief pockets above-inflation pay rise despite bonus ban over sewage spills - The Guardian,https://news.google.com/rss/articles/CBMijwFBVV95cUxON2hCcTBRazV3WlJaZGs5aUIyMkVFZ1NpQjczbnB5eVQzWTdTY1Q3WjdhbjdCVXJtcmJYbG05WFhIU3Uta2trejFSeURvclM3UHdIVlNIMmZJeGhtLVBZVDFnZTgzTlMySVBLVFI2UXlpaWhRRnhtdzQyYzlVU0Q1aGxZSEtOaDdTcktRbWJjQQ?oc=5,Wessex Water chief pockets above-inflation pay rise despite bonus ban over sewage spills The Guardian,customer_and_service,
RELEVANT,7,Northumbrian Water,Water,Google News: Northumbrian Water,news.google.com,2026-07-16T10:19:44+00:00,"Northumbrian Water Awards £840,000 Amp8 Contract For Nereda Technology To Haskoning Uk - megaproject.com",https://news.google.com/rss/articles/CBMivgFBVV95cUxOQ2xyRHZFQmJNY0RBZkU4dlFiallDQ2FqU0FTaXduVnRObDRKRGxXeDRKWkYyaHJ1c3h4emVjSEd1YkZ5SmpERk1KQUxwaWFxZW9ZVFZRN1F4LTJWMzFkQnhYcF9NMTFHYTBMaU5jYjQzYWI3ci1MS1Q4am9sUi1KaEVFcDNTM0FuMWNDQUNEWDhEeDVzNzNwTzBwVWR4MDlFWjUwZ2NvbjRFRGdCWTdqbGpGR2p1b0NFc0ZiU3R3?oc=5,"Northumbrian Water Awards £840,000 Amp8 Contract For Nereda Technology To Haskoning Uk megaproject.com",investment_and_capex,
RELEVANT,7,Southern Water,Water,Google News: Southern Water,news.google.com,2026-07-16T16:11:18+00:00,Southern Water to face sentencing for sewage spills off Kent coast - BBC,https://news.google.com/rss/articles/CBMiXEFVX3lxTE9HcEdmdWpSZDVCd2pDdUtZSTBrTFJhQlZYcmo2Z0VIZVYySThPWDRGNG92NEtTSDlwdDB4S09WNGtsVjd5SE0yZlpEai1ZNldraGtHbmhFdUdTaG9N?oc=5,Southern Water to face sentencing for sewage spills off Kent coast BBC,customer_and_service,+4 other outlets covered this
RELEVANT,7,Southern Water,Water,Google News: Southern Water,news.google.com,2026-07-16T13:17:00+00:00,Southern Water: MP calls for improvements after sewage discharge 'false alarm' - SussexWorld,https://news.google.com/rss/articles/CBMixgFBVV95cUxNbWdpWWFMX1lDU0drM3htNkJxMkdxMTEyLW0tX2tGaWtPR1h3ZkM3dnVxSFNTbEFmbklwZUR0R1lWSG05bFFsQVdkUllFQUZZNkZoQTAwanRyUGxLbkk3Z3ZLd2FyeW44Z2dsNlNIU1loemI1X3Ryc3VMbGhDbS1uUDlhOS1UXzF5QVRUd0JLWU1pX2VzRWJmQlRUcW1tYzRFVVVEWnJMOU5Mb2x1QmJUYi1FRGx2Y3hmSzZ6RTQ1d0tLSjVyVkE?oc=5,Southern Water: MP calls for improvements after sewage discharge 'false alarm' SussexWorld,customer_and_service,
RELEVANT,7,Scottish Water,Water,Google News: Scottish Water,news.google.com,2026-07-14T10:00:39+00:00,Scottish Water Tenders £15.2 Million Legal Services Framework Agreement - megaproject.com,https://news.google.com/rss/articles/CBMiqwFBVV95cUxNMmpuQnNmNjJfS2FDeDkyTGR3b2dPRjc4MEg3WEdjaWN4RzhneHZCUDdYY2o3MlJ2VWJZdDk1cHU4eTdVSGlMMjRVTzZwdUZ5b2Q4V0xOYWdhYWkxeG44RW1jMURfcHpGampXMS1tbVJUZkJpMjc2a1oySGwxVG1qLXlZNl9aRjI2ZnltaE5JWTVwMnFlbDgwZW90X0FyZVNrcUlDRFpkV2NsYkk?oc=5,Scottish Water Tenders £15.2 Million Legal Services Framework Agreement megaproject.com,media_and_events,
RELEVANT,7,NI Water,Water,Google News: NI Water,news.google.com,2026-07-17T14:19:00+00:00,Sinn Féin calls for ‘full investigation’ after unionist flags placed on tower owned by NI Water - The Journal,https://news.google.com/rss/articles/CBMi0gFBVV95cUxOYkN2ZEcxQ0dkWEdiUnRQelhXVU5YNUlRbkRuRy1pcmRRemFOSW4yYnRlYTFoTE9OcUU3M0pxa0ltaWpmRUVxZzNCMW9FWm1KZWJLRG9Db0NreFRkQXl0WUR6QVVLUVVqMmVJSU5zZVQ3eHl4MUgtQ3lydXlrelVwRm5jcnVSQXA0ZFNMZTNzZWU3NXA2endMa0p1NmJuVEwySU9Fby02TzNibzNHNnExLUFiVm5DV0ZSWlFYeW0zSk1yX05XYUxqWTk0bEJQYWpNNFE?oc=5,Sinn Féin calls for ‘full investigation’ after unionist flags placed on tower owned by NI Water The Journal,regulatory_and_compliance,
RELEVANT,7,National Grid,Electricity,Google News: National Grid,news.google.com,2026-07-17T07:26:45+00:00,National grid heatwave blackout inquiry ‘not independent’ - The Times,https://news.google.com/rss/articles/CBMimgFBVV95cUxOSFNiWjlKcE9HZWJlUWl4bk5sWVhvVmNfTkREWkdKLWg5YkdwVlZNS0FZRm5NWl9EZmlWOXNNMEo4dmplYWdUM3BSRDhkMDlUTHNZQUNrV19TOTYwbldadlZLTVM1LU5INEJIRG1pejhXSXlucm53TGdGam1GWWRONmdXLTRGUFV5U2V0UG9OcmM4bnhCX2RmSmdn?oc=5,National grid heatwave blackout inquiry ‘not independent’ The Times,customer_and_service,
RELEVANT,7,National Grid,Electricity,Google News: National Grid,news.google.com,2026-07-15T16:11:47+00:00,Rush to net zero is a huge risk for the national grid - The Times,https://news.google.com/rss/articles/CBMitgFBVV95cUxONGM3M3RKY0xSTTRXZDJXX0N0M0xFQlItb1hDRWxtTEpGS3RZQXpkSkJzQzRhZlNVZHpfbmItbzd5Unl4dVk3VUFqOE1oel9CclZod2VTc1BabjFYTFJSWEQ1RnRLbVNlM3gwdGlEX0xhd0h5bkJxRVZSVnh4Ukw2X2FJUTJvLXFHeDdVRFdJQ3gyV0JNRGlkd3FtSjhyelh6WkI5LW1hV3JUdTRpSW9Renpkend1QQ?oc=5,Rush to net zero is a huge risk for the national grid The Times,sustainability_and_net_zero,
RELEVANT,7,Ofwat,Regulator,Google News: Ofwat,news.google.com,2026-07-13T11:33:07+00:00,Thames rescue: Creditors revising £10bn deal after Ofwat kicks back - Utility Week,https://news.google.com/rss/articles/CBMilwFBVV95cUxQcVMyRDU5Ykl2Sjl6OWV5RU9DN3NkMmdTalNHeDJ3cVI2ZTVYRU1BS0ZfLXRraHFneW1KNDFfdnVhWENoY0pBbnR0SklPa2ZzcExyR0RMVkdRaGkwaVNjYkhoekx3Q3J6eEFjZGNYdGhkQWExY0ROVkdfbmNFeFpKZWZ3eDIzWndERHhTUGtQMTNwcnFlb1Z30gGjAUFVX3lxTFBSelRnblgtTXRCcG9nUExxU2hOYW84Y3pEZzhEMVY4Z0swdWQ1ek5tbkRsSU5oWUN6MjkyRjNISHhHZnFZSE9UUmtjR0tuVVo1Nm5nLVRnU2pGbXg4LUEyMTR3U1BZZGI5LVppN0pBZ194cEhreTZ3MUtiRUhPQVdoLUJtMTFQakhVbWpERFlfbmpmLWdpY29uMS1vRDF5eThOYUU?oc=5,Thames rescue: Creditors revising £10bn deal after Ofwat kicks back Utility Week,financial_distress_or_crisis,
RELEVANT,7,Vodafone,Telecoms,Google News: Vodafone,news.google.com,2026-07-17T09:22:00+00:00,Vodafone settles legal claim brought by 62 former franchisees after Guardian investigation - The Guardian,https://news.google.com/rss/articles/CBMirwFBVV95cUxQZVp6TUpvRG5IZU1mT3VNZGJZTmdhWDFqYzJ5Y2xZclRLQXJQWDd6WFJQVzZ4TnlhVHFYQmtJVUtuMkI1NmVIT0NxeThFT3g4Zk1CVnZfRm55bE1hSlJMWU1XeDhKNXRLSHJKWGdoaWdhV0hYeEVfd2pHS2hoR0pGaXBvWFRIUTk0eno0RUxBU0YzeW9kQWY2a180aHAxeGI5LTZyLWstdWlCU0I1OWhr?oc=5,Vodafone settles legal claim brought by 62 former franchisees after Guardian investigation The Guardian,regulatory_and_compliance,
RELEVANT,7,Vodafone,Telecoms,Google News: Vodafone,news.google.com,2026-07-14T12:42:39+00:00,Vodafone report underlines consumer benefits a year on from 3 UK merger - Telecompaper,https://news.google.com/rss/articles/CBMitAFBVV95cUxQclJKUFYtOEZNZWticDJVUFc2LUp5a0ZiUHdycDY1ejE5ejlvQkhaNmpwMkprcUN4YlpkZVB6NHRKQmZ2R0xZYnlhUW9IUHVoVk5ibWd1TDVIOEJCZGdEbDZsSk11LWMtYzJueWRsQTJNYzNxaWtONnZ4bV9PRG80YWZMeU5jcTRaS0FTOFhzMW5TZ00zM1BXcU5sZlRRcXl0ejhCNDkzOTA5VHBOdF9Ibk9tQnk?oc=5,Vodafone report underlines consumer benefits a year on from 3 UK merger Telecompaper,ma_and_corporate_activity,+2 other outlets covered this
RELEVANT,7,Virgin Media O2,Telecoms,Google News: Ofcom (telecoms regulator),news.google.com,2026-07-15T08:00:51+00:00,Virgin Media Fined After Dropping Calls Of Those Trying To Switch - Silicon UK,https://news.google.com/rss/articles/CBMieEFVX3lxTFA2cjZqYVJkWm0wMXU4RF9uQkVzQlQzRFlJa3BEVm5FOXhGd0xreV9rdWFIVU1RdGtGRXo4TzdXbDU0MmRpaUlMeGNmdzZacTlsZFFYTnBiQ0ZiMS16ZGhRdnJtbzlGTVI2am1Xbk1TZ21HTU1qeTU5bNIBfkFVX3lxTE8wMTZCU2dRM3dtSHlHQXA5WU94ZlQ5U0U5ZC1qTi1oVVNIcW9NTmpxVjMwZUhPMVN1NmZxNzMxSkE3TEhIQmJpa0xvZ3Z5dnZ5dWJCR0xBUW5MVlVPVUlQQXpFSW9qc2N0eVZsRlVwdUtXVk55UlMtUU54YlFBQQ?oc=5,Virgin Media Fined After Dropping Calls Of Those Trying To Switch Silicon UK,regulatory_and_compliance,
RELEVANT,7,DCC plc,Electricity,Google News: DCC plc,news.google.com,2026-07-20T05:14:00+00:00,Weekly Recap: Consortium raises DCC takeover bid and Q1 profit up - TradingView,https://news.google.com/rss/articles/CBMixAFBVV95cUxQNXR4bFlRWU1fTlZCWWxYOHVHU1JobjNZYzVyU0xiUF9sVjY5S1lFQk9MU25YZEN0cFlOQXRlUHFaNzdWa1c4bUJTcmZiaUlWcFp4OGRMNl9QUEYyVzdjbGVqRmVRcE5VOWRXbVB4d2VrbVQ1SzhaRlFvcUp4XzQtd3BiSjMwazIwSGFZSkttQnRZVlc0ZEJqMmpIelhtWDlEUFA0VExHR1Y1cXEzWkFEaEExcFY2aWxNMW93Nm1HQWJCLXBr?oc=5,Weekly Recap: Consortium raises DCC takeover bid and Q1 profit up TradingView,ma_and_corporate_activity,
RELEVANT,7,National Grid,Electricity,Guardian Business,theguardian.com,2026-07-18T13:14:57+00:00,Cuba edges toward breakdown as power cuts and US meddling push society to brink,https://www.theguardian.com/world/2026/jul/18/cuba-edges-toward-breakdown-as-power-cuts-and-us-meddling-push-society-to-brink,"As Cuba swelters under six-month oil blockade imposed by US, tempers are fraying and unrest is growing When Cuba’s national grid collapses, as it did for the third time in 10 days on Tuesday, a collective groan spreads across its cities and people wonder, again, whether the island’s antiquated electricity system may soon become unrecoverable. The 777-mile long Caribbean island of 9.5 million people has been sweltering under a six-month-long oil blockade imposed by the US, part of a pressure campaign to bring down its communist government. But the parlous state of Cuba’s infrastructure goes far further back. Continue reading...",customer_and_service,
RELEVANT,5,Thames Water,Water,Google News: Thames Water,news.google.com,2026-07-19T17:45:45+00:00,Andy Burnham’s Thames Water plan may lead to big payday for bosses - The Times,https://news.google.com/rss/articles/CBMipgFBVV95cUxPQzNtbTd6azJIeDRIOExNTk9FVEQyRkFQcFZfTVVudmJxb2p1ZVhoQ2J1OVNqeGlwcmV3Vy1rSFh5UGI4di03cS1NbTdFN3ZTbHpaai1ES2p1YS16bVhmY2NYUnVUS2k1a3BheWpEY1doSEIwTm1mVzZWMXlPU3RtOGVqMHUxeUlVeHdTTjBoV2NKYTVoWjc5c1FQS3ZOWTRZc19XV3F3?oc=5,Andy Burnham’s Thames Water plan may lead to big payday for bosses The Times,,
RELEVANT,5,Thames Water,Water,Google News: Thames Water,news.google.com,2026-07-18T08:06:23+00:00,Thames Water Launches Process To Gain Access To Further Funding Of C£677 Million - megaproject.com,https://news.google.com/rss/articles/CBMitwFBVV95cUxONGRFRXZCZzZfcmo3bm1iZDF0MVVyem0zYTJNN0E5OGZwX1RqVXUwVHBLYWtUUjRxWVV5ZTBxbkpRVFFZdWM3T0dRV3ZtWjNuNGgtNUZ5QURlX0dKN0hWOVMxekNjMDZlWVl6ZGVjSXVNd0lQdFozdDZYWnZhS1lGUHotSzVlMkVJRkxGcEpfZVJfS1BmSmFnNHZobXRueGlpa3gxQzk4N01aRUFrTi1oZ09zb3pzcmc?oc=5,Thames Water Launches Process To Gain Access To Further Funding Of C£677 Million megaproject.com,,
RELEVANT,5,Thames Water,Water,Google News: Thames Water,news.google.com,2026-07-15T20:50:00+00:00,Can Andy Burnham save a sinking Thames Water? - The Times,https://news.google.com/rss/articles/CBMisgFBVV95cUxOcDNmQnBuVnZ2QTlBaDFOX0xERW05am5RMFRPQm1xSG5GMVpHTkxKR25sRTliY01GN0xndnpSalRpUGh4dzMxb3dMa0xXN0MxTWw4RDlIRXZBZ3pRaEpQSWswSGVWSUFSVWg0b3Rnb2J0bkVpMkowdG9QMmNqU1Y5Q2w2SU5GTmNjemJvMC0yX0g5YWFZLVFjSFZ2czNaR2hMcEVxbHNjMnNJaWdEQVdkNkxB?oc=5,Can Andy Burnham save a sinking Thames Water? The Times,,+2 other outlets covered this
RELEVANT,5,Thames Water,Water,Google News: Thames Water,news.google.com,2026-07-15T06:35:23+00:00,Cash-strapped Thames Water poses big test for Burnham - BBC,https://news.google.com/rss/articles/CBMiXEFVX3lxTE5WM0s4aTNjd1hpcjB1Y1U1QS1yQXZUX21HeHlTd3hlaHNCVkZRZjJ3ZjZ0cnlfQ1I5M2lORFludnFpWDhVSVczbFhubU5WNVBRSFR2aVhGMFpra3Z0?oc=5,Cash-strapped Thames Water poses big test for Burnham BBC,,
RELEVANT,5,Thames Water,Water,Google News: Thames Water,news.google.com,2026-07-15T07:05:53+00:00,Thames Water chief’s ‘outrageous’ pay rise to £1.2m attacked - The Times,https://news.google.com/rss/articles/CBMiwwFBVV95cUxORGZJcmxyN1BvbVZvYnRBemU5X2p2d0cwNXRwRnNQSWdmZGFsbGtXdzlycm5sSkpNcjdyRnpJS1l6eHZfN3ZGTl91OHFmdWRKbHVVamtNSVJkNTlXWW5qS0NKck1rS0FWMklHeVVvRzZJTjlNUnc4WlBaR2lody14SEc1ekpJRzRtZXZtdk5RcHhGaDB5SW1oZDJnNDAxMnkyX1VkYnBZZndIOXRmNGUwVDFVWk5Id3hxeVAtMWF3YzE2a00?oc=5,Thames Water chief’s ‘outrageous’ pay rise to £1.2m attacked The Times,,
RELEVANT,5,Thames Water,Water,Google News: Thames Water,news.google.com,2026-07-16T21:43:49+00:00,Burnham to Back North Sea Oil and Take Control of Thames Water - Bloomberg.com,https://news.google.com/rss/articles/CBMiswFBVV95cUxPWXVJSEVPS1pDR1ZkM3N3M3NYTmF2alFWUDFwUmN1dDdkRmFjcDlCdC1pZ2RhVklJNjVnaVVPQko5eldVeFh1eXhUOE1DMkw4OGk2OURSVmxXMzdVY2Ixblp2UVk4OEJjTGNtSTZMSzFhSUNBVTZDM0RyU3hxZUtOSHl3WmNCMzcwQ2RlOU1MZFV0WG5Gd0ZfWm5UOXRQbFZ3Nk5EX1FlQmhfT0VIWjVpZVFWOA?oc=5,Burnham to Back North Sea Oil and Take Control of Thames Water Bloomberg.com,,
RELEVANT,5,Thames Water,Water,Google News: Thames Water,news.google.com,2026-07-17T05:15:37+00:00,Thames Water launches process for final £677m emergency funding tranche - Water Magazine,https://news.google.com/rss/articles/CBMitAFBVV95cUxNOGxmWU5SbnkyQTBmUkgxODYzX1pTLVRJTG1WNzhfWFRUSzFkd0xkRWFZVnZQaENQcWtJVUhmdGpPc1ZzSFI5RFhSY1Y3Y09mV1hNbTU2M3dMWS1Mb2l4V20tMzhtMm9kU09IbmoyQTVnaUdaNDJnTVoyWGd1c2FNbnFOM29MbU5DcGt6UERWdTU4djBQYUNiREt3LVhUSnZacDltQ0ZGRk9BSE03SVd4UFd1cDY?oc=5,Thames Water launches process for final £677m emergency funding tranche Water Magazine,,
RELEVANT,5,Thames Water,Water,Google News: Thames Water,news.google.com,2026-07-17T10:20:45+00:00,"Why Thames Water paid its boss £57,000 for skipping holiday - The Times",https://news.google.com/rss/articles/CBMioAFBVV95cUxQV2NjeVRteXJzSWZ4SEIzeVJiVmxjWG5VS0VGbEdPV1ZXNGcwOWtNdHpYX2ZLZDRySWJMa2U2TmkyeGZiRGlUM2dnZFFOdmRWdTducHl3N1NYQklzZkM1SmxiYXQ3Z0pjcklvOWY0Z0xCRnJIYnFEODd6TWU3dTFWUkY2NUtuVEdkeDZSd2xBWDJWV3BGbERxb3YzN05wbU5M?oc=5,"Why Thames Water paid its boss £57,000 for skipping holiday The Times",,+1 other outlet covered this
RELEVANT,5,Thames Water,Water,Google News: Thames Water,news.google.com,2026-07-16T09:35:44+00:00,UK's Thames Water draws down final part of debt lifeline - Reuters,https://news.google.com/rss/articles/CBMingFBVV95cUxNX2xRanZIaU83aGF1ZVBuMjZlUzRvWFAzVk41N0VSQW55WGNyMnlHYlhwaUt2MV9nQURoUE5XaldBYU9HLWlveGJoRUFvNGRSWnVJTFNHVGxWemxGaTBlSmFlR2dIYVB6WkJOWXpjUXNJNHBIaWVobWJlOGtjUkI1OUl6bG5QRHhCS1ZOQThzdTZwaUNCM0V3X0JLT0xDdw?oc=5,UK's Thames Water draws down final part of debt lifeline Reuters,,
RELEVANT,5,Thames Water,Water,Google News: Thames Water,news.google.com,2026-07-15T13:28:00+00:00,Tone-deaf bosses are pushing Thames Water closer to nationalisation - The Telegraph,https://news.google.com/rss/articles/CBMipAFBVV95cUxOaUhjYzlXaV85ODJrakhqOFJSNE5yTTcyQjNGaF9mOFZPeFNIaUt0aTRjTWhOWlVBRmpZdG1LLVAyZFpFMlZJWjE0dU05VGJtUWotR1l1QlY1a3Q3d3hYRm9Ld0pZN09WaXNZbG50UmJGNi1ISDYtbThMYnNYUFpFNG1vUWtFRUFBX094ODVGR2dReVJnbzhpSEtTYkV2M0ozZ1hOcA?oc=5,Tone-deaf bosses are pushing Thames Water closer to nationalisation The Telegraph,,
RELEVANT,5,Thames Water,Water,Google News: Thames Water,news.google.com,2026-07-15T15:00:00+00:00,What’s next for Thames Water? - The Times,https://news.google.com/rss/articles/CBMingFBVV95cUxOdndHdWllODZJOGo4dEZFQkxpcEdhT2UxZFEwaHBBZl9xSkp4bmduOXMwcnV2dlJzWXZHTkdSQXREdXdtU2VfZ0JxcUlBWVF5dXFlRVA4RkdBVmVnSDMxNTNkaGRGYzRySmxvTy1odHN1Und2VElFRE1XdHRBTGo4dGNXb3lfbl95TVNKa0ltVV9EZXJGbFRFNm9qYW9pUQ?oc=5,What’s next for Thames Water? The Times,,
RELEVANT,5,Thames Water,Water,Google News: Thames Water,news.google.com,2026-07-15T08:11:00+00:00,Thames Water on the brink of going bust by Xmas despite raking in £226m - The Sun,https://news.google.com/rss/articles/CBMijgFBVV95cUxOOG1YbFdjZkVTUGVUZjRPYnByQ1Zub2R1REV4c3dVbzVOcldBaDZVeldhLTVsZ2N4eWxXUnpPWENfNGRIdWZldm9aMU95eFA0YkFaY25PLUwtWmV4Wkg5Z2JJczNQM1dscGtGUmhBbVdxb2tLTUtkSTdMYllLbzcyZXE0QmVlSkM3M3VrZ0FB?oc=5,Thames Water on the brink of going bust by Xmas despite raking in £226m The Sun,,
RELEVANT,5,Thames Water,Water,Google News: Ofwat,news.google.com,2026-07-16T09:55:46+00:00,Thames Water - Approval Of Twelfth Consent Requests Enables Company To Access £213.49M In Further Funding - megaproject.com,https://news.google.com/rss/articles/CBMi1gFBVV95cUxOWjdLdWEtbVhiV1VPYkdHb2FqNzdiRWZZYk9GRUNCWU9kZU5IMldYSE5SZW5wYTVrSHAzOUNLdWpKTTFDU2lhTEpTcjByUEV0WU80YjZIaXVXMW0xRzY5MFJyWnNjRUcwanR1MU93Qy16UnFmRlJxM1N5UER0dFNjbGh3YURDZkZjeUtIWHlMZzVwaFMzc1poZ1hQY3JDSkllQ1VtVlNHS2pkUklWOFVqY3ZnNzN6bnlGdWhCVzVvOTJDVE93STFDV1NuRFczdmdYNUwwQW13?oc=5,Thames Water - Approval Of Twelfth Consent Requests Enables Company To Access £213.49M In Further Funding megaproject.com,,
RELEVANT,5,Severn Trent,Water,Google News: Severn Trent,news.google.com,2026-07-20T05:02:50+00:00,Severn Trent to launch market engagement for up to £25bn capital design and delivery frameworks - Water Magazine,https://news.google.com/rss/articles/CBMi1AFBVV95cUxOZms2c2pMS0VWYm11LWdoVzQtanQtWU9QTHpEdUkyYjFxRzJ6TGlGYmw3d3o5akJaNEJkV0xDOTY5OGVPUnlJX3FWMG9NT21Wa0hjQ3VaekJjbE5oUm80QkRWa1JhQ0lKS1JYU082N2NJSnp1M2w0b2lhLTM4N2FWOHVhWXFldWZNRkdDZVdMRlZiXzBKTGRjZEpNRTlZamhlMUNKTF9BcnIxUHRnWWw0X0xtX3VhSm5Vd2FqMVhSYWd3TVltWjUtYmdyZHhRcmNoN3FwQw?oc=5,Severn Trent to launch market engagement for up to £25bn capital design and delivery frameworks Water Magazine,,
RELEVANT,5,Anglian Water,Water,Google News: Anglian Water,news.google.com,2026-07-17T17:16:01+00:00,Anglian Water boss’s £1.3m salary top-up meets ‘furious’ response - The Times,https://news.google.com/rss/articles/CBMiqwFBVV95cUxOclM0Q2YxYVg2WHBnaElLSzlObU10NVR1QU4tUm9OS0pIWDVZM0VpM2YyLUhZTkxYT0VYUmp0ZEFOYnVoejNFSjhxVk1iQ19jRmF1alZ4WnM3NmlabFdub1FiMXhnMFhLbHhBMnBLak5MaXNNOFhHT2JfYVIwU3M3bVU2OXhfR0oxRjJCbzlkTmg2SUZueF82T3h2OVBicDgwWW5oNWZTVVN3eG8?oc=5,Anglian Water boss’s £1.3m salary top-up meets ‘furious’ response The Times,,
RELEVANT,5,Anglian Water,Water,Google News: Anglian Water,news.google.com,2026-07-17T04:01:07+00:00,Anglian Water hands chief £1.3mn in retention pay despite bonus curbs - Financial Times,https://news.google.com/rss/articles/CBMihAFBVV95cUxQUThRZ2tlQ3ZpRk5wdXk4RGZidGI2dkx5d3pJeU0tMjZSbnV5NHZlODBHdXF4SWM0WkhMT0FxQ1NveGpBQ0hfTUhUcms1RFpYMVVhb3VpLUVYQkVWZlYxUEVpOFZCWWxHRncwSzlrMGJRdmdnMFlRc0h6Z1ZLb0JXRTB5MTY?oc=5,Anglian Water hands chief £1.3mn in retention pay despite bonus curbs Financial Times,,
RELEVANT,5,Yorkshire Water,Water,Google News: Yorkshire Water,news.google.com,2026-07-13T08:02:00+00:00,"Yorkshire Water paid us £6,800 by mistake – and said to ‘enjoy’ the money - The Guardian",https://news.google.com/rss/articles/CBMihwFBVV95cUxNNzJmRklXN2J4OUNRYjM4cWNESE9GRDdoWHhqNEJzZllodlR4OHNmRE5zWnJjWlM4ZzNQOWJLaVNrNXIzYUtPUUZQU3BrcjJ5WDl5YTk1QnpJR1pKdGRtaW5HajZNdHdkajcyZFU0UVBRdjNTeldOdTRzeUpsUUZNTUFVaU5OeWc?oc=5,"Yorkshire Water paid us £6,800 by mistake – and said to ‘enjoy’ the money The Guardian",,
RELEVANT,5,South West Water,Water,Google News: South West Water,news.google.com,2026-07-14T05:00:39+00:00,Kier to continue South West Water work with c.£140m Network Services Alliance extension - Water Magazine,https://news.google.com/rss/articles/CBMiygFBVV95cUxNcEY3eWtmZGNlaTRmdFMxb0tnd09jWml1NkFUMEpjWGtKR09FcU80ZFJQV000TXNyWTFDXzVHZ2VReU5mV0tpMzhTeUpYaDFWTy1fUmtNUlY5ckFzY0MxREdpa0EtNlpOUXB3TjY0UWNTRk92dS1TRFFtUm5kLTZPdkFRMWE4NjR4clhHeTJRa0NaZkZOXzRCZTcxV3piYjBxcWVBd1ZCTVVIdFE5QWlCMzI3N2RZMHhZdEJ2Q2JYaEpGWnVRS1dNRmNR?oc=5,Kier to continue South West Water work with c.£140m Network Services Alliance extension Water Magazine,,
RELEVANT,5,South East Water,Water,Google News: South East Water,news.google.com,2026-07-17T15:02:00+00:00,South East Water warns over cash crunch - The Telegraph,https://news.google.com/rss/articles/CBMikgFBVV95cUxQZHh6b2RlU1p3QVdkbldVUUMtYXF4YldnTnYxTU9Ed3psNzZ5X2FuRE1qVHkwdk9LbTF3RERBcTJCbjV2MWtMX2M1ZDlSbG9oTm9wcXlEZWhUMUFjSUJiQkU4cFdvYUNWSXowU0ZOUFBHUlB4Y3pvajU1TUl6TzFFS3FCMTNWZ1k5YVhzbEFjc1g5UQ?oc=5,South East Water warns over cash crunch The Telegraph,,+3 other outlets covered this
RELEVANT,5,South East Water,Water,Google News: South East Water,news.google.com,2026-07-14T06:26:26+00:00,South East Water told to cough up £31m and improve infrastructure - City AM,https://news.google.com/rss/articles/CBMikgFBVV95cUxPSVpLRlRGbWFtbzdrYU5iVnFweW9JSzhuNllsczFrSGFzZi1MZ2dNUEZ4WFRidm1fVEdMWXFER0xOVUR4M3lVOTVCRS1JeEZCVUE4cGZiQXk0TUMwZFNoMjlnMFpVQW1QbndJb2I2ZWtTWGNPMk92UEpsZVk2dXZNa1JPcnJBWEhHdkQxWUR1ajZuZw?oc=5,South East Water told to cough up £31m and improve infrastructure City AM,,
RELEVANT,5,Wessex Water,Water,Google News: Wessex Water,news.google.com,2026-07-15T14:03:07+00:00,Wessex Water faces criminal charges for deadly Avonmouth blast in 2020 - BBC,https://news.google.com/rss/articles/CBMiXEFVX3lxTE1SblZKOUVRNmRZQ3cwQ0RnTk5DY1JycXZPU0JrYnJ0MldMRGZ5NEhxYVJjemxQM3JqRmVCNzFzUkh5U0wzUVNzYWp2YWNaMDRuWkhkUmRRRnd0UFBX?oc=5,Wessex Water faces criminal charges for deadly Avonmouth blast in 2020 BBC,,+1 other outlet covered this
RELEVANT,5,Southern Water,Water,Google News: Southern Water,news.google.com,2026-07-16T11:14:37+00:00,Southern Water admits polluting four miles of sensitive River Test stream - BBC,https://news.google.com/rss/articles/CBMiXEFVX3lxTFBIREhuN1F1bUhFTEtXS0ttNHJGRHI1V3RwQktOWFRjVDZjNFE0d0NKRkY3TkZWZEtpam13LXZocWhWTFlveUFmWldkWHR6U0JqUXlFU2VKOTNnN0VI?oc=5,Southern Water admits polluting four miles of sensitive River Test stream BBC,,+4 other outlets covered this
RELEVANT,5,South East Water,Water,Google News: South East Water,news.google.com,2026-07-18T15:33:00+00:00,Tunbridge Wells taps run dry in yet another South East Water crisis - The Telegraph,https://news.google.com/rss/articles/CBMiogFBVV95cUxNRlNjbHhPQmNZWkRwenFLUE5ncFVHUmRGX0lrdTJKMFFNUDAyZjI4bF9lQVlEUENWUmxEazhLTXo3ZEk0RzhZWUhKUUJtejdEUlh4TE5HYzRHTnZjcWw1N1NEN01LRkNyRDdOREh1dzdfMldrZEJVQ0liekF6SkhxWkNIVjhlXzBiWUdNT2N1aE44NnZ5VFJ0YWE5TV9NRllSWkE?oc=5,Tunbridge Wells taps run dry in yet another South East Water crisis The Telegraph,,
RELEVANT,5,Welsh Water,Water,Google News: Welsh Water,news.google.com,2026-07-16T14:41:14+00:00,"Hosepipe ban likely after record demand, warns Welsh Water - BBC",https://news.google.com/rss/articles/CBMiXEFVX3lxTE1nd1A3eXBsakFOamppMzI0dnBCd2o3Q0R5b28xMFpGc243UFJ0UkhEVVVDTm01aXNfa0N5NFh1RkZIcXVpR0Y5VzNINV9zQU1wYWlKN1NidWFjeXdZ?oc=5,"Hosepipe ban likely after record demand, warns Welsh Water BBC",,+1 other outlet covered this
RELEVANT,5,Ofgem,Regulator,Google News: Ofgem,news.google.com,2026-07-16T20:00:00+00:00,Ofgem must investigate whether electricity grid is being run safely - The Times,https://news.google.com/rss/articles/CBMirgFBVV95cUxPY0cyV1pjUkxEZV9PeXp2SHBGSlIwakVuZ191U1BtZnhDRjdfemR1bUt4NGQxbjR4OGQ2MDNVUE01Yk1GRjBYNk9uMG16b1ZnanRHNElLZWJwcEc0bUhNbUlOa1hOQzIzZWlBSmR3RlRyeWlDZDRTMG12c0lCN3pBa2lNbDBBT0dXZGtDR0twV3Y5TXhQZm9mRWo1ZnhjcE9SZ2dhcG9UbVZLY01JVlE?oc=5,Ofgem must investigate whether electricity grid is being run safely The Times,,
RELEVANT,5,Vodafone,Telecoms,Google News: Vodafone,news.google.com,2026-07-17T12:22:40+00:00,Secret agreement ends Vodafone £85m franchisee legal dispute - mobilenewscwp.co.uk,https://news.google.com/rss/articles/CBMinAFBVV95cUxPOFJQVW5XM0lNMGRzQWliUG5kQ1VJRFZTMXlod3EyQVRNRkdxRGhEcmJCZ3UwWGdiX1NUZVA2bjZYbklvMlFGdEdQZWVCY0xXM3FTNGg4b3lJTzI2eUgwWkl5bHMwR1VoSy1TOEhXQ19TNlQ5SGtnckRuMTZuLXYxUmxoX3JmdkY2eUthS0Y1c2dNMl9xN1hROWt5LXg?oc=5,Secret agreement ends Vodafone £85m franchisee legal dispute mobilenewscwp.co.uk,,
RELEVANT,5,DCC plc,Electricity,Google News: DCC plc,news.google.com,2026-07-16T11:59:35+00:00,Top shareholders oppose ‘improved’ £5.7bn bid for DCC - Financial Times,https://news.google.com/rss/articles/CBMihAFBVV95cUxPSDRvWGRVZHlrblIwOUZGNl80M2h6cnNFMlUzUEtWVjh6S1VSWGVJRGNqS0FaUUlELTNQc1pObk1VS2ltSHNLaE1hWkdvc1RibDd4N3YxVm1XMm1OM2FTblNieDhHbGdDaG5wc2FSUE1fSW5XYkFxTlVQQ0k5UGlzcDhacjI?oc=5,Top shareholders oppose ‘improved’ £5.7bn bid for DCC Financial Times,,
RELEVANT,5,DCC plc,Electricity,Google News: DCC plc,news.google.com,2026-07-14T14:20:58+00:00,"Ireland's DCC set to accept $7.6 billion bid from KKR and Energy Capital, Bloomberg News reports - Reuters",https://news.google.com/rss/articles/CBMixgFBVV95cUxQN1hzVjd2WUExLXI0em5mbnNDdG9VOWY0N1FLcTlKM3hrWXZ2Umg0NTVkMldMdHhPRllDVHpoaEVXVFc0ZFVwQjNtczFCdzJlek9qbHR2M1N6Rk9aNFdBb3BSNUNvSEJ3azFPcTV2Z3M2RjhkODdTZ3hSd1pwamZ0Znl5cmM4REREZWJKeC0tS0w3YmNMZmlmMGxvRzRJMEo4ZDRwdnVMeEdQdWFqQnY4LUFLNWk0MFh0WEhhZ3hIMHRZQms2U1E?oc=5,"Ireland's DCC set to accept $7.6 billion bid from KKR and Energy Capital, Bloomberg News reports Reuters",,
