tier,score,client,sector_guess,source_name,source_domain,published_at,title,url,summary,topics,why_it_matters
DISCARDED,0,South East Water,Water,Google News: South East Water,news.google.com,2026-08-12T04:15:24+00:00,89 per cent of people back White Horse Reservoir to secure water supply in the South East - Water Magazine,https://news.google.com/rss/articles/CBMizgFBVV95cUxOcWFFOTJEaFRsc1ZjRzJhTmVsVFhPZTVxSF80dUtBeFNWYlF3T1phdjVxbGplTzk1Y0tDRGlFdUJqLTc3UDNSd1lKT3JONHVvSVhQNVk2cGxCc1Y3Zi1DaG9RRjAwbV82T0tJSkV5OFpSWm5ONUV0Wl9MbkVaTEotS3lYcWZFNnk1aGdraEx6VGNTUDJYQm85d3N3Wjlvb1lBcmpHNFdPSzh5TGFYZjJBSUtBZEIxeG1RMGF6X2xjUnIteVlVdTNKYUxRMGlIZw?oc=5,89 per cent of people back White Horse Reservoir to secure water supply in the South East Water Magazine,,
DISCARDED,0,Energy UK,Industry Body,Google News: Energy UK,news.google.com,2026-08-14T09:38:46+00:00,UK Manufacturers Could Unlock Billions Through Clean Energy - Manufacturing Management,https://news.google.com/rss/articles/CBMitAFBVV95cUxQQ0RLZFpkei0ybmdpRmdWRzF1VEdWWG80ZEpTZWltSUxUY2ZtTTk0TUkwNHZDSDlEUWVLYVgwc2ZNaHRQaXlMSFFMLVcyTDdkeThmNjZBTGZjLWZmMlhTWEtkQjdPNDlILUQwMEMwRmNhTThFcFZBeTdYTk8xQi1BNlFidFpneHV5TEx0WWhGRzRVS3NERmhnVDJHeTRjU1FlM2QzbWNSMUlxZkQtSFBsZG5Kcnk?oc=5,UK Manufacturers Could Unlock Billions Through Clean Energy Manufacturing Management,,
MENTIONED,10,Vodafone,Telecoms,Google News: Vodafone,news.google.com,2026-08-12T09:24:27+00:00,AST SpaceMobile’s UK direct-to-cell plans use Vodafone spectrum - Telecoms Tech News,https://news.google.com/rss/articles/CBMiogFBVV95cUxPemFmY3B2OTNLWGs3OERZMzNoakxvZlpuT3pmWHdpb1hJaUE4YnQ0M3hZUXNaX2oyVjFocUNHcTVidEtrVFR1Ym1vcjNEOURFY05GOGdENGwwczBCbV9yMFVCZmxJQVhNTVRZSnQzZFBNOFNQU000UDFMYnZzN1NVdVhUdy15TzI4VzdnOU5PVjVXcG5PMVpDcl9BWDM5dWhobEE?oc=5,AST SpaceMobile’s UK direct-to-cell plans use Vodafone spectrum Telecoms Tech News,telecoms_infrastructure,
MENTIONED,9,United Utilities | Ofwat,Water,Google News: United Utilities,news.google.com,2026-08-14T05:33:42+00:00,United Utilities Group PLC (UUGRY) Discusses Ofwat Draft Decision on Totex Reopener Process and Regulatory Support - Slideshow (OTCMKTS:UUGRY) 2026-08-14 - Seeking Alpha,https://news.google.com/rss/articles/CBMizwFBVV95cUxQeTRVdWx1bE5zdkpmRVUydDJFaEZoR3RmdDhzQXRZa2dPVlBkOWQtUGlYMFlLM0haM0tkWmhkLWJndXlDUjdSdTh0OVgxRl81U19HRFJpZllpQ1RQOHBkbWpGc3BqWG1ZVHI5ejdSeWtWV3VlQ0lRUnlZWEdhdFdfOFhzRHhGWTFzczhlS1ZpaGZDR0Y5aG5ya3NSSVNSTG00RWRCT0pRWElITlhiak5CYWF5NkYweGpQakpyaDUxUTVGdFVseGV6a3BNS0JoOTg?oc=5,United Utilities Group PLC (UUGRY) Discusses Ofwat Draft Decision on Totex Reopener Process and Regulatory Support - Slideshow (OTCMKTS:UUGRY) 2026-08-14 Seeking Alpha,,
MENTIONED,9,Scottish Water,Water,Google News: Scottish Water,news.google.com,2026-08-12T03:00:47+00:00,Biodiversity blooming alongside Scottish Water solar scheme - Water Magazine,https://news.google.com/rss/articles/CBMipgFBVV95cUxPNlpSWHpkTFVJdUtrbmFEMGdQelV2Mmw2Z3VJQUVSb1h4clNyT3oyamNLOWt2cG5teWw5NWhlbnhuX0lQMXlXNmV3QUdQMWZZUElMeXhrRDdVaGpEQU1SWWxlSmRFb1phSVRYYktvanF0a3NpVEF5X3RsNzlVOGJvc0tkNldER3ZHSlFwS3NBcjVMbXBTQzdtUEpzY2tEYlJDbWhleTRR?oc=5,Biodiversity blooming alongside Scottish Water solar scheme Water Magazine,sustainability_and_net_zero | media_and_events,
MENTIONED,8,Southern Water,Water,Google News: Southern Water,news.google.com,2026-08-15T10:32:00+00:00,Sandown resident criticises Southern Water over flooding and recycling plans - Isle of Wight News from OnTheWight,https://news.google.com/rss/articles/CBMiogFBVV95cUxQUFRSUHd1eXpjajZXR1A1VVNaYXl4RWEwS25fSUVkd3ZYU1V1NUxWQkdRSkRzMUNKNnBFT0hrUTNBSnNSaWJMWUFSUGd6OEE3OFU1MTJjY1pJMTZyLUxVMTJRYVdqRmhyYmZSd3lmZVpvNGxEbWp3ZkFwRTFkZTY0SG1ncWRZeDhoRGpqNGtBT2VnLTNLNE94UXZIb19wQ2RSS3c?oc=5,Sandown resident criticises Southern Water over flooding and recycling plans Isle of Wight News from OnTheWight,,
MENTIONED,8,Southern Water,Water,Google News: Southern Water,news.google.com,2026-08-12T12:07:25+00:00,Southern Water sets record straight on wildfire rumours - Isle of Wight Observer,https://news.google.com/rss/articles/CBMiiAFBVV95cUxPR3hUZ1BaU0kzd0hsQnUySmpaaElVWUI4bWNZLW05N1cwR0k5WU13YlVWY2k3QmEzWjhMamp6eXdndzloQ0J2cnUzOVNhSjVTdkpfS0p2Si1HSXZpWHp4VkFNOWtXaGY5RFhPTVlDRzlZbno3dnJuR2piTTl4SEVHa0R3aWFvREl0?oc=5,Southern Water sets record straight on wildfire rumours Isle of Wight Observer,,
MENTIONED,8,Severn Trent,Water,Google News: Severn Trent,news.google.com,2026-08-12T14:36:53+00:00,Marshalls secures place on £6m Severn Trent Framework - New Civil Engineer,https://news.google.com/rss/articles/CBMipwFBVV95cUxPVXhHSlJTZk53QjMzZWgxdEEzdks2aG9Id19fdWlqYUZ6QUIyNjNBakhQalU1MzdqcFZ6dzIzT3lfc0E5M2FLTUsxRlhwcnVBQW9HT3FaTzBTdFZoQ2Z6NVplLV9kUUVOQnQ4Yjc4dVhTNlhyV2ppQVI4UVZ2RGxtZHhXajhxUm5nUmJ6NmlEQ3dpTHd6ZmVRWlh3c1JDQVJtNmhWU3B2OA?oc=5,Marshalls secures place on £6m Severn Trent Framework New Civil Engineer,,
MENTIONED,8,Yorkshire Water,Water,Google News: Yorkshire Water,news.google.com,2026-08-14T09:42:27+00:00,Yorkshire Water recruiting engineers and project managers - New Civil Engineer,https://news.google.com/rss/articles/CBMirgFBVV95cUxPMTlHeTBYVDZBTDhpbXRuVkdqUEJLZ2JQQU9QZ2pQLURkLXZ2Q2YySkpkNlIzajZRalF5X18zOFNRbzZPSVVxaTFfYlFQVFRzX0RNYUZzM1NDdi1nLW12N3lwUEwtZUJiQTlFWV9YMG9YOGlBSFN3VG4yMjVNZkJyck1iTUd6dFd4ZXA0QjJkTjQ2M3UyRTZtR0oyS0VlWGI1T1lKN2JfcURRMXVOZ2c?oc=5,Yorkshire Water recruiting engineers and project managers New Civil Engineer,,
MENTIONED,8,Yorkshire Water,Water,Google News: Yorkshire Water,news.google.com,2026-08-14T13:00:00+00:00,Yorkshire Water invests in coastal water safety with new community role - The Scarborough News,https://news.google.com/rss/articles/CBMiwwFBVV95cUxPOHQwc1JUclpOZnpxN3FadDBKOVBsS0kwOG5YWkdhdzgwSHc1RkRRMHRSV0VZemFiVmpDcmlud2FhekpMNFVFVF83ME43Z3lZLXA5QXZiVE1LVl9hS0toVEV4NE5UM0dQRDFNMkR6Q2c3NENVdERJbjRIRlNsVmxXVmdSSXFnbmRMc2ZDZElDRHgtdi02eXN1RGdwV1k0MjRMWGtScV9IZEhTYVJMUnNwdEZRUGN0T29rYWJhZTVCT19hQ2s?oc=5,Yorkshire Water invests in coastal water safety with new community role The Scarborough News,,
MENTIONED,8,Yorkshire Water,Water,Google News: Yorkshire Water,news.google.com,2026-08-13T17:34:03+00:00,North Yorkshire Water Safety Education Highlighted Following Heatwave Drowning Tragedies - This is the Coast,https://news.google.com/rss/articles/CBMivwFBVV95cUxPQldIMzdUc0Zvb05KWGNIbUp1VU9SS3JmWkRDM3VWWnhvT2htOEpCOUNYd1h6UzI2bXJvZXpvVUgzMGJfQ3dmUDEwUDl3YzdXcGNYNmNEY09TRkh2Z2UybEpYUDVfSmJCdzl2VUh4ek16b2RYeDJlOGYtelpWdHVrZUdyMThBZS1sTUY5NGIzeVJXdW1PU2ZaTHZ4Wk9PeW0wZUQ4Y1NaT2ZPWHEweWtyYWF5QkdNSElzZmhFSHRSaw?oc=5,North Yorkshire Water Safety Education Highlighted Following Heatwave Drowning Tragedies This is the Coast,,
MENTIONED,8,South West Water,Water,Google News: South West Water,news.google.com,2026-08-10T08:03:30+00:00,'Boil tap water' warning issued by South West Water - Mid Devon Advertiser,https://news.google.com/rss/articles/CBMinwFBVV95cUxPU2lKdEFsNlNxblFmeXdsemxvREpsVXR0d1pKcGVEUmhLaXhoa1pTM0wxNDJ0Tm8wVUF1dUEtOXMxS0RzeUtQN0NxV01mSjJPV0JuUC0wcklReWE5N2NtcF9CSFVlbXlaSVVCeWQxZ0NhdzhYTlVuSDhBQW9EOU9GYVJhMzR3cUVJVjNYRUFSb0FCV1c2cndUalAzcVRZOFk?oc=5,'Boil tap water' warning issued by South West Water Mid Devon Advertiser,,
MENTIONED,8,South West Water,Water,Google News: South West Water,news.google.com,2026-08-13T05:06:16+00:00,South West Water commits to repairing leak after months of spillage - Cornish & Devon Post,https://news.google.com/rss/articles/CBMisgFBVV95cUxPbnJCenJOeDNydHFUVkM4RDgxbW9CckhzSU1VR21CSHVxb0dhRVVUY0pJcjZKUFRIdHdrbnNmUjhxa19XRm51cUZCdERGaDRpMWg0STdCU2plbEMyYWJ4amlkUUplbDJjc3BUd2tjeENUYnhVeVBydV9PRld4VFBKaDRYY1ZrWllMVGJTWGhaalVDcW41X1NWTDVpRUR0M3MydEZGdW1yRUJScGIxSk9FSzRn?oc=5,South West Water commits to repairing leak after months of spillage Cornish & Devon Post,,
MENTIONED,8,Wessex Water,Water,Google News: Wessex Water,news.google.com,2026-08-11T12:23:54+00:00,Wessex Water urges households to cut use as hosepipe ban looms - Trending Now Infrastructure,https://news.google.com/rss/articles/CBMitAFBVV95cUxPckdZQ2ZZS3VId2dnbmVlTEJ0eVJmM3FuV1F4R1NES3BpSUhMd1o0LU0zNThKV2Zzcng0TmZoaTlJN2dXWG1EOVBZb2MzTTJMVlZCT0E5c3EydTZXWG1TRU9naVdhWmc3X3ItdlNfcnF4Mldud213ZXYteDd6OTFKaHpoZW5lNWdkS1I1UXRLNEZyMFgwdDVvYWVDLVlNMTRsMEJibkxObWxPMzlGMlRzYldXcjM?oc=5,Wessex Water urges households to cut use as hosepipe ban looms Trending Now Infrastructure,,+1 other outlet covered this
MENTIONED,8,Welsh Water,Water,Google News: Welsh Water,news.google.com,2026-08-14T04:16:31+00:00,Welsh Water defends hosepipe ban after Lib Dem attack over leaks - The Pembrokeshire Herald,https://news.google.com/rss/articles/CBMiqAFBVV95cUxOaTFkd1VkeWtPaVQ4WFo4UjlmLVZOWWNqa3RucFlFeVRIaW4wVEtwV2dMbExCbkNaaklMeDhyYjFta09jSzVZa0JGNVV0TDg4amVNb1BMd2xGLTlXVVpvdnVEVmwxdjNQS0VabnRoZmdEZXo1MWFhRXNDY0VzNC0tc1lFQTZRRGNsbUpLR2F3RlNRUVNZenU3MUxhTnFJaXBUVVBxN2lhNW0?oc=5,Welsh Water defends hosepipe ban after Lib Dem attack over leaks The Pembrokeshire Herald,,
MENTIONED,8,SSEN,Electricity,Google News: SSEN,news.google.com,2026-08-13T09:38:57+00:00,"SSEN Transmission welcomes 3,000th employee - Project Scotland",https://news.google.com/rss/articles/CBMigwFBVV95cUxQVFVnU1VLYmRaUkJYaTRodlR1cTdrY0tQN1JCZFNBcU1Yc3FLTW53X0NmVlVocURBMjFpaDNFVWlGRGZ1ajZkT1VNdGNpMTRXSE5hMktKRU9PamJYM0Nib09UTDBZUmR3ajd0STZnSHRpc0R1cVhwNEh2eU9fX0lYTUY1Yw?oc=5,"SSEN Transmission welcomes 3,000th employee Project Scotland",,
MENTIONED,7,Thames Water,Water,Google News: Thames Water,news.google.com,2026-08-13T11:56:00+00:00,"Good and Bad PR: Landing on Mars, Thames Water, Harry Potter fanatics & a total eclipse of the PR heart - prmoment.com",https://news.google.com/rss/articles/CBMi0AFBVV95cUxNeGJ3UGlaby01YVdJR0lodFUwRGVOZ1JjdmNaRTloR2xZTnFjZnRaekJHeGtjb0kwZHd1SzZ4cFc2SklLNUJJTFlNbnNEc3FHM0dkOEh2S2dXeDUtWFlNMnVxMzZFWUhHdmRFYm96eTRfaEcwLXJpYklpaVZCQjB5ZlRiVWFfZUxvNjBmTmRSNmZGUDJ6MGJKYnpMaG5nam1YRDF5aV9TMTVnRkp5Q1pvQmFXbk85bU02NEtXOG1TMnFsSWNEUXpjNzk0TDhGcGQw?oc=5,"Good and Bad PR: Landing on Mars, Thames Water, Harry Potter fanatics & a total eclipse of the PR heart prmoment.com",media_and_events,
MENTIONED,7,Welsh Water,Water,Google News: Welsh Water,news.google.com,2026-08-11T04:15:00+00:00,Dŵr Cymru Welsh Water strengthens Executive Team with two senior appointments - Water Magazine,https://news.google.com/rss/articles/CBMivgFBVV95cUxNVFhudzN1RExPRWhhNUg2QkVjVzJFQVN0S1ZGSENNTkZkR3pXUWhxbG1nVDZQcndBUTNGbm1MTWQzQU9LSk5PZnNOTVFfU3NUbUtsNEJqQUcybksyZlJ4QWZVR0t4bllZOTRJcVBEa1lnOTcxRmhON1JfMkpweElqRDNlNFpHV0w0UVNmbFFZaW9tUFlYb1ZWU0RNSV9NQUFUZkpxUXRSby0zMWdZVEttbHZZd2FGZmR5QWVOYzRR?oc=5,Dŵr Cymru Welsh Water strengthens Executive Team with two senior appointments Water Magazine,,+1 other outlet covered this
MENTIONED,7,Scottish Water,Water,Google News: Scottish Water,news.google.com,2026-08-17T05:00:00+00:00,Bumper Scottish Water bonuses were a failure to read the room - The Scotsman,https://news.google.com/rss/articles/CBMiugFBVV95cUxQRzc1N3h3eGY4Y2YwMzlrNUlyVzhodVh1VHowQkxTclVQSUhTZ2xFZHBQcFJ3QkUwdDI0R0RRTnA5a1RnTFVIZVFoTWVUTkxDQl80ZWFQbTF5TU1NdVRfajdpWUwxMVNPcl9LQ2p6Rm5EWGFXRmc1cHZPc3FxdTAxSXpieHgtVjg4WHZob0dlZ25Edzd2c3JvYm1lejVYMWZFdFRKZHFKNFY3Q2Fzb1dkcWM4Q2s1M2hMdXc?oc=5,Bumper Scottish Water bonuses were a failure to read the room The Scotsman,media_and_events,
MENTIONED,7,Scottish Water,Water,Google News: Scottish Water,news.google.com,2026-08-13T21:47:01+00:00,How Scottish Water Made Its Capital Investment Data Conversational With Databricks Genie - Databricks,https://news.google.com/rss/articles/CBMitgFBVV95cUxNMkdSamRVaEpvY29EQVVudEFpRFF0cy1zNVhqUERnaVJiVWZFaEJ1WW9PSy1XUmUySzc2bHo2bmpmVHNtNTVock1OQ25qZGxmQlhIVl9lQkk4S0ZENnBSOHRDYTUzTlRMQXJOLWxPdEFYUThOcmJiN3U5aUZCbkQxUHg2N1J1blhlWXVUVEJJNnVqUFV1Wk1CT3hwSXB4eHNLb3VJT1NHYlZRcFVlX0E5RlBPWTdWdw?oc=5,How Scottish Water Made Its Capital Investment Data Conversational With Databricks Genie Databricks,media_and_events,
MENTIONED,7,Scottish Water,Water,Google News: Scottish Water,news.google.com,2026-08-14T15:50:00+00:00,Scottish Water to deliver £8.6m of wastewater network improvements across six Lanarkshire locations - Yahoo News UK,https://news.google.com/rss/articles/CBMid0FVX3lxTFBDZjFEQUJqMTBIRng2UDViRjREUk5VLU9ucFY2MmVORDUwdTYzZDZMdjBLZ0tzZ2ZQMzVsdktycHgtd01Da2lhWG5JWnlIUktPWm0xQzZJdWtOYmVNT21NWWpDMkktcUh0Z25WNGxkT0ZrWV8yTGRZ?oc=5,Scottish Water to deliver £8.6m of wastewater network improvements across six Lanarkshire locations Yahoo News UK,media_and_events,
MENTIONED,7,Scottish Water,Water,Google News: Scottish Water,news.google.com,2026-08-15T02:11:02+00:00,Warning as Scottish Water staff left clearing up toilet mess and barbecues - hellorayo.co.uk,https://news.google.com/rss/articles/CBMiqgFBVV95cUxPUGl4QXVRUU1Ody1LdkItSzE4aE8xNmh4NkxCZk53RzVsOWxySVdYLUkwbW4yVW1vVHc3VDZPdE1wWkt2N0ZVb2FkVFpjRFF3YkxkWEh3Sk1lV1BSWjhBcWFmNlVlVmlRM1MxbFhCRVVVMEpCRjVXSU53UXIzcS1felpPS0Q4MFFfcGc5YUVFSVZtZWdzLU42NXAyTWJJOEhpN0JtUE9jVU9fZw?oc=5,Warning as Scottish Water staff left clearing up toilet mess and barbecues hellorayo.co.uk,media_and_events,
MENTIONED,7,Scottish Water,Water,Google News: Scottish Water,news.google.com,2026-08-14T14:10:00+00:00,Scottish Water closes Nairn footbridge due to “significant damage” with no confirmation when it will reopen - Inverness Courier,https://news.google.com/rss/articles/CBMiqgFBVV95cUxNLUtGU0tVelQ0RlZuOS1Ra1JPQmw5UlJlc3RqcEY4Ykh3WlhWdnJIdlVaZjZBV2dZU0ZtaTZoZU5kS1FtZ0plNWdrTmQ4YWNLUHlKS2s0QW1OcjdBQ09KcWVlOXZxSnJBSU4zSlhQb29QRGZSWjJFZGtOeHJLY1RPM19NT2NURU5TdHd5eVkzTWRsZTQtQnRZSGotN1J5cjR4all4SjB3VEM2Zw?oc=5,Scottish Water closes Nairn footbridge due to “significant damage” with no confirmation when it will reopen Inverness Courier,media_and_events,
MENTIONED,7,Scottish Water,Water,Google News: Scottish Water,news.google.com,2026-08-13T15:31:00+00:00,Scottish Water chiefs' 2026 bonuses are branded 'eye-watering' - Yahoo News UK,https://news.google.com/rss/articles/CBMigAFBVV95cUxNczYtb1J2UmUwVDViU21zSDJqVGNDYU9pMDVROXJqNUpEZGRMSGlBUmVkc0RVNVdOZ2h3LXM3ejVrMmlDZEJvd0JMdUtUTlFzVTBMTTIwd0VXSDlhN0VFSTI4N3dTQUlieW5uN1l1YUVGR1pQMVFjeGZ3MUtNdXI3Vg?oc=5,Scottish Water chiefs' 2026 bonuses are branded 'eye-watering' Yahoo News UK,media_and_events,
MENTIONED,7,Virgin Media O2,Telecoms,Google News: Virgin Media O2,news.google.com,2026-08-13T05:01:54+00:00,"Virgin Media O2 claims equipment reuse and recycling drive has saved over 5,200 tonnes of CO2 - Business Green",https://news.google.com/rss/articles/CBMiugFBVV95cUxQd2I1SC1iNUlleHJUMUxIQVBHZHk4bkVYWXVuODRvelpDbmRIS09uc1RlYVhhRzlFVGhXX2M3cGhiVlhFMmZFUEh3UEVwUGNMVldCZFRuaUJJZkZlZEV3eWwyY3BGdmlTRXltbl83R2h6NDIxM0h4b2JoQXJzcmNmRk81Yzl1eTlUcGVqb09Id0VCNzFZeHFUUmt6aU45Y0dUSGxRRFI1V253M0kwV2Q4NWwxX2xUNXZhbmc?oc=5,"Virgin Media O2 claims equipment reuse and recycling drive has saved over 5,200 tonnes of CO2 Business Green",,
MENTIONED,7,Virgin Media O2,Telecoms,Google News: Virgin Media O2,news.google.com,2026-08-13T11:44:49+00:00,In brief: Sony leads sessions at S.O.U.L Fest; Virgin Media O2 launches Tennis Channel; Scotcast guest presenter - Broadcast,https://news.google.com/rss/articles/CBMi8gFBVV95cUxNdENJMTNqQXVNZkJpUmZKeXc4eS1xNkNoVWlNdVA5M3BsbkRzWUZBNEtzclJDNWFVOWZjY3o0MmtiNVlHYXM2bUw4aUZWcm4yTEg5b1lrZHdNQzhNd1VBOFdhR0tkaURIeWNQQ0hfUU5SV0tYSEVybGYzWWxNbVVsd1lUdE91THBnNG9JaVdkTlljdm5XUTI4RG1mWnVmNlJWT2dpNUhvN084ZTJjTzNtNThJRUliQUVObDhBRmtDOGpWdVdJcmdGRnllblN0bFc4RVNoR1RoeEhYZjVuTVdsbHdsMTBPckJUVk5maDl0TkVIdw?oc=5,In brief: Sony leads sessions at S.O.U.L Fest; Virgin Media O2 launches Tennis Channel; Scotcast guest presenter Broadcast,,
MENTIONED,7,Virgin Media O2,Telecoms,Google News: Virgin Media O2,news.google.com,2026-08-12T14:31:20+00:00,"O2 customers can save up to £1,525 when pre-ordering the new Google Pixel 11 Series - Virgin Media O2",https://news.google.com/rss/articles/CBMitgFBVV95cUxNb0tUbV9mRmpyZmtqbEEtZTlZakxlamt1RnhhblI0d2FjcmlNNXBpQWVzeEZXS280ZDVIQ3RSWXlQeVM0VXBBdldzeVJBR1IzbVFVWHN0WFcyVFRIQXYtODB4eXU3bXZ1TlhEZm9UcHZ6bnROcVBtM3VzRl90T2RRV3RqTzI2dEFXOFdHM2NEZDNDU2NvTXZ3TVJvWFdYRzNfVHRGRHpFalVXRVBQZy1SamlsdV9Ddw?oc=5,"O2 customers can save up to £1,525 when pre-ordering the new Google Pixel 11 Series Virgin Media O2",,
MENTIONED,7,Virgin Media O2,Telecoms,Google News: Virgin Media O2,news.google.com,2026-08-13T08:25:00+00:00,Virgin Media Add Free Live Streaming Tennis Channel to UK TV Service - ISPreview UK,https://news.google.com/rss/articles/CBMitAFBVV95cUxQVzMxTFNDcEJwc2J2LS03ZV9IcGQ1Y01vcUplWlJ4Rjd6bmZyNUZyeUw3MkFTSFlVVGtLdV9pSDZfdzNpSVVKVFpNb1FEc1JIaFBfUkRkV05rdlc1QjNHMVpXNWJpY1VxRVdyMUl3R1FUOXU5WnEyWUt0d1hmcHNsakwzSm9hcmFIN2ltbVZFZ05scEZ5ZXZPUVJSRVE5c1RIbFA0TUFiSnJyWlhiV0RudHFXLVA?oc=5,Virgin Media Add Free Live Streaming Tennis Channel to UK TV Service ISPreview UK,media_and_events,
MENTIONED,7,Virgin Media O2,Telecoms,Google News: Virgin Media O2,news.google.com,2026-08-11T08:01:00+00:00,"Virgin Media O2 Avoid 5,262 Tonnes of UK CO2e Emissions by Recycling Network Kit - ISPreview UK",https://news.google.com/rss/articles/CBMiygFBVV95cUxPbVZEYS1SSmJzamtaRGREcFNnTU5SVlFyc0F5V1hiMldyYTlPZHBkUnpOR0ZjZnFrUldwR1JsWmZFX1QxTkpWNnNWV0J5Z3BGMlh5VEdydXNZVTFyczhlVXh5YnpZRTJvQV9wU0NpTXNzVUJUWEdyXzRVbnpZbnBucDhsSTZFY0gwRmIzUFFjcGJaS0NFMDdwbkJKY29xM21xRlFYRmFHV28wR3dkVXRFdmpWbXNKc0JEUjRxMFBqVnBHcGZnbHVnY2ln?oc=5,"Virgin Media O2 Avoid 5,262 Tonnes of UK CO2e Emissions by Recycling Network Kit ISPreview UK",,+3 other outlets covered this
MENTIONED,5,Thames Water,Water,Google News: Thames Water,news.google.com,2026-08-12T03:11:18+00:00,"In a drought, Addiscombe suffers flood thanks to Thames Water - Inside Croydon",https://news.google.com/rss/articles/CBMinwFBVV95cUxPcldyb0ROWHgtSmNTYkRHY1EzMXZsUF9HTDdNNHg2UFpLX2h2b3hUVTB3VDlZU1IyX3hfbUItY2RVSzdMR1l0TGpUZDZiTGQtdl9TUHJkWDBIS3U2T1RLN0hZWUo0QnVxQmdCSzJkTk0xeDZHeHlVOVlabG1xSDFhY1V6SnpWRjdTX2pURlJDSTNjcW5nYndmalFOZWYtMUXSAaQBQVVfeXFMUGEzQndGWjE5YUxjLWx2T3E3M3BXVTBmeGJNVUg2cmJXRnd6VXhWeWstMlVmcHNhRXd3U2xZSnA5MW9BTFdiMVZJYXJVN0NqeVAtdWR2dkduTF8xakFid0IyYWZ2aEY0RUtRdjg5dWVhVVV1VFR3ZHpHSjZ0THBuZ1VsdmpxYzRlVkpXYWJRVVFRS3JGNUJkSHlINmUxQVRjWnhrekQ?oc=5,"In a drought, Addiscombe suffers flood thanks to Thames Water Inside Croydon",,
MENTIONED,5,Thames Water,Water,Google News: Thames Water,news.google.com,2026-08-16T07:21:21+00:00,Thames Water dig deep to find someone to clean up its mess - The Observer,https://news.google.com/rss/articles/CBMipgFBVV95cUxPTGFvbTY1UG81a2hWT2RwSEZncmpTQUtVNlVkUTdXdXBxSTFyU1pXbXRLaGF0ZVJ0WFNxaFJra1VVSWs3X2VYb0RUT1dzR1ltVEpRVWtHRFFneV9NWFZUTDdnSFJwd1BGRWI4d0FDSnZXSWNvZ09ueXJFTklWUEVJblpOQkhCZFhMQlNOV1hhaVVlZVFYZEM3aHJTak1TOWlzS1haNkxB?oc=5,Thames Water dig deep to find someone to clean up its mess The Observer,,
MENTIONED,5,Thames Water,Water,Google News: Ofwat,news.google.com,2026-08-13T07:45:52+00:00,Thames Water among suppliers set to be allowed to hike bills to boost spending - inkl,https://news.google.com/rss/articles/CBMipwFBVV95cUxPRW5ITjdkbUt4dGJNMHpqUU9EQk9QSmZZd0tYdmhldTdxbmFudTVmOHhCcW1wbU9yWVlWZ1JlWlkxaGphRGY3dHV2MmtaTnF5SS1aNGNOdm1yczBHRDlpX21yeTZiUy02MmN3Q19LcUZhX2E1TmtkdEJzZmNISmV0QzllUVVaRnJxUFZSbXBwdVpLYklKMmp1Sm5wY1NPbV9KNGJ6M2pIWQ?oc=5,Thames Water among suppliers set to be allowed to hike bills to boost spending inkl,,+2 other outlets covered this
MENTIONED,5,Thames Water,Water,Google News: Thames Water,news.google.com,2026-08-13T11:30:00+00:00,Further increase in Thames Water bills proposed amid company debt issues - Oxford Mail,https://news.google.com/rss/articles/CBMilwFBVV95cUxPNWdtTS1ENVJjQkVGQlBENm92NjdWX0x3Y1VmRmRsODdtQjBhSDlfd3U0bzdTMF81OE1sY1gxSWs4NFY1czc4dk9BcHIxVUtYa0JQUk9wWnEtVDFfOWQ2WW03c05fQ1JxTDJ3TlZaNmpmVktCek95emZOQmVxd1dmSGJHOS1KNm1DSzZSWkR5c3RUeVF6QmE0?oc=5,Further increase in Thames Water bills proposed amid company debt issues Oxford Mail,,
MENTIONED,5,Thames Water,Water,Google News: Thames Water,news.google.com,2026-08-13T17:38:22+00:00,Campaign to renationalise Thames Water needs your support - thecanary.co,https://news.google.com/rss/articles/CBMiiAFBVV95cUxNcUZreG4zVTVwZzl3OFQ4eWh3YkZZcjFJWXJQNWE3OEJKVVowOURycHdqV1lscFZ4QURROEU5M0hncFdsZFNMNHcteWRhZmdqNUR5S2ZNaWc2ZXd2dVhLNU8zZkV3SEd6eTdsOUVZckhkTndSVDcyLUM0UzRIU0hleVhITEN0ZUxq?oc=5,Campaign to renationalise Thames Water needs your support thecanary.co,,
MENTIONED,5,Thames Water,Water,Google News: Thames Water,news.google.com,2026-08-13T20:22:13+00:00,5 things Thames Water doesn't want you to know - weownit.org.uk,https://news.google.com/rss/articles/CBMif0FVX3lxTE5CcjhRV1NFS2ZVQ0xrcGI4cFRhMWJiRU56YkFXaXFudnNNUlVNRU5hX19rQTcyTnJlLWxRTkFZdGpld01vSWJBQzBFVlE2TVEyRWpDT2FQcWtUbElIcm5INGZVbWpGYzk0R3VXeVJzTDB2VW1zOWQwNFhzWTMzMVU?oc=5,5 things Thames Water doesn't want you to know weownit.org.uk,,
MENTIONED,5,Thames Water,Water,Google News: Thames Water,news.google.com,2026-08-12T11:00:14+00:00,Thames Water gives finance chief £1million extra payment as firm teeters on brink of collapse - London Evening Standard,https://news.google.com/rss/articles/CBMipwFBVV95cUxQT2h6clRHSUU3cW5EVXQtd1ZkVGhLb3NPT0RYSHVZZ3hhUTlBOEp4eTVzb01wY2FBbWpyaFdZc2ZTTHJ3c2kwTXRwT1dzb3pqaldFQ3B5NTFuTEN3MkR5cjQ3OFY4MWRNWm1FcDd2eDdfN3NROW96QnlrVWpHbUtmaVNMSkgtMzBzWTFMZDZWNE9pb0RYTTluOHR3MWxhcFJvZnU1VFRaYw?oc=5,Thames Water gives finance chief £1million extra payment as firm teeters on brink of collapse London Evening Standard,,
MENTIONED,5,Thames Water,Water,Google News: Thames Water,news.google.com,2026-08-13T12:44:39+00:00,Millions of Londoners could face another Thames Water bill rise - London Now,https://news.google.com/rss/articles/CBMimAFBVV95cUxPYl82aTNpc3lkT0l6SzY1TE5ZRmNnejRDM2tTRkZUQzM3bDVDMm1ia0tLLUxiUmhNOUIwd3BodmZpeGltd2htTUJ6dDN0SEplVUNfTVQ1WHdoU2lQamZUWEUtcGw0eDhUb2pLSmhPS0c4dGNEdUs4cGFlTFU2TmZNdGRtSXV1VGQ2eDFLNGJrNDFrSWw3TUUyTg?oc=5,Millions of Londoners could face another Thames Water bill rise London Now,,
MENTIONED,5,Thames Water,Water,Google News: Thames Water,news.google.com,2026-08-17T05:28:00+00:00,Thames Water just proved the system is broken - it's the perfect sign - Daily Express,https://news.google.com/rss/articles/CBMifEFVX3lxTE1wanFwVWxyTkdYS3BxWnNKWXdkRVpsWERhUXR0U1dPdEh6eFB2b3N2QU9vSXhoZTd5dEk5ck1wdm1VZk9VZzJHN3JEeHVNVGsxSU5kY2tCajZSdzA0TkV5OUxIUGw1cWFDdFQ4aDhaV0JiWDJHbXluUDNKUDXSAYIBQVVfeXFMT3M5eFJidkpSeThCUFVMQ1NVYW9xb1ptdVJubmhid1ZOUndGRkdiM0tqZy0wMDJhU3RuNFFkZ181V1NXcmJwOHNOVEZZVFktdk55VEsxaWhkZlh0R1phdWVoTHVwc3NLeXlVaGwyX2cyb3NQdXpzMEhfS3JpZXlVNDlZdw?oc=5,Thames Water just proved the system is broken - it's the perfect sign Daily Express,,
MENTIONED,5,Thames Water,Water,Google News: Thames Water,news.google.com,2026-08-17T04:00:21+00:00,Thames Water funding creates over 100 apprenticeship opportunities across London - Water Magazine,https://news.google.com/rss/articles/CBMiwgFBVV95cUxQOHFYd1Z4cEVBa2RQMmxmODc2WFd1UDhCWUluMnlKZkZqTjJ6clhQaGFFZGFQNnB0UkdkeGdTd1JzcGlHcU5TTlJwYmlIVFdoZDJFMWhiZV9qWUxuQWtwZHJVaGt1c01KUkJWRGVRWjE1ME16bDU3Nl9NcHVnMDZkRlN3Um5wN0tKdnQ2ZlVBLWRkSHJPWVk5ZnRFeXBTWWcxOHFSSVJQOWhlbGpEZm9JTnFRaklpbDJ0azZlakRVS0Radw?oc=5,Thames Water funding creates over 100 apprenticeship opportunities across London Water Magazine,,
MENTIONED,5,Thames Water,Water,Google News: Thames Water,news.google.com,2026-08-11T21:33:09+00:00,Redbridge steps up support for residents and works closely with Thames Water to restore supplies - Redbridge Council,https://news.google.com/rss/articles/CBMi2wFBVV95cUxNUlhTWFhfYzRDbDlsZ0xBaFhHSkpjMkFXVjBfdlppVmRsTEh6OWpzRUhNU09DLWtreC16OHZSVTZiQUNkNGtMNGFNUm80Mi1oQ01lRzFoUzFBTHhhTU9wQWwzdjZiTU5GLVhKZkV2eTBGbXk0QUowazh5NGdCUU8zR1hGOVNzMDg0ejI5S1c3QzVlVnJ3WHRVZzY3T1BaV3R5UWJrWUVwb0dzSkZ2Vk1CWjh5V2RuYWlSaWp2ZnBfdlpnamZmejVobEFwU0Q0alQzOVJxbFE0dHgxSW8?oc=5,Redbridge steps up support for residents and works closely with Thames Water to restore supplies Redbridge Council,,
MENTIONED,5,Thames Water,Water,Google News: Thames Water,news.google.com,2026-08-11T10:26:59+00:00,"Customer care? With Thames Water, all you get is an AI shrug - Inside Croydon",https://news.google.com/rss/articles/CBMinAFBVV95cUxNV3U4OUwwdkZIdDdNb0lkT1ZJRkEtcW53NzNNenNDRDlRenNGT3JUVXM3ZzlrNThEbG53LXpDUG9JZ3A0NzRaWUNwVENWSml2N3hTOEM2WDNsWUhJQndINWJFRGMwX2lkTHQ5SEp4cTFRU3hpZVhYTkJBM3FWTXo0cVVjRGh2UUNWM2ZmanBZZ3BkeXhsbnVzYk1HZ1DSAaIBQVVfeXFMT0tOemlQUXlzaE93X2tna3lMaXA0Z3NWaUVuSEJZZmt6SjlGRUxnT3hPWU5aVHYxZHpTTF9NSktLQUhKeDZ6WXFNbjhCS0lNdjRDcDNvSjVFZ2JWdHRUdUZZS18tM0NwNU9mUFlJbjFxVlVFZnMweGpaeUtCN0NxT1pKLTZKdXlHRDJFemNNOWJibk52S3NLUkxtUWdZQnI0R1F3?oc=5,"Customer care? With Thames Water, all you get is an AI shrug Inside Croydon",,
MENTIONED,5,Thames Water,Water,Google News: Thames Water,news.google.com,2026-08-10T09:32:54+00:00,Thames Water pay: 'increasingly desperate attempts' to try and get the business in order - Sky News,https://news.google.com/rss/articles/CBMivgFBVV95cUxNWlJtMUw4RWtjay1EWTdGTWF3TVZhSWhmcWs3OGxDSWRBSUM4Zlo3MGRsZkhTbi1OYnhGcU5YNXlCOEVnd0ROV3lBR2lERU82dDI5RzVlcmZLcDVPa1k0YURUdXFTWUlxbjFfekVmbXZDSDNkWVI1WklzSE9PRmdnWWhkdGllUDlEQW9FODIyal9XSHpmLTZCY0ZzUXlDem5HMmdmU2hnUFdhdHhQcS1QemI1andnLWdQYXBBSU9B?oc=5,Thames Water pay: 'increasingly desperate attempts' to try and get the business in order Sky News,,
MENTIONED,5,Southern Water,Water,Google News: Southern Water,news.google.com,2026-08-14T15:36:48+00:00,Main road into city on track to reopen after Southern Water closure - Daily Echo,https://news.google.com/rss/articles/CBMilgFBVV95cUxQbFZjVkF2SzdLVEdRNGJmM0NVM041T2dfSTd2cjQtanZRM05XeFNsUWxYNXJfemZPeVpxUWZhSGpRdDRuQ293SlF1T1pNbGxXZFVCcTBmT2xPVzgydFRoMGRnd2c5YzNBVHpjNWwyRm51bHZSQzNaUDB4V3ZraEQteThLc1F6UHZyc0NoUGJMNUh6cVpsUFE?oc=5,Main road into city on track to reopen after Southern Water closure Daily Echo,,
MENTIONED,5,Southern Water,Water,Google News: Southern Water,news.google.com,2026-08-13T14:55:11+00:00,Diversion in place as Ramsgate Road southbound between Thanet and Sandwich shut for Southern Water works - The Isle of Thanet News,https://news.google.com/rss/articles/CBMi0gFBVV95cUxOMjRlazVvUWtqYTBpRGF3OWNrYWs3M1JEV0VvcXYyTW1yTnBWcjZkdllkdjgwM0xRdHVkNzFEV2U1RWtWZFZ2SWphWUlHNV85eGlxSjVsMzRKdTRQY1l6bGNFT0FFdVlWU1JCdEZtam1fczlJdmFfdl84eVBxeFM4Y2RISS1SbDZBVkpyZFBIS1RYM0ZadEhtdElaT3JtNjNKLU5mNWRwejNpWXdBRU9NcUJQaUdzQWgtc3g5Ylo2OFc2ZWRWUzdaQXA0MVhOX3hjWFE?oc=5,Diversion in place as Ramsgate Road southbound between Thanet and Sandwich shut for Southern Water works The Isle of Thanet News,,
MENTIONED,5,Southern Water,Water,Google News: Southern Water,news.google.com,2026-08-16T04:00:00+00:00,Southern Water warns leaks are up '30 to 50 per cent' due to heat wave - Hampshire Chronicle,https://news.google.com/rss/articles/CBMirAFBVV95cUxPVWtZMWo3Z19RY0xMMTlEM29FNXY2Z041UTNYVG01TFlIdXdQb3BESHp0dEY4cFpnRVNNZXBkeHR0b0g4d3h1OUZIQjM0dGwtb0hYUkExR2REWWEwa0haUXQxanZZQ0hZZE1YN3pBUG9CUUpNc2RhU0M1Si04Z25Ua1NfNFRGZG5TQzhrTWdwZV8wUGtQM3lUUWowTm1BQ09NUUVVNEpWMmU4c21w?oc=5,Southern Water warns leaks are up '30 to 50 per cent' due to heat wave Hampshire Chronicle,,
MENTIONED,5,Southern Water,Water,Google News: Southern Water,news.google.com,2026-08-12T10:43:34+00:00,"Southern Water wants a rare water ban, says 165,000 people could be at risk - EasternEye",https://news.google.com/rss/articles/CBMicEFVX3lxTFBZN29OU0QwUU5oQXREbmhOc2JVYmI3VVFjU2JLaGdhelZYMWhyNmxRWlJiblRfajRiN0FfSEFkQVotQ1JLdHFwU1hRcTdNTXBnVUdLdFJOZUQ2SkNNeVROb2Q2Q1pOTWQ1X3dJZDJSYmc?oc=5,"Southern Water wants a rare water ban, says 165,000 people could be at risk EasternEye",,
MENTIONED,5,Southern Water,Water,Google News: Southern Water,news.google.com,2026-08-15T02:30:00+00:00,Southern Water faces calls to rethink measures affecting car washes - Daily Echo,https://news.google.com/rss/articles/CBMiowFBVV95cUxQdTFGRmttbXBnUW5pS0VCZ3pYLWpCWUV4YVZOTm5JV1ZnTTFVSnlLY3FCeTFmQTVFVDlmdVRCZ3hoRnZQaHNhZ3Y2WHFOYndvWHZxZkhjT0Y0RFRPaHFCX0JQZ2tUQnBjcDRwb2t1UmVKSGRrZlFPaTMzNlZDdWJmcUpvbDk5bHVuU29LTndZLUduTjBYakwwajJGc0x5NUNkVzZz?oc=5,Southern Water faces calls to rethink measures affecting car washes Daily Echo,,
MENTIONED,5,Southern Water,Water,Google News: Southern Water,news.google.com,2026-08-14T02:30:00+00:00,Southern Water bosses grilled by Shirley businesses over high street harm - Daily Echo,https://news.google.com/rss/articles/CBMilwFBVV95cUxOOF9oVFZzMWptbWhObmdYX2xadzFBNnd1OXVqT3BnalVKdzF4MjV5Y1RQMVRoWE1vQVV4VFFmRHd6TWVzSHlZNzV6R0dXdXFhNDI5RU9VWFRzWHFZMnpYSllVQ3prS0k4MHFNOUhtQlJxTDE1MGZ1RjNRRFN3cWtITDdfbTRaT2tOc05TSFFHYlpTZDE5MW5B?oc=5,Southern Water bosses grilled by Shirley businesses over high street harm Daily Echo,,
MENTIONED,5,Southern Water,Water,Google News: Southern Water,news.google.com,2026-08-12T02:30:00+00:00,Eastleigh MP slams Southern Water over water leaks - Daily Echo,https://news.google.com/rss/articles/CBMikwFBVV95cUxQX19VbU1oUFdGa2s3Wjh4RHFIMjNzZTlOUlhRZTdJR0xzY25aZHpJb2ZFcnMzdHVLZWlrdTgxWHoxTEd3U0NtTW5JdlVyaFBDbXBBMnBQZ3JLOGZfaVhDam9qZEt0eTAzQ3BlRmI5WVNlelQ1eURBSGV6Z2pjNTFMRlhWLXB0dVh3R2o2bnVjOHRIaU0?oc=5,Eastleigh MP slams Southern Water over water leaks Daily Echo,,
MENTIONED,5,Severn Trent,Water,Google News: Severn Trent,news.google.com,2026-08-12T17:47:34+00:00,Severn Trent: 'No hosepipe ban is being considered right now' - ITVX,https://news.google.com/rss/articles/CBMingFBVV95cUxOaFZqUmtKMi10cUNNNHQtbE5QMFF3MGpseTY3SXQ5OWNYR0I5NVlZUXBtdExKTk9aN0JhVDFpZmM0b1kxUnZoR24zY0RiVl9IODFNZk53SFdrYnhweE1YTmh6TFhTUmM5U2s1RlRRUjZidFdpZk9aZU1aSUl6TWlDRGhkVDNKZVlSM2FLS1o4eG54N2JDaDJybG9ZS2VZUQ?oc=5,Severn Trent: 'No hosepipe ban is being considered right now' ITVX,,
MENTIONED,5,Severn Trent,Water,Google News: Severn Trent,news.google.com,2026-08-15T06:00:16+00:00,"The East Midlands is in drought, what does that mean for Severn Trent? - bbc.com",https://news.google.com/rss/articles/CBMiWkFVX3lxTE96cTlXQ3VNcEg0MjNfZkJoUldCSDZhei1RVzZuaTF4YThHWTlkQmRaNkZqZVJCWF9TT1NwSmEyY2t1M01ISWRvcFh5M1FJVFFqWGxmblhKX2I3dw?oc=5,"The East Midlands is in drought, what does that mean for Severn Trent? bbc.com",,
MENTIONED,5,Severn Trent,Water,Google News: Severn Trent,news.google.com,2026-08-13T11:00:00+00:00,"Jugs, leaky loos and shallow pools: Severn Trent asks people to help save water - Derbyshire Times",https://news.google.com/rss/articles/CBMiggJBVV95cUxQcU5Rc3ozUGN6Zkk5LWRubU5ValBxeWgybll5VF95WkdpY2k4SzRBTmxLcm5ZN1Z6VUZVcFZuZkNERnZqS2xjbUY5ZzJETmtBRmtkYnVtUlNHbXhzdkFTUHpGRDlHVmZaZktBV0o1R1g5dW44VV80bjRXTkM1d1B0dVo4WE9raXcxRnloeWdPSmFIVnJWTXl4MExHTWE4Y09jU2s3bTcteWJZOW8zV2U2eHgzMU9fNHJuNlJza0pKdkkyZ1JPeFBvMDhIY1NlRTVDYjk0MEJSOENzdHZjLWNJdnNqclNQOHpfbU1BQTlmWWp2UnF4eUc3TGRWbEtUNHliZmc?oc=5,"Jugs, leaky loos and shallow pools: Severn Trent asks people to help save water Derbyshire Times",,
MENTIONED,5,United Utilities,Water,Google News: United Utilities,news.google.com,2026-08-14T16:00:00+00:00,United Utilities warns of tragic risks of reservoir swimming during heatwave - Warrington Guardian,https://news.google.com/rss/articles/CBMiswFBVV95cUxQTUtfQTdmOWNzUXpoeThHeC0zdjJMS2F5NWdqbjdDblgzNVBaM0laOU9KYVdQS21HMUdUV1U0NUJJVjhWZzZzdFFKaGZPaFdUYUk4ZFNaT0VRdkIyMjVKZ1BUeHNKU2xaZnppU0dNMFZVZm0zSHdsRVE3N2NhSHZwUURGR2NwSzRpVzNHbXFmeGZybnJ3cEpXaW1HRTJmUk1JMEdmVlNsT1puM0NPaWxCOElrOA?oc=5,United Utilities warns of tragic risks of reservoir swimming during heatwave Warrington Guardian,,
MENTIONED,5,United Utilities,Water,Google News: United Utilities,news.google.com,2026-08-13T04:00:00+00:00,Free parking at popular beauty spot set to end as United Utilities submits new plans - Lancashire Telegraph,https://news.google.com/rss/articles/CBMipAFBVV95cUxQYVlVektHWDBkbkxXM0pONDZPWkJzSy1uTHpwV3NQWnp5MUdKLWZvOThJWUNraFFaTGJrRi1qdVZha3VHd0JwLU1OYkMwMi1kQ3NzMTUzQVNmWGN2U2h6Z0xfSS1uTGlqTlVpVFJDNzFVM0o5c0hLNldHUFJ4RHRTSV9rQWN4OGtXbXNwZnRLOXByV0pEMk5WM1RJaTFua09QbHFyeA?oc=5,Free parking at popular beauty spot set to end as United Utilities submits new plans Lancashire Telegraph,,
MENTIONED,5,United Utilities,Water,Google News: United Utilities,news.google.com,2026-08-10T07:34:40+00:00,"Sustained success in 2026 for Hen Harriers on United Utilities-owned moorland in Bowland, Lancashire - raptorpersecutionuk.org",https://news.google.com/rss/articles/CBMi2wFBVV95cUxQM1NvLXdpZnN2alUzSDRiLXVESWg3WFR4QnRxNktkeGwySHVZN1RaNzJodXZUQmc4X0JfTmdoYUs3anE4cHRRbmhvSnhYU0F5b3FNYU1ZRi1nak9LeVhKTlc1NHNIX0h1RkxPVExkQ1dvZVBFLWMtazVyenRYVmFqUWtmLWdCZGFzdU5BSUZ3US1ubHA3czl3S1NzSFctc2ZPbFg5UzdFZDJTSmRUTFluY1VMRGNGTWpkdlJQdlhLRzdmOEY2WFZjZ3p2TmU2U0VrSl9Vb0V5T1B3dHM?oc=5,"Sustained success in 2026 for Hen Harriers on United Utilities-owned moorland in Bowland, Lancashire raptorpersecutionuk.org",,
MENTIONED,5,United Utilities,Water,Google News: United Utilities,news.google.com,2026-08-11T13:35:13+00:00,As heatwave hits United Utilities issues reminder about the dangers of cold-water shock - About Manchester,https://news.google.com/rss/articles/CBMiugFBVV95cUxPUWREMmx6a00zTGV0Y3FmUDZXNnJHTjBHdkFRLXBqRDdBZzZTWW1kWkIzUkwzVldwNEFucWJjN3FfLXQ4djZZUjFmUldpSkVrT0lOUnYxbU1UU0E5MmVOa2NPckkwOV9xRkFCeml5V3F2bC0ySXJjN0FXcW5tb0kta3R6d0R0OGw1NXR1bnRha0dmZkVpamduQ0FYeG0zYUZfWHFBZzRoXzlaeVFWZ0R3b0pnSDFjd2E3ekE?oc=5,As heatwave hits United Utilities issues reminder about the dangers of cold-water shock About Manchester,,
MENTIONED,5,United Utilities,Water,Google News: United Utilities,news.google.com,2026-08-11T18:04:25+00:00,United Utilities urges public to stay out of reservoirs - notreallyheremedia.com,https://news.google.com/rss/articles/CBMisgFBVV95cUxQQmtLT3YyODJUMUpRaVRUNWhpV19vZkNESmFJTjkyNk8tdU5SSTB4TkdNS3RTXzdxNzFqZEhoR1dfUGVOQzZ1ZEZmZUZpdmd2WTV3dHNLbXJydy1xZ1RyWkdXa1c4X0N5NjF2djlzQ21TT2hoNzhtTHFOXzVyWHRraWotelRrQ1Z1UDU4SDVhcEJUZ09aSm0teDg0SkZvTHl6N1RORkxQVjcxeFNFWTVld1J3?oc=5,United Utilities urges public to stay out of reservoirs notreallyheremedia.com,,
MENTIONED,5,Anglian Water,Water,Google News: Anglian Water,news.google.com,2026-08-13T15:19:00+00:00,Anglian Water says hosepipe ban is ‘making a real difference by reducing pressure on our water resources’ - LincsOnline,https://news.google.com/rss/articles/CBMisAFBVV95cUxPYU5mLUZ6Si12R2R0eDlkc2VoSGdRV1U2RlUyS1pPaHRfZm5EM0txWUpsWE5xZ1dMOG1lZWYzZDljZ2tWLVp6NlFDWXo1Xzg1Um5NSmU3blpRbHB5VmRkVFJXNV9nWFhKQzlVVDgwVGlPVFlidmtBV0Q3SlNydGlTcFYxWEltRHhCNjU2M3Ewa2pYMUg2NlFUZkJxRUpDQUxOaVc1UVZabElSS3hJdmxZSg?oc=5,Anglian Water says hosepipe ban is ‘making a real difference by reducing pressure on our water resources’ LincsOnline,,
MENTIONED,5,Anglian Water,Water,Google News: Anglian Water,news.google.com,2026-08-14T04:38:25+00:00,Anglian Water asks Norwich to limit water use amid record low river flows | News - Hits Radio (Norfolk) - hellorayo.co.uk,https://news.google.com/rss/articles/CBMimAFBVV95cUxOUkRmdEhHVzlJNURaMnlzTFN6VHVzZHVISjRLblI5NUFhYjhfVGNOdkhhV2FDMmhmV3huQlEwOXhjUWRJTkdfX3VsaHFpb0Qtd3c0SkR6bHJBODJPUVRmbm9QSGNFd29RY0w5V0JnYUJiLU1pVU11MkxLUHVkZkJPdU5IemZXemJNVFNRd1pVOWR2Tjg1SGJ3ZA?oc=5,Anglian Water asks Norwich to limit water use amid record low river flows | News - Hits Radio (Norfolk) hellorayo.co.uk,,
MENTIONED,5,Anglian Water,Water,Google News: Anglian Water,news.google.com,2026-08-13T03:45:03+00:00,Anglian Water’s Kate Cassalli discusses the UK water sector visit to see Spanish desalination plants - Water Magazine,https://news.google.com/rss/articles/CBMi2wFBVV95cUxPUjNrVjBfcFRiNHluNWhtOEU0M2o3bFhYWkgxM2wtS2xqYmx1dnRBNnBNSmZZLWpHMkx6aHozR2lZcDFOSUpITkVzSWN3QUpUZXMyVjh5Z3VqY3ZoMFN4Y1JXUzBHSXhfYldzaTZwMm9sSXB4VXBwWmp1bUhzWFF6b1k3NHRFVl93aG84b24wYnZ5d2o3MUw2VFFLRlAtVXdNaTk4N0lqSV8tZDl6ejZSeHA3TG1fT0VuMWR3WTdNeHUtN19UY0NGTEpkMFdkS3lIR1d2TGtUaXQxbjA?oc=5,Anglian Water’s Kate Cassalli discusses the UK water sector visit to see Spanish desalination plants Water Magazine,,
MENTIONED,5,Anglian Water,Water,Google News: Anglian Water,news.google.com,2026-08-10T16:06:51+00:00,Progress made on Anglian Water’s new Middlegate Reservoir - New Civil Engineer,https://news.google.com/rss/articles/CBMirAFBVV95cUxQcnN6QWRYam5RZ253a1B3SzUtenhsb0t3S0FlblVDaFdPLUNOejR1UXFtZ0xWbGk5cThhRXljdGVhOGcybEFZc1ZKQ0JLWk54MHRiVlY5OGYyNXgwSmFkdXE0Vl9fWEh1cDZHcGhjLXYtY082dGpyelNlLUVDNWZDeGxYZnVZSm5TWXctT1N1LVlDcU5BZjk3b0lYazVZMXY0TDVJQkhyd2k2QWFX?oc=5,Progress made on Anglian Water’s new Middlegate Reservoir New Civil Engineer,,
MENTIONED,5,Anglian Water,Water,Google News: Anglian Water,news.google.com,2026-08-10T21:00:34+00:00,Anglian Water Advances Landmark Reservoir Project to Future-Proof East of England Supplies - Safer Highways,https://news.google.com/rss/articles/CBMixgFBVV95cUxQbzRYYk9mU0Zsa1ZLTy0yTVZ2amFZNENKVU93aFdlMExvSHhBMzdsRkhndmhTcl9aZE51TktNZ3RDOWFGMjNsTDZEMGxZNVgzXzhQZUx5QVVacno2U3pEdGRFUkx2eU5sRVFGRzgyQk54ZGJ1UVpXQkhLY3N1bE5xc0FhV0NJTVhtTEhLaXZpSENCcVlaVzU4UkY2VHdTV0YzMzFsOVJtQUl5WXdUSHFCLUtWbzUwSU5FTjUya2xsY3VadWJDVFE?oc=5,Anglian Water Advances Landmark Reservoir Project to Future-Proof East of England Supplies Safer Highways,,
MENTIONED,5,Yorkshire Water,Water,Google News: Yorkshire Water,news.google.com,2026-08-12T11:30:00+00:00,Fifth heatwave set to increase water demand as Yorkshire Water urges using water wisely - Halifax Courier,https://news.google.com/rss/articles/CBMi2AFBVV95cUxQMTYya1RncVROY1RLSG9jQ0Q1Um5HRzBOX0Q1aGVPczQ3dnFNTzgyWDJESWlWQU5pdUJlUTJNeVd0TGNLejItRWpZdkZoN3NWOUM3S3JNeFFCRUZsMmZCNzRvdnJKeWcwQlVDY1E1RUJ1VkcyQkpadGg2dGdJV3Q4ZWpkeUstYVFvaW11emRPRG9sM0lPVEJSbDRLTW44YVlzN1RRaE1vd09FdjJ6SkRyU2ZqcjNuUk9NMVJ5ZjlGdGFNTDNaSFJpZTlZQ2xqYWhrTU8tYkZFSTM?oc=5,Fifth heatwave set to increase water demand as Yorkshire Water urges using water wisely Halifax Courier,,+2 other outlets covered this
MENTIONED,5,Yorkshire Water,Water,Google News: Yorkshire Water,news.google.com,2026-08-14T04:00:00+00:00,Yorkshire Water starts £2.5m storm overflow project in York - The York Press,https://news.google.com/rss/articles/CBMimAFBVV95cUxQZ2lrU185V29SYmlubi1OVnFMcjJBYzJJZHkzTDNyUkgtLXBNNkRXQjFOdDhYdFo0bFhpNzR1azgyUVQ3MnIwV3BRN21OSHQxVFA4d1BDQVZmNkpxendPdWt1UlJSSEI2enBHRGgxeHpOd2VzUkxKSzhDeXpaSDN0aWtNeDNiOGw0ZDFpZnhnZUpvaXVzcG1FNA?oc=5,Yorkshire Water starts £2.5m storm overflow project in York The York Press,,
MENTIONED,5,Yorkshire Water,Water,Google News: Yorkshire Water,news.google.com,2026-08-12T10:28:00+00:00,Yorkshire Water says try and avoid using hosepipes - despite no ban - Yorkshire Post,https://news.google.com/rss/articles/CBMiqgFBVV95cUxORGZIWFNrcGpKcVUtX3NrdERCTkZXTDJkT3pGMUpHcWl1M2w4eXloZ2lWQzk2M2pJeXlQS1ZyRFVuZFdEUnFqODRNWUVNZFI4djB3R09sOHhrTEtYaVpUUmZUQlRwa2psRjhac08tUGJjdS1oT25KZFdkSXBnZjNKd3hXU0FsTlo5MlFjYW9kNUpYeG5fLXF5ZnVDbklaek5QNXhSajhFS2FtUQ?oc=5,Yorkshire Water says try and avoid using hosepipes - despite no ban Yorkshire Post,,
MENTIONED,5,Yorkshire Water,Water,Google News: Yorkshire Water,news.google.com,2026-08-10T11:31:00+00:00,Yorkshire Water puts Dales villages on ‘boil notice’ after bacteria issue at reservoir - Yorkshire Post,https://news.google.com/rss/articles/CBMiqwFBVV95cUxPSkRoUlgyYldlNEtoZUxOMS1xR1Rab0FhQmtPZ0xtTV9hTGJQS3FCWnVqWTIwVl9GdHVvN2NYX1YwU1pFOXRiUUVJd3VPUjV3XzVhZThGMU40Q21VOFNzU3VfOVprelRxYjhBZi1kalBqdHd2V1p1MzlSWVc5WEVwemJ0M2JPbkVQUXJNZkR4UG5nOVhPNnZWVTduUVYtb3JXNHZ1YTBMT1hid0U?oc=5,Yorkshire Water puts Dales villages on ‘boil notice’ after bacteria issue at reservoir Yorkshire Post,,
MENTIONED,5,Yorkshire Water,Water,Google News: Yorkshire Water,news.google.com,2026-08-10T16:15:00+00:00,"Yorkshire Water apologises after thousands of customers, care homes and holiday park have low or no supplies - Yorkshire Post",https://news.google.com/rss/articles/CBMi5wFBVV95cUxQMW1kZjQwS19Zb1F3WXQxRmc0WXdscVpYTUtLWG1UajFyd21XdXZyU2trem5MN1BjTHN6LTVIX3did0JUSVh1RXoybEN6OF9wZDQybDlxZHlWb29qVXZmekxFV1VJQktYUDBsYi1EU215dlQyckI1NEctd2REWjhMdU0yaFJSbE40OUNaTG13N1lNWndjR2c0SmdCS29fX3R3czR4OVQxa2liRUV5eHRjZHhCQk5HcTRuLXNidW5KR0sta0EtX2R4MzlrdHJJb1ZMVUI5ZWdJWXNRdmlBUDZqUi1HUFhsQWc?oc=5,"Yorkshire Water apologises after thousands of customers, care homes and holiday park have low or no supplies Yorkshire Post",,+1 other outlet covered this
MENTIONED,5,Yorkshire Water,Water,Google News: Yorkshire Water,news.google.com,2026-08-11T08:13:00+00:00,Yorkshire Water: boil notice on drinking water might be understandable - were it not for the company's remarkable knack for failure - Yorkshire Post,https://news.google.com/rss/articles/CBMijAJBVV95cUxPWE5KQzI5VmpHeWtienBIeHRKV01iblMxZlZpT2hNeXNWSEdYVWVsY2FEYUlTamZnQTN1a1ZZM0xRM25BSkdOdUtEcGdHYW1EaXotNHpZbk9HZFJMVDhZbGRkT1FlNEF2eGJyeG5EUUFkMFhydXFnTmJXVUVnS0l6WHhkZnJQUWliOWNmQ09WM21DVVdmbFVTMXpnZEdrR1hqTWhnTDZfWFlncnZlaWFpNUU2c2g1TTNlYkZ5S1k5bkhZU2hKTGgwQ1VHQ2Jic1JSRjlOYUtPTm15aEVMZE52NGFmaWRxdmpEMENBaDN1ZWJXQlRVLVFLeFl6TlF3SFdia3pENWpPUXFEVmJC?oc=5,Yorkshire Water: boil notice on drinking water might be understandable - were it not for the company's remarkable knack for failure Yorkshire Post,,
MENTIONED,5,Yorkshire Water,Water,Google News: Yorkshire Water,news.google.com,2026-08-10T14:44:00+00:00,'Yorkshire Water must think smarter': Robbie Moore MP responds to Ilkley road works completion - Yorkshire Post,https://news.google.com/rss/articles/CBMi1wFBVV95cUxOaDRwTm84UncyZ0pIUHhLZmVHeGN1TXBfTWlXckVOZVFQWldPdy1uX1U5RzF5dXlnbWV4VTNUb1dfUkV3OVVFRGtzc0N3LXRYZERsZXlNMk1OcXlFNUxnby1KMndjXzhXNnhDcmlCNktDX0Jzc3NaZ2Z6eUNJTTdIcW1YZHBtUUdYRFJ5YmdncGV4MkNSRUo4Um9zcUpqU2pJYUVpbC1GZUJBY1FxUEZ1a0lwM0p0SndGaDRHNlZUX1lqelYtX2FXUkFabmdRaE13SFh3WFl0MA?oc=5,'Yorkshire Water must think smarter': Robbie Moore MP responds to Ilkley road works completion Yorkshire Post,,
MENTIONED,5,Northumbrian Water,Water,Google News: Northumbrian Water,news.google.com,2026-08-15T10:39:08+00:00,Northumbrian Water Set To Start Work On Major £6 Million Investment To Help Reduce Storm Overflow Spills In Newcastle - megaproject.com,https://news.google.com/rss/articles/CBMi6AFBVV95cUxPYlkwSEhuOFJSS0ROaG9pZGRRZVNJajFwbmxqbU9jU21oLURqOThTbGF6R2JxR0c0UWo0dWllcjBCSllDY0NWRDJwWG00VnVNd0w3czdVZXFZSVIyYVloSmRNbVo2endyV29vbDBzYkk5N3BBOU5sQXNqbHkyd3MyVy12Qk9xdnVheEpMbklVb0d1OHlUdHZwTnh6TkE0ZF9WU0RsZVl1RndZaUFqMGUwbC1BMjZsc0RKSzdvUkM5WGUycm10M08tWG51anJGVXZuSG45WlJjMC1yQlVnLU1FeVpWVkRqNzhL?oc=5,Northumbrian Water Set To Start Work On Major £6 Million Investment To Help Reduce Storm Overflow Spills In Newcastle megaproject.com,,
MENTIONED,5,South West Water,Water,Google News: South West Water,news.google.com,2026-08-17T05:04:21+00:00,South West Water urges action on hidden toilet leaks - Crediton Courier,https://news.google.com/rss/articles/CBMinwFBVV95cUxNdmx1NU1PM3NnbndVOVNPMmNsaW15Tjc1dFhaaVFiUjJ3S3hBVE40d1JDSE1Jclh6bXZpNWs2dHM1YmhNLUZKM0VpdjhmYmhfd2VvRXViWDJpcXZJeGFYUEpkMGZoSEZrUllHbzVEWmJtOVFIS2tOMUI3M2xJTlFTZldacHF5Z1BpX2ZRRHFGcE1KRnZsWlA5UlZaZHhsN0U?oc=5,South West Water urges action on hidden toilet leaks Crediton Courier,,
MENTIONED,5,South West Water,Water,Google News: South West Water,news.google.com,2026-08-11T13:26:02+00:00,MP demands urgent action on South West Water leaks as hosepipe ban hits - Devon Live,https://news.google.com/rss/articles/CBMiiAFBVV95cUxPNU0zb2toUDdlaWRjM2lIZXgxeXlmNnExSUc3MUFFUUQzdDdhWmFrZlFpYk9pNmNoTy1RRkcxak9ZbHRzZzBveklJd1dzWTFYWnFJbU5OTnhjUHo2Y3UweEF2VHpsSldJdlFPcl9nMjdPYVJYdEdHVzk5UUJLUWZaWmpBY0dWbmtq0gGOAUFVX3lxTFBjdmJId01KOHIwandWcDFuem1veXBQTkpJMS1fcVJ4d0NJZTdaV3VmU3o3elIxaHlkNjY4VWZsMkJQdVh6S0lwM3ByWVZVSEFMSm83UmVSRTZQems2RFltMldsWVVMc0dYblJsUlRXQ2daa2dPXzdRMG1ESDFxTnQ3dnJHZ2k5Si1WWE1JaFE?oc=5,MP demands urgent action on South West Water leaks as hosepipe ban hits Devon Live,,+1 other outlet covered this
MENTIONED,5,South West Water,Water,Google News: South West Water,news.google.com,2026-08-11T14:01:44+00:00,South West Water lambasted by MP for banning hosepipes but not fixing leaks - West Somerset Free Press,https://news.google.com/rss/articles/CBMirwFBVV95cUxPcHgzeEticmh3MjRqeWg2a2E2QjdFS3NzX2hoN3F6am1Iekg0VmJ0Mng3MG9aS2EzQk1MQ0RvLWlSMFQwWXhrY3NSVWRpSjQ3TTd4T0paZnJqMlU3WjlsOGIxcmM4OTdvY3ByaEhINnQzTjEzY0d0SzY1dXRDV1FZOTlYaDN1QTh6SDJRSlpQTXA2U0pIMVpNR2xmd1JRQUFIRUNWX2lRWnpvOGU3dnZF?oc=5,South West Water lambasted by MP for banning hosepipes but not fixing leaks West Somerset Free Press,,
MENTIONED,5,South West Water,Water,Google News: South West Water,news.google.com,2026-08-15T15:02:15+00:00,'No more excuses': Readers back MP's scathing attack on South West Water - Cornwall Live,https://news.google.com/rss/articles/CBMijAFBVV95cUxONk5TTjNyR1ZQTlprT2FmSVZNQzVDY0tRYUR3NzQ0Rm55UjBUa1VsbTB2Zy1SeEh3Q3lVUEZRY3JEU1NQTXppTlFIdEVyaUNBZ3ZVdWZkc0FqUVktV0JibkxkTWhUSmpYeW0zQmtiOW5QeHZQWjNBUEowY1o0UEN1T1NTRFlkMWhlZy1VRNIBkgFBVV95cUxPTHlnY3h3ejl6Sk93ZmEzMjUtLUhWLU1mSGlCeWhzbU9HamZCSmRGYVBfNW9YaTJvUF9aQ1BBd1NGVXhPQUozLXBUWXZMS1dpTEdjZWhvT3REZ2Z2eUFYYUo5d3ctcXJfdC0zSWZmM2tLMUtaZENyZFZlYkIzSjhySGxTZ3FOSGd4V3lkM0NKM2l0UQ?oc=5,'No more excuses': Readers back MP's scathing attack on South West Water Cornwall Live,,
MENTIONED,5,South West Water,Water,Google News: South West Water,news.google.com,2026-08-12T08:36:16+00:00,MP reveals South West Water loses 107 million litres of water daily - Sidmouth Herald,https://news.google.com/rss/articles/CBMioAFBVV95cUxPRzU5UU5NeElvY3JYX2tTUjl4bzNaa1JZSXNlZkd3cmtoaElxSWI1OGJxdi1aOVdQQkVMTW11amNPWHZBVTFwdHFhQXRhRk9oUkdHZEJxY0M1d1h2M2dfUUFxSEpJQTF4aXd6S25TYW0teVRQX3FneXBGYlJheXVpNXVOYW53dVFoNlctcS1UYWF4eEFCRlV0MFFacEJVTzRw?oc=5,MP reveals South West Water loses 107 million litres of water daily Sidmouth Herald,,
MENTIONED,5,South West Water,Water,Google News: South West Water,news.google.com,2026-08-14T14:06:35+00:00,South West Water explains reason for 'false' Flushing sewage alert - Yahoo News UK,https://news.google.com/rss/articles/CBMidkFVX3lxTE9fLXFTbHdXUmIyM3Fyb1BWeWo1ZTU0MzRXcnRCQUJIVUFid2VwVHBGcEtzMWhMQUJzaUlBT0NtVHdObU8tQXBJNXNFOGRmVTJIM3puU3ZuZ19Fb1pMTFdvR3JJbExPamt0WVBmd1RkbkFoWFZLVlE?oc=5,South West Water explains reason for 'false' Flushing sewage alert Yahoo News UK,,
MENTIONED,5,South West Water,Water,Google News: South West Water,news.google.com,2026-08-15T04:00:00+00:00,South West Water says leaking toilets are wasting huge amounts of water - Midweek Herald,https://news.google.com/rss/articles/CBMilwFBVV95cUxOREtMdGNKMEVucm9fYzJ3Y09rNkVwOTdQOC1VTnM3OHdtckhfc0tTSmptLV9TNFp2R1RxWUNjOVVOOVJsbDFGOTdzMk5La1lwMk1nYXpNbUxoaGRsRzlQdzdnRXpKZHBTalFfZnhBaWt6WlI1YndNa0FkaWNHdEZtbDVIWUFfT0NJVkJEdTFGaEJoNWU1SjNv?oc=5,South West Water says leaking toilets are wasting huge amounts of water Midweek Herald,,
MENTIONED,5,Ofwat,Regulator,Google News: Ofwat,news.google.com,2026-08-14T02:00:55+00:00,📈 Ofwat said five of 13 suppliers across England and Wales will likely be given permission to increase charges - facebook.com,https://news.google.com/rss/articles/CBMi5wFBVV95cUxPSDhIQ2RrV1lTVS1LWEw1ZGd0OXRmczZrVWwybjdUOWdIVklBb0R5Y2Zzb0xMWnNhSGRGY0p5Smd1NENHb2RkQ3NWUXZTTVVGT00wNEYxakJvUlBYVmVVbHdoZ3RjZ3NDc1FRM0N4WlpNSGNfYUR2a0FBV2lUS0FnX1VINndwRUZqYThqR1c0WlplV0FyWmRSUjBkWHBxZ2FIWE12R25Pck52U3FPU1JMRkJ3SlY1anBMUnpZdXpFWVBJZm94VnBldExIWXUzY1RRQ2paVlBQeDNMa24ybTlFczM2MzdHTE0?oc=5,📈 Ofwat said five of 13 suppliers across England and Wales will likely be given permission to increase charges facebook.com,,
MENTIONED,5,Ofwat,Regulator,Google News: Ofwat,news.google.com,2026-08-13T23:29:48+00:00,UK Water Utility Stocks Back In Focus After Ofwat Backs £3.4b Funding Increase - simplywall.st,https://news.google.com/rss/articles/CBMizwFBVV95cUxPck5mUTRJMlMtbkRSSGxnQ0RPclhFV2xKZHRmdGdlOERfcE1EVGdXRU4wLXduNjhoZkVVczFqVzNyTWF6OU1fYzh4WGRJR3F1aHBNT3h2OXJpbUI1c2FGc0V1SmtnQ19tS2RTTGNid2lUNUxveVdRUmpucHNHNnlSOGVERmJEdExoaUdNQ1lUbHV5Sk1SREZqN1lkOHE5WHdEbWZ6c19JR3JaNktfLUZIbHhIalktRXlEY0UxQlJESGdhRkNCMXRWVDdwNnphajjSAdQBQVVfeXFMUGhqNlRQWXVSZDNiWjF2NU11OGRveXk4SV9sM1ZtVG5SLXZLWnBnUWozQzEwU194MnFZdFZkSVFnTnY2bUYtaXBsVWUxRmhpYmRGUXZCMVlaamxtWmk1WFZEUDVQYVpHLWxneWItZmdQTnZaRWpGQmY1UUJCaGV2S2h5eW11N19JU1BfOVV0R3BkN28xZEJCUXJCUVRiWEZJeG1KdU5ZSjlvbUZQSGRteGZGZHdJaFlCeWRCQzdYRE9Tbm55MlU2MktyWjhLSUVUbmlCd0E?oc=5,UK Water Utility Stocks Back In Focus After Ofwat Backs £3.4b Funding Increase simplywall.st,,
MENTIONED,5,Ofwat,Regulator,Google News: Ofwat,news.google.com,2026-08-14T06:16:44+00:00,Ofwat allows water companies to raise prices again! - NewsBiscuit,https://news.google.com/rss/articles/CBMiiwFBVV95cUxNSW13SG9NU0hmbXFCaXpfVjV4RkNDLUQ0YWQwT2EyMjdRcXdicHFoeEFPbGRhdUNKaDZCMDVpY3AyeFFVVEMtUGhYU1pkZHg3RDUzaDBpbDFuTUoyempuSXJwdzNpbTg2V2FpSVBWTG1OWDZRYmZ2Vm5yRThwX2NaaDlaZUlUUEFXdG40?oc=5,Ofwat allows water companies to raise prices again! NewsBiscuit,,
MENTIONED,5,Southern Water,Water,Google News: Southern Water,news.google.com,2026-08-11T11:00:00+00:00,Businesses offered incentives by Southern Water to reduce water usage - Hampshire Chronicle,https://news.google.com/rss/articles/CBMiqgFBVV95cUxPd1JZc243MVZkc0RPS19tamNzOWZZMUZFRzhmY2Z2RS1UYmpYYWNtT1p3dGF0X2NhVVlCaUZGOVAtRFdYNURIalQxbVIwUk9pY3NhUUxCcFFCOW11UEMwOFFIYnpnaXJtdUlRTmtrc1hocFM3UHdhZ1pselAwT2xfMG1jMXlTZ3JmWC1LQ2hrRlUtQzBSVEgyX0IzdjdoWmhtVXpQNnBtUmRzUQ?oc=5,Businesses offered incentives by Southern Water to reduce water usage Hampshire Chronicle,,
MENTIONED,5,South East Water,Water,Google News: South East Water,news.google.com,2026-08-13T04:00:00+00:00,New boss of South East Water to meet town’s angry residents amid supply crisis and leaks - Kent Online,https://news.google.com/rss/articles/CBMisgFBVV95cUxPbG5MTVB4VEtKc0ZrM05pQ283OVhLcThCNEdiczhZRjZxUkptalRKRnJQT3BlNGpfamhuSm42TmozZElkRkMzMnA3WHZveVRmaUlVbFFoOHN5U01aTjhOMXVnOUkwLUdTc190QmtlUnBvWWRzSWdBNlMwUE92cDVRV3FCR1hrcVlrVEdscS1uQ21rSnZZX3hOWWtPVHNING16T1c3eURvOGNsRzFORk04S2l3?oc=5,New boss of South East Water to meet town’s angry residents amid supply crisis and leaks Kent Online,,+1 other outlet covered this
MENTIONED,5,SES Water,Water,Google News: SES Water,news.google.com,2026-08-11T16:04:00+00:00,Redhill : SES Water recruiting Leak Technicians – East Surrey News - Leatherhead Living,https://news.google.com/rss/articles/CBMiogFBVV95cUxOX1NYRzZDb2h1WlZ4NlNIbjZOYk0wSF9wajVBVVQxVzRFbnFKemxqMC1GVHJtWjdwRkFwQm1mSEpjTVR4RTRDME5XVmRxUVlLT0wxS2FGZVp0QzRNX2ZHVm5qbmlUekRRTG53OFJsd2pLMUN0WEJwcTEtVzRBS3RaLU1uYkdSSnlveEtMZDhRWEdQbURaUjVMZF9oM0RGWHJYYVE?oc=5,Redhill : SES Water recruiting Leak Technicians – East Surrey News Leatherhead Living,,
MENTIONED,5,Portsmouth Water,Water,Google News: Portsmouth Water,news.google.com,2026-08-10T15:17:00+00:00,Portsmouth Water issues water-saving advice as drought hits Hampshire - portsmouth.co.uk,https://news.google.com/rss/articles/CBMivAFBVV95cUxQVTV0cDFJYTB5RHQ4TWFxbjlBNWg1cFlJZUQ3djhqa3pUWDhlUDdpb1lBLXFEcVJIMU1hemR4US1UMDRvRTRQWmxzQ25oY2toNWhkQzFZSWdjdXhuS19RdjRsampVZXA2a2RfY1dIZ1A3ak1ZNnU4YXdyelBwd2phTktDdDdFdWdaTUN1QTQ2Z0ZiOUFlbGoyVl9fQ3AtT2xLUV83c1JON3VfV1oyQlVPb3cwVW9yQW15Y3dsQw?oc=5,Portsmouth Water issues water-saving advice as drought hits Hampshire portsmouth.co.uk,,
MENTIONED,5,Welsh Water,Water,Google News: Welsh Water,news.google.com,2026-08-11T08:55:58+00:00,Welsh Water launches largest ever customer engagement programme - Tenby Observer,https://news.google.com/rss/articles/CBMiqAFBVV95cUxPT2dIbWQwTEFFTmlIV2xlOERBcHBLemlGbElEWFF6OG96alFBemtweEtwYXRrWDdldS0tM0poYUx2ekU0a2JUNVcyb2FkaThqTHNuRi1aWWtmcXFqdTlxMkdKV3dQQVZXWG40bjRmX0VYNEdGMDdseU5QUHRpb3hoRjZoc003RFVNRk0zbmpubXVZaW5NMnBUaGVOdkJNV3NiQ3htU19QZkg?oc=5,Welsh Water launches largest ever customer engagement programme Tenby Observer,,
MENTIONED,5,Welsh Water,Water,Google News: Welsh Water,news.google.com,2026-08-12T12:59:03+00:00,Welsh Water apologises for water leaks around Aberystwyth - Cambrian News,https://news.google.com/rss/articles/CBMiowFBVV95cUxPOVJzby15QXdxRTBJaHJRdE9WLVBpaVc4TWZRaWY3b2luY1F2d2lFel90aERaM3pKWmFTV0ZQN2dyNlhuYWRZNGIwS2RMblhKWnRyVHpLOEwwVG53XzdCWTRuUDNJR0JLak9vY1pOUS1YdWM0UXlqZUhxQjVxdlZGWVN1UWF1TkFyaXp3dEFkcXZMVlNpVlQxRWhvTGgySkxmQzVz?oc=5,Welsh Water apologises for water leaks around Aberystwyth Cambrian News,,
MENTIONED,5,Welsh Water,Water,Google News: Welsh Water,news.google.com,2026-08-15T04:46:00+00:00,"Welsh Water caused leak outside man's home, then said it was his responsibility to fix it - Wales Online",https://news.google.com/rss/articles/CBMijwFBVV95cUxQeDlWN2hXSkdkZkREZ1N6d2V5M1hoeDBzc1ZSei1yOEJnY0RGQ3MxZ2x4ZFQ5SzVsTGdCNU5ldXEtNHVXbUJsMkFOMVhWR01uVXR6bG43cEQ1a2NWbFh0MkV2WlcwQkdGa0JxaktXM2ZZYV8wN3RqV2N4bkRkSjJZS1hnd1VqejdWWnVOb3R6NNIBlAFBVV95cUxQSFZWc1VKZjJubmRJNmdUQmN0dkllb21uZXB1YmpBdTNnVENWSTI2eVVMMzlRR0ktc1FnVy0wOFEzdFFmQTc4WGJmQ1lab0V4Y2xwaEI3RnJFN2hZekVvRmFBckpqdmYxMnpkOW1aVU9sakpXSDdEaUg1UDBSS2xweVZNTU5kZUJkUWN6UnM0UWZPcVRX?oc=5,"Welsh Water caused leak outside man's home, then said it was his responsibility to fix it Wales Online",,
MENTIONED,5,Welsh Water,Water,Google News: Welsh Water,news.google.com,2026-08-14T13:53:27+00:00,Welsh Water invites customers to help shape services over next 25 years - The Pembrokeshire Herald,https://news.google.com/rss/articles/CBMisgFBVV95cUxQMnhhd0Uxd0pTbDlpOWs4R0txS2VXSzVfcEZhbEpvWEpIT0J2a3ZFdTRtYmY3SFQ2eWFTNkR0MzJLaUM3MzBHSlc5Ylg1ekJ3Mk5ZdHg3d2JsMXlLaXFMaEkzUFNOWVBFbHY2OE5sdTk1LWFkWlhVZHJvYVh0SjVMdWlJTnM3djBwZlFnQ2thTnh4UGM3XzJqRkV1OV9hb2dnZ1kxai1hUk9lQjgyS3AyblRR?oc=5,Welsh Water invites customers to help shape services over next 25 years The Pembrokeshire Herald,,
MENTIONED,5,Welsh Water,Water,Google News: Welsh Water,news.google.com,2026-08-14T05:34:19+00:00,Welsh Water's massive leak loss sparks outrage - Tenby Observer,https://news.google.com/rss/articles/CBMifEFVX3lxTE1ZQlVqbUJnekJEcnVSd18xMWpxd3RfUWpVcC13YnJTX0QydzlrRjFLaHVHTGx3ZU9LeWtCd1Y5WWVUci0zenJ6VTRaT2I1MUlCaXZjeXZkWlFrTVRfN21TSm93SmgtUG1tYy1QQjRNRnVvZjItZ2NzQ2oyT2M?oc=5,Welsh Water's massive leak loss sparks outrage Tenby Observer,,
MENTIONED,5,Welsh Water,Water,Google News: Welsh Water,news.google.com,2026-08-13T05:05:00+00:00,Abergele man slams Welsh Water after ‘baffling’ month‑long water leak beside gas pipe - North Wales Pioneer,https://news.google.com/rss/articles/CBMirgFBVV95cUxQVXp0TzlYTlhzc2MwOXFCWTJ3ZFBoYndvQVJTM1RYZzNpT3VDbEw2RV83YnlBY1BWQmVpY0MxNm1HVVlvN1JyOTM5Ry03cU11LWphaThRbFVyQzZucG9oUHdVMXduajl3RFdDcVhfTFA1cWFCXzhRd2l5V05oclp6NmtEZXQ0RV96dmd1SEJleXZTVm5UeUwtOU9ESUNOVUg0TGN1cTQ4SHFpZk9yZ2c?oc=5,Abergele man slams Welsh Water after ‘baffling’ month‑long water leak beside gas pipe North Wales Pioneer,,
MENTIONED,5,NI Water,Water,Google News: NI Water,news.google.com,2026-08-14T12:13:05+00:00,NI Water Urges Water Users To Help Halt Invasive Species Spread - 4ni,https://news.google.com/rss/articles/CBMitAFBVV95cUxQZkZ6cnYzTGVDdENNTWo2eEJqZ1J0MkNqTU9ULU9UWUlnVmhFZDBRLVd3WXZzZWU4ZFROMjJoYWRfSUc1YU1zaWZoVC1KTV9tRUZzZkNRNXdtS3NPQXNPVEVOZmZONW1oSFk2LVhsWFpsQWc1Wnd0WE4wLXdOckhxT0Z5UWlyRlRyTEYySjIxMWN1QVg5SVQ0VHhtVlZsc3dFdFVaQS1JcjlDdkJLaTdvbERfU0c?oc=5,NI Water Urges Water Users To Help Halt Invasive Species Spread 4ni,,
MENTIONED,5,NI Water,Water,Google News: NI Water,news.google.com,2026-08-13T08:36:16+00:00,NI Water admit they have no idea how much pollution is pouring into Strangford Lough - Newtownards Chronicle,https://news.google.com/rss/articles/CBMivAFBVV95cUxQUHRWaENXaVBHOEN3NWJRRl8tMUMzcVVjTm5GLTYycE9wMnlhbUFQOXZ4NXdvLW1tbGNObS16ckNlQWJCQlJKR0ZRVFZfdWp4MUJlZWs5N0tDeDN1bTBPQ0dqUmR0TXl4WnhmUC1QbjBzZU93YzlsdnRwTXkxUXh6elRUVE1iNS0tajdFQWQ1dDB3LU9aZkt2ZXg4YkZWS1pQTHFhNkRNQlI2RXQ4WTh6MVp0Q2JjTFdDeEFLYw?oc=5,NI Water admit they have no idea how much pollution is pouring into Strangford Lough Newtownards Chronicle,,
MENTIONED,5,NI Water,Water,Google News: NI Water,news.google.com,2026-08-12T09:09:20+00:00,NI Water Issues Reservoir Safety Reminder Amid Sunshine And Showers - 4ni,https://news.google.com/rss/articles/CBMiugFBVV95cUxNY0EyMWRxaTk5RUU4b0c1MVRBdVdUSE90UEhYMW16Si15SzZtWVJvbUJzbmVaUFZLdnFlNlRaVVFtQ29TMUhuMEVqRW9UZU53SGc5blZ3YVd4LXRwUS1CYzl1MHpmemVPMTdYdERfMG1sNFJPb04yemRHd1JvRndBb2VQMXFCUUl3bElnRVRRbVRMcjY1ME5vOTBjQUl3d2Y0Wk5MZnRDWHppRVJtS1FlNFhCVHlVUzNaX1E?oc=5,NI Water Issues Reservoir Safety Reminder Amid Sunshine And Showers 4ni,,
MENTIONED,5,NI Water,Water,Google News: NI Water,news.google.com,2026-08-13T10:38:00+00:00,Blackwatertown takes delivery of three NI Water waterbutts - NorthernIrelandWorld,https://news.google.com/rss/articles/CBMitAFBVV95cUxPcEEzUHhQY3Bzak91dldYYmFCX2xrS0NGVmVfRzFNQXpINGpiUU9GbHVWVV9KcjFPS3V1b1BtaWRieV9jVS1QcTVEcV81R2xyeTE2eVJhOWkyRzVkWW5OR0ZnZHk2QU40WENTRFVuRnBHN0M0UTMxY2lIVTZCUGVNaEtMX25jVXhhN3hhbEtqZ1B1enJkQS1SaDQ0TG5FMXJNUEJ6aUVEMGRBVlFOUXZCVHpqY2w?oc=5,Blackwatertown takes delivery of three NI Water waterbutts NorthernIrelandWorld,,
MENTIONED,5,NI Water,Water,Google News: NI Water,news.google.com,2026-08-13T09:34:23+00:00,NI Water Begins £2.5m Larne Water Network Upgrade - 4ni,https://news.google.com/rss/articles/CBMioAFBVV95cUxNdEJ2R3A2X2tvQnZrZHFXM3NTN1RtOEt2VngySFRFbHJqTEQzTDJLWnpDblRveTlOU3lMaTA1NVo1VXZINEFQM2NobHFHdTBrQ2hBWDUwdkpRLWVRUUdzRW5aNnZrTkFjUUkxUm1KMmZBblZoc254WHE4dWZVUGpTMXpvaXkzYlpEMjFEbEF0bmktcGVxUVBSX1QwOFhpaW9J?oc=5,NI Water Begins £2.5m Larne Water Network Upgrade 4ni,,
MENTIONED,5,NI Water,Water,Google News: NI Water,news.google.com,2026-08-12T09:47:00+00:00,'Disruption to a minimum' promise with 30-month-long NI Water infrastructure project commencing across densely populated areas of Larne - NorthernIrelandWorld,https://news.google.com/rss/articles/CBMimgJBVV95cUxNVGJUWHp2S1EyTWtGUWJsRGFtSVo1ejBmQzIwTmZPWkdfYU41bThpMGpNal9mTTVHRmdFOGlHaGlJc1RWZUVhVEVuZVQyNmc2MHdGa2Z2OVhqWGpHN2xaRjR3cGZ6LVhlVHF6czQ1ejNIaTM5N0VnOEVocG5kNGlfRWczRFl1aEg2ZGpGaWM3ZkFoYm9FQVlSUWJWbmRkNTlmQW0zNUJoM1ZhZEkwcUZFb0JfTjA2X1N6T29rTkxvTERzcUNxMFBxSVlrS2hFVC1fdEVHVmJXYi1yV2Q0WDNPNVFFMVhWakhWQzJDQTJYN3ViS0JGYXpNRUlwNHV3Y0VJaTNpclZOQlNEODM0eG5aTGtVZy0wSENRVHc?oc=5,'Disruption to a minimum' promise with 30-month-long NI Water infrastructure project commencing across densely populated areas of Larne NorthernIrelandWorld,,
MENTIONED,5,NI Water,Water,Google News: NI Water,news.google.com,2026-08-11T04:10:07+00:00,NI Water says wet wipes and sanitary items caused Dundrum sewer spill - Water Magazine,https://news.google.com/rss/articles/CBMiswFBVV95cUxQa09sb1BTLWNEekhWbmZmYTRiYVNTWm5kZ1o3ckJYeWRfc1Y1Slhhdmk3aWl0SmtKTVh2aXhaMTFUcEQ2bUNOVE5fRTNjYlRLUWJWeWtDZ3BzWTRhQWY4Rm1xSENwT1ppa1BMUWpIM3NtUUkzbHdvbk5sMDlGWlFtTmhQN3hieGJUcjJNSjlPdnhfM2hfdEVEVmx6Z1V3RTZZX1hhX1dMV2x2QV9Nc2NGa3htQQ?oc=5,NI Water says wet wipes and sanitary items caused Dundrum sewer spill Water Magazine,,
MENTIONED,5,NI Water,Water,Google News: NI Water,news.google.com,2026-08-11T10:36:20+00:00,NI Water donation helps Lisbellaw allotments make every drop count - Yahoo News UK,https://news.google.com/rss/articles/CBMif0FVX3lxTFBsQk1ydDZxQnoxYnE1UkM3OXFfUlhRdHJtQjJ6ZkFwdmZSdHJMbFpVVjJ4eXhOeXdSUkxHcS1Lb2NScGlWNVNjSDRZc3ZpUTJmWHNORkNQV2dVaWVPb0RZTzg5NzlCQ3g3NXd1eGVfY2I4SlZGX1FBX2QxVmVtc2s?oc=5,NI Water donation helps Lisbellaw allotments make every drop count Yahoo News UK,,
MENTIONED,5,UK Power Networks,Electricity,Google News: UK Power Networks,news.google.com,2026-08-11T13:50:16+00:00,UK Power Networks simplifies access agreements with landowners - theenergyst.com,https://news.google.com/rss/articles/CBMikAFBVV95cUxPZ0RobUFIZURrZ0U0UGNtMU5YUF9PQkx4R2lCU1YzTGpuYjlKUDQ0aDd3WU9fSzl1b1hGaW9XUVBpeTJGRUhyZmRrTUNMaFhPWkExZVBwNkNTbndpY19kUUZCYW5vMVVWZnVZN3NsRHRBN3h4VHdIOWx3U3FEcnlsdnUyNDZrS294VTFsV29XaDg?oc=5,UK Power Networks simplifies access agreements with landowners theenergyst.com,,
MENTIONED,5,UK Power Networks,Electricity,Google News: UK Power Networks,news.google.com,2026-08-10T12:07:42+00:00,UK Power Networks’ 33kV HDD scheme in London: design lessons for civil engineers - Geomechanics.io,https://news.google.com/rss/articles/CBMiuwFBVV95cUxQM0d6WjdqWHo4R1YyMWxLS0dCQ2p1dThxOVRfWFV5Zk9JcDdYSnN4eUg4cC1CVGdxMVVES1R3aFo4RmRFZlFHdlJna0gyZVBKbE8xQk4wRXRlZk53eHBreHVERHZFV0RXbDVZN1A5WXBJODlTT1ZNbWt1OXE3cm5LdjRBeGtkWUM3Nmw3Wi1udTRHaVE5WUFONWFjQ1RyYmFDTlFBRkJXOER0RjZwNmc2WFNFX2hnZEIxOWl3?oc=5,UK Power Networks’ 33kV HDD scheme in London: design lessons for civil engineers Geomechanics.io,,
MENTIONED,5,SSEN,Electricity,Google News: SSEN,news.google.com,2026-08-12T11:08:45+00:00,Main construction work to begin on SSEN Transmission’s Dunoon project - Project Scotland,https://news.google.com/rss/articles/CBMiowFBVV95cUxPZGVuSUZmekVsUFNGaHBqYVFjTW5KbDN5WFJDNzZlYnZHMmVHZTlfaDRReG1wRWVJYjdTbVljRXI2QlgxUHR3MVFreW1HMUtkTkJnc0RCdzlwNUExSlZlajloa0lYV3VFdlUwRW4xTjJaWW8xZWlmcmRQUWN6S2EydnVPM2ZmVlVwVUYtcHp4d2Foa2F2cGZNMGN5NnQyN2Z2ZTlF?oc=5,Main construction work to begin on SSEN Transmission’s Dunoon project Project Scotland,,
MENTIONED,5,SSEN,Electricity,Google News: SSEN,news.google.com,2026-08-11T11:30:00+00:00,‘Arrogant is putting it mildly!’: SSEN criticised over powerline plans; plus battery energy storage fears - Inverness Courier,https://news.google.com/rss/articles/CBMiqAFBVV95cUxPTTViQWRFbzRIM21HQ2hrMkxaWUhLZW9yc2hWbTJjTnRpeG9teEFyWWZETmZvUE5idVpCaWN2bDhpWlRGXzRrS0laVEJRc2tSYkR2Mlp2SzZQSFBsYlZOSWdRR1BvZENtUVhSLW9UaWlGN0JKYXVnRUNJSWpHbnEydGZUY016dlYzYXVSUmdSLWt0S0dOUktON3h5X3pxNVM1WWFHX0hGVDA?oc=5,‘Arrogant is putting it mildly!’: SSEN criticised over powerline plans; plus battery energy storage fears Inverness Courier,,
MENTIONED,5,Ofgem,Regulator,Google News: Ofgem,news.google.com,2026-08-16T20:52:52+00:00,UK Energy Stocks That Could Matter More After The Ofgem Price Cap Hike - simplywall.st,https://news.google.com/rss/articles/CBMizgFBVV95cUxPbTh5bVFYZ25ZQ0xsZ0ZhSFNvZ1pEbFUzNEFvb0pWV1I5UEV6ZTUtdEYxTHJNQTJXczh3UlB6U28ySkRxQ21DQjQwRWx5dWEydnhfaDRzUzdCVEI1aTZLS09SeHQ3TUFzbjh3VW43UTR2ZWZUMVFES29yanhubU1kVHhoTGhHSWNYMlZpNkg3N3R0c05US0xaM2Y4TEVYRC1BdGU0OHc5V2pTT0FPRmFLTjRYMkFKd05WUjdmdjdGb0pfMUk1blkxYVNNbU9wUdIB0wFBVV95cUxNY3BELXFRVXExMnNBdzNsSTZjQmR2X2Q0cmF0QVBCWUhUMkU0Z2J1QXl3cTRCXzRPVXRUYU96RWY2ZzFwanpfdF9UWi1GMmRNcFpkT0lROW41S3RMMTRzQ1pWQTNhTEpoY1ZYVHJiU3I2cnRqZEE1SmsxZ2VWenVzc0dYal9JUDVRVVZOaEwtOUpMbXQxdktUZFB0bi0wcHBIZllQSzVsUTlnZkVwNU9nTnAtNmVJV0lxU1BfUjlueE5mM1l0X25FQkRqRTZXU2tuXzJN?oc=5,UK Energy Stocks That Could Matter More After The Ofgem Price Cap Hike simplywall.st,,
MENTIONED,5,Ofgem,Regulator,Google News: Ofgem,news.google.com,2026-08-13T18:20:24+00:00,Note to Ofgem: Nature is not just a nice to have - Utility Week,https://news.google.com/rss/articles/CBMif0FVX3lxTE9kYURkejJLQllsQnNZeWRmRjZ5Q0JObWc3WFhJVmhyOURHX0NHMHZlR0VfTE9VdU9vN3huWk1YODhEMHl3Nmx3bzc1dzc1OHhHWU1DU1gzUGdmVEFrY2N2amN2RE9sOFZSb0FyWndXRTN4T0dncnlXbFRla3cwQVXSAYsBQVVfeXFMUEZhZ3dkNXJzZUhQMEotOWdpcl9xX295aklsYURUNTh0UVNYVUduRmEtNWEyTVVocFpHUDJlYnZ1U3B3N284bEtuLUZxLTNBMUt6emJDaDA0OWNMeUlWWHRSbjFsbEIxOU12a1FhQ1pRdTdiSldkbHVQRm0yMHR3aGxBX2ttYTZlcWtZQQ?oc=5,Note to Ofgem: Nature is not just a nice to have Utility Week,,
MENTIONED,5,Ofgem,Regulator,Google News: Ofgem,news.google.com,2026-08-14T14:26:03+00:00,Ofgem warns on grid squeeze after Heathrow data centre approved - City AM,https://news.google.com/rss/articles/CBMikAFBVV95cUxNdDg4OFFmQ2JmbTI4Wk9GdUJ0YzdJamc3cWRIZmphdUxUeldyWXluSklGRUNJbkw1SFQwcGs1TTh6ZHVoMERfd0lfbDNlM1lLMHdNU3laM05aR253LUUwV2ZhaF9tX0VfRjdUaEdTMXRyQm50QW1TZVJzVUsyNG9kWjVnSFVnd2dsVTRqWVdzS0c?oc=5,Ofgem warns on grid squeeze after Heathrow data centre approved City AM,,
MENTIONED,5,Ofgem,Regulator,Google News: Ofgem,news.google.com,2026-08-14T07:10:32+00:00,How Ofgem’s proposed connection fee could reshape the UK data centre construction pipeline - pbctoday.co.uk,https://news.google.com/rss/articles/CBMivgFBVV95cUxONTV3UzJZTThOcG42V2trbDRtSXdxVndpa09ZUkg0R0RTazNQMHpzN3lVVldiZ0k3UUQwODNEYWZLRGo2cjl0b3gzRFVBb3JWRjNabnUycktfaTI4RzRjd2lzNUpQUkYyY0owdUNGVTkzV1Jwby1QVkMtWGduRWJ5R1E3aFpLd1JfeXlHNmYxSFlXTk9BaVRpWU9nemQwYV9ONXhoaE53alNkQ1R6M25WaS1ybmlVdmh0aThhSUJ3?oc=5,How Ofgem’s proposed connection fee could reshape the UK data centre construction pipeline pbctoday.co.uk,,
MENTIONED,5,Ofgem,Regulator,Google News: Ofgem,news.google.com,2026-08-14T16:46:31+00:00,UK Grid Connections Reform Ofgem Proposals For New Data Centre Commitment Fee And Additional Queue Progression Requirements - JD Supra,https://news.google.com/rss/articles/CBMigAFBVV95cUxQdWFxaGdiVnZZdVRVRWpuV1VyaWluX0t2S25LMzJ2d2pZSzNiR2hHeGp4RE9kZUZQb0dmZk5VcWhEQnFyeGprUzg4a3Q4d01QQ2tNU09aUnVlMGJHNjZJYmlDSWxDUXdGbEV2Um9pY0p6cWxkZ3VPSVhpQUxSVkFBUw?oc=5,UK Grid Connections Reform Ofgem Proposals For New Data Centre Commitment Fee And Additional Queue Progression Requirements JD Supra,,
MENTIONED,5,BT Group,Telecoms,Google News: BT Group,news.google.com,2026-08-11T07:44:18+00:00,BT Share Price Forecast | Half-Year Results Ahead - Capital.com,https://news.google.com/rss/articles/CBMidkFVX3lxTE1uX3VTOTAxSmwyb21UNExqVWw0dS1OZVVaeENSOWgwdEFPZmlGazB2dlctT0FleTR2YkY5eU1JMUt4ZkFQTkVlQnduVHlFcTctTDFkM1luVGtxMThzOW1BbEl1YkZYSHFseEJNZ3VsZ0ZlMWo1WWc?oc=5,BT Share Price Forecast | Half-Year Results Ahead Capital.com,,
MENTIONED,5,BT Group,Telecoms,Google News: BT Group,news.google.com,2026-08-11T06:01:00+00:00,"Forecast: in 12 months, 1,000 BT shares could be worth… - uk.finance.yahoo.com",https://news.google.com/rss/articles/CBMifkFVX3lxTE9rX0NkWkltMXhQRUpZNnlvSHRyajBTQXhzMnVjdkhKUWhkd1RTUUhqQTNUR0dpcDEtZElOdG96TjVSamhSeWJFMUpDWnhuaFhvLVpqYVpIVWlEeDlKNk9RcHE1R2NjdjVfOWlrZlQ4bFVkdU5iN3ctc19OVC0zUQ?oc=5,"Forecast: in 12 months, 1,000 BT shares could be worth… uk.finance.yahoo.com",,
MENTIONED,5,Informa,Media,Google News: Informa,news.google.com,2026-08-10T11:04:59+00:00,Informa PLC's Dividend Analysis - Yahoo Finance,https://news.google.com/rss/articles/CBMimwFBVV95cUxQSkJUV3VwU0w4S3d3SjUyeUZPdzFtZWtybHVULVJVdlp1UDdiMHg2cW9tSkU5dWstOWNkX2NLWlVTMDNGMHFrUnpXTGRRY09UMUJOQ1VQa0N0SlV0TEhXUjhTQTRzU05rVS1qVjdkbVVwaDNuWXdQQkllZUZ1dTVvLTBLTEo3RHAybnUxWW1KQUZZRkgzMlZzZ3JtNA?oc=5,Informa PLC's Dividend Analysis Yahoo Finance,,
MENTIONED,5,Informa,Media,Google News: Informa,news.google.com,2026-08-11T18:00:00+00:00,Informa TechTarget Launches the ‘B2B AI Authority Index’ to Assess Brand Health in the AI-Mediated B2B Buyer’s Journey - Business Wire,https://news.google.com/rss/articles/CBMiggJBVV95cUxPcDVOWTJaMEU2LXBYUGlmQ3ZIeUZQbFAwb3J3eS1RNldNUWFad3E4NlM0cExLSi1SZGFMcHZETmwxYlJxb1JSdms0YTliOXFQWEhwMU9JQ3AtUmNYbHNMMG1ob3ZKekxWRjlSbk9jbEVCek80V1hZbnFVbmJjQzBMY21zWE9Ka1VuR0NTdUNqUG9VbFR5LWJkYzRZLXhHQzc2djYyblVsN2tFOGxaeUhLY1duNElLUExnbmt5SGVNSGR0X3JObFgzcFZ1c1BiQzVJM3hhYjRXaDdoV0I3SmtHendFQmJ6NFhUXzQyOGVOTEFZd3c4QzY2QWhCd2ZaYkNtSXc?oc=5,Informa TechTarget Launches the ‘B2B AI Authority Index’ to Assess Brand Health in the AI-Mediated B2B Buyer’s Journey Business Wire,,
MENTIONED,5,Vodafone,Telecoms,Google News: Vodafone,news.google.com,2026-08-13T18:17:13+00:00,Vodafone caught in Reform migrant storm over supplying SIMS to CARE4CALAIS - mobilenewscwp.co.uk,https://news.google.com/rss/articles/CBMitwFBVV95cUxNdkFabkU1dExnVnBKQWNkVVI4MEEyS1FZMXJ2TTVmNEVWQllBTThlZW5Mcm5jdVY0clRKSUtFNjJudjZUYVZKUXJtUUFqcXhZMklPekVhVXV6YkJSdXpuZjJBUlBseE41X2JheU9pSU9ZQkYzUWVidl9uZ2FSYTZPSjNlQzM4djhOc3Q3NDFNbUFybFlWZ0o2MjJaVFJmNU5YZm50MXljZUo3MFZyQWxqc3pHWndOMWM?oc=5,Vodafone caught in Reform migrant storm over supplying SIMS to CARE4CALAIS mobilenewscwp.co.uk,,
MENTIONED,5,Vodafone,Telecoms,Google News: Vodafone,news.google.com,2026-08-14T14:53:08+00:00,Vodafone and Telenor deepen relationship with international voice deal - Telecoms,https://news.google.com/rss/articles/CBMitAFBVV95cUxQOUhYMURfRm5pT1VjemU5N2dqUTdDdXdmaHFTMll3d2FzandYUlNCcHkteHlOUmc1anZ4eDVYbk82eVJuVlhlRWN3VkdhNllrRlplZl9qbWpCRVF5Qk80aUpTU04zT2EtNHJUVnJaYzNMNXhlVk55YmxBTEtxQm9kT2dRUlE2MHFyWUxTYXVNRkFpZ243QnZvU3FRLXNGSDNrald1bG5PclJoX0RfWEpaakhpZkI?oc=5,Vodafone and Telenor deepen relationship with international voice deal Telecoms,,
MENTIONED,5,Vodafone,Telecoms,Google News: Vodafone,news.google.com,2026-08-13T15:56:15+00:00,Making autonomous networks real: Vodafone’s journey to self‑healing networks - GSMA,https://news.google.com/rss/articles/CBMiogFBVV95cUxQVWtBak10Z3pmdFJUQ1hhRE9TYUtodzJERkdEdHZEVVJxTi1EbFZVcy00R2JrQk1jcEN2QUFsTTU4aWN2aWlQd0ZneE5lejYxNk1fVFYxa05vWFNacnM5cE93WEhFeXlPSkhtdDI3THVnSVMtTGR5NzgwX2Vtc3BNMFV5WHdfcENwanpzUEp5NXJVMUczUld6UUZrLUdhYnVfdHc?oc=5,Making autonomous networks real: Vodafone’s journey to self‑healing networks GSMA,,
MENTIONED,5,Vodafone,Telecoms,Google News: Vodafone,news.google.com,2026-08-13T15:57:35+00:00,"What’s up with… Singtel, Cisco, Vodafone - telecomtv.com",https://news.google.com/rss/articles/CBMimwFBVV95cUxNNlZERmIzUnExLXJjSmktM0lrMFVJcjNjVlNBNEJsdmVTMWVjdGhxN3J2aXlqZ2otemJWNlpzZzlGR19waGtCS1pqZUVsdDc5SlNLZDltaFQ4Sk1jRHlqbnZkS3JBc3A5M3lyZ2h2RG1YUFgxTTFTdU0wVkZHWHZ4bENTSnVXdTVUM01GeHVjQTA2VjE2QTJWcG8xTdIBoAFBVV95cUxONnFQOXY5MjFTSG9xbDNLcGNiR0pOSGVFUkNOVEo1VzREcWRiYnpvS2lpbWhqaVd6RkhCdVlKZzNMTEcyMy10OFNPOEhIRnk3OGtWNVBEVDJyTFlkYVpzQW9LbG1wRUtZM0M1WGhnV1lnMnpYeGMwUlB6M0pSU1gyQmdLWk5fVkJ3OUR3QUFlcGJYTkpXMGVrV0VJVDhpbFdf?oc=5,"What’s up with… Singtel, Cisco, Vodafone telecomtv.com",,
MENTIONED,5,Vodafone,Telecoms,Google News: Vodafone,news.google.com,2026-08-14T13:14:48+00:00,Vodafone says poor mobile connectivity holding back UK productivity - Telecompaper,https://news.google.com/rss/articles/CBMirwFBVV95cUxNNksxUnduNWFBemdueEkxUXlzMEZoaXdZSXE3TVdDcUMtZnJZTXk4MXhZMHlDSVQwX0lYcWJVWWUyWjRyNEJ0d3N5T1N5bXFObWlLTENaUFpFeWVtRThCbkpJQW0wY1pJeGIwWVdoMnpnaEtHTDBaY2k4OHBWRXlCRldJcW5waUZtN1RPc0Q2dUpHOWl3VnZTTkdmVUhRUkg2U3NUQzZScVN5NkVjTXNV?oc=5,Vodafone says poor mobile connectivity holding back UK productivity Telecompaper,,
MENTIONED,5,Virgin Media O2,Telecoms,Google News: Virgin Media O2,news.google.com,2026-08-12T19:42:26+00:00,What's New on Virgin TV 360 and Stream boxes? - Virgin Media,https://news.google.com/rss/articles/CBMiiwFBVV95cUxNNlpvSXJ0RmUwa0tDaHdQXy1SYjlwM09RSmVMTzhxUFZWenA1OHNqdXlBWVZ5a3pUMkNiajhuS0NNVlF2cllqakxaNDhyakloMFctUi0tdmxjb25NUFl5R0MtTDhCeFg5TGgzU1RUc2l4YzhKclM5Z0NDcWszdE91Y054UEd0b2lORzBj?oc=5,What's New on Virgin TV 360 and Stream boxes? Virgin Media,,
MENTIONED,5,Virgin Media O2,Telecoms,Google News: Virgin Media O2,news.google.com,2026-08-12T15:18:33+00:00,"We've Added Five New Channels to Virgin TV, All at No Extra Cost - Virgin Media",https://news.google.com/rss/articles/CBMiaEFVX3lxTE9TaVRBRktOdUxTbjF4U2xWVkNjVEZEV2ZKOUl2d3FnTjFad3FvLXBIM0FWQ3FFOW5IUmVWQ1p6bUhqbGp5dU1tNVhuZXdTOTZRZ0FnQy1PVjZveDBPN1VjNGpDQWk2Q2NV?oc=5,"We've Added Five New Channels to Virgin TV, All at No Extra Cost Virgin Media",,
MENTIONED,5,Lyca Mobile,Telecoms,Google News: Lyca Mobile,news.google.com,2026-08-15T09:17:01+00:00,"Lyca Mobile Launches New US Prepaid Offer: 18 GB 5G Data, Hotspot and More for just $7.50 - Macau Business",https://news.google.com/rss/articles/CBMiswFBVV95cUxNQXNmX3lDd0dwOHBLYnQyZlZ0V2Mwc0JMUVRXMnhjMENXaW9NNnJ1UHpCMkJkNnVFVnZ1QXBuNkF2bkJlU24zTnhzcG92QlNoT2p4dnFLTnE4ZzlibnBlQk51OTRLdVJJSWM2c3p0Zmk5MzE5SU1tWW8za2R4YUJZV0xNLTVjWFJMVEROM1NhUXFwVnpHdzBvNkVJZlF0ZThrMEZPM1R1b3l5V2R2YVVSYkVEWQ?oc=5,"Lyca Mobile Launches New US Prepaid Offer: 18 GB 5G Data, Hotspot and More for just $7.50 Macau Business",,
MENTIONED,5,RWE,Electricity,Google News: RWE,news.google.com,2026-08-12T13:04:34+00:00,Did Trump admin pay German energy company RWE $1.2B to stop building offshore wind farms? - Snopes.com,https://news.google.com/rss/articles/CBMiZkFVX3lxTFB0dHlxdXBQSWFrTlljSFp3MU5RUk1kNHpzSlVubWVUS1U5OGYyMFI2WUNVQi1rdXlsOUpOMlJPMTcxTXhCVGdoTkxQc0NzSDM4ZVF6MnFoUTdjcVhjdngxV19DLWRjQQ?oc=5,Did Trump admin pay German energy company RWE $1.2B to stop building offshore wind farms? Snopes.com,,+1 other outlet covered this
MENTIONED,5,RWE,Electricity,Google News: RWE,news.google.com,2026-08-16T07:04:32+00:00,RWE Scales Renewable Energy and Grid Investment in H1 2026 - Energy Digital,https://news.google.com/rss/articles/CBMikgFBVV95cUxQOG5aR0ZCRzE3XzVIbEtkcDAwOC05ekVHdkhtTGZYRkU0czdfUW5VS2NqTE1kMnNBczBsaGJ5VHFwOVEwU3ZkcEVodDZZRElWdVdVaEo2UE1HWGZ1MUo3emM3QldpcVphRlJ0WHJiN1VtZl9vRlN3YUFIYTdjNXpHNUJySUJCOGxsSExJVHd0LUNnQQ?oc=5,RWE Scales Renewable Energy and Grid Investment in H1 2026 Energy Digital,,
MENTIONED,5,RWE,Electricity,Google News: RWE,news.google.com,2026-08-15T08:25:45+00:00,"Proxima Fusion signs MOU with Bavaria, RWE, and Max Planck IPP to build German stellarator power plant - American Nuclear Society -- ANS",https://news.google.com/rss/articles/CBMi1gFBVV95cUxOOEwyMXdoNlVXVDhFelVUOHlJcWl4S2h0SzhndjRZd0VjRG5BU0pGUFZhWWs2UUMzZFZ3Yk9uMlY0YjlJZURScF9tVTFySm1TXzVwQzdOOFdRZnpUS3EzSXpRcFZQVVRaRUljc0paNEhWYURSY09ZVkdEUGVPUDlGY1pRVTFwMlcxT3NUNVRkQkRXcTB4aFltS3FQenlfTGZjdng0M2lUbU4wOG1zSzV0Z0xpNGtxZ3Q0dmc0R3JOZUV4TUlxTE04bnUyRVRkaVJCS3ZTUU1B?oc=5,"Proxima Fusion signs MOU with Bavaria, RWE, and Max Planck IPP to build German stellarator power plant American Nuclear Society -- ANS",,
MENTIONED,5,RWE,Electricity,Google News: RWE,news.google.com,2026-08-12T14:52:42+00:00,RWE switches on 22.8-MW wind farm in Germany - Renewables Now,https://news.google.com/rss/articles/CBMijAFBVV95cUxQNDdFWEotZnE3Wmxuc3pXZzJCRmVWdXZpOEQ4NVppUnUtMzU4MmVEZWdWMXg1Y3FRdU1KTW1iajMxT0hJWWRtMlR6MHNWMmFxbjB1SmxNWFpfUEJwZjJRNGE3aU1QbEg3ZndOSXVyTnU1RFZNSUNMSVdPaVM1ODdnNURnLVFuMjd0RzFJRg?oc=5,RWE switches on 22.8-MW wind farm in Germany Renewables Now,,
MENTIONED,5,RWE,Electricity,Google News: RWE,news.google.com,2026-08-13T11:54:29+00:00,RWE’s offshore wind earnings soar with higher generation - Wind Power Monthly,https://news.google.com/rss/articles/CBMioAFBVV95cUxOMTRkZXRqYTFkLTFTd2pQUmg4ODJUUnBHZ0p6ZUs3OXZrc3ZWRGF2WTlSOTd4c3N1dmJtOGJhOEdBWTBMNFVhMktHQ2tZS3hGOHZaRkhTQ21DTW96RkxtVXBrSnNIa0RlR3VGTkhuNTMwbFU3dmY5cTFzajVoQjhmemYweVBoTkwwdnlhYUIxd01IWWU4dmsyMjVzWS1jWXBs?oc=5,RWE’s offshore wind earnings soar with higher generation Wind Power Monthly,,
MENTIONED,5,RWE,Electricity,Google News: RWE,news.google.com,2026-08-13T13:20:04+00:00,RWE's adj net profit jumps by 60% in H1 to EUR 1.26bn - Renewables Now,https://news.google.com/rss/articles/CBMioAFBVV95cUxNZFprSkdTeGpwR0FSajh5OTZRVWtLRzM1RkVvNkJfTDlzSW1ZdjZTTUg2c2RVZlB1ZzVWeGdqMGtBN0JoR0dqSFNOUkNwVDdyRG1Nby1pZGRDbnNKU211THRNZWFmTHhoNXlSVVJtalpwQlByWlpSaFlNRWdGYzU2QXlEc0VyYXhmNWJPMDRRVmRxY0h1MUhnd01JbUw1QS1K?oc=5,RWE's adj net profit jumps by 60% in H1 to EUR 1.26bn Renewables Now,,
MENTIONED,5,RWE,Electricity,Google News: RWE,news.google.com,2026-08-13T07:19:09+00:00,RWE wind profits surge in strong H1 - reNEWS,https://news.google.com/rss/articles/CBMihgFBVV95cUxOOEFsb1c3bkRvOWxlOXdKSXpzVzJYQzFGZTNNV2lTSENrbDNuTkpFUUpiQ2QxS2pxaFlGT1FrcnYwOGJHdlp3YURTaWZHdmFpZEtEalZzY3lHWlk4MEh6dWRmY1hwMVZHSWRtUlJ2RUZxTzdNZGtnX2JIVm9kaHdzd0J5b2pVdw?oc=5,RWE wind profits surge in strong H1 reNEWS,,
MENTIONED,5,RWE,Electricity,Google News: RWE,news.google.com,2026-08-13T06:57:04+00:00,RWE hikes spending goal on regulated grids foray - Recharge News,https://news.google.com/rss/articles/CBMingFBVV95cUxNQW9lb2huQS0telNabVNWZHhSeUlqeHM1clh2bk1WQnRLbHlWNnJwY0RpTl80dzlHX0IwWm1CWUF5NHFkZXFGTDByWXNscXJ4dDl2amgyNnpmY2ItY2RqTkdtT2s5WTVsazVBLVlnaUNkSjR2bmZHVzhiVW1HQUtUVjV0RFVYWjlRQTVmbnlhcDgtRmhHZGg5RU9TYVgxQQ?oc=5,RWE hikes spending goal on regulated grids foray Recharge News,,
MENTIONED,5,RWE,Electricity,Google News: RWE,news.google.com,2026-08-11T09:49:46+00:00,RWE brings live 70-MW wind farm in Scotland - Renewables Now,https://news.google.com/rss/articles/CBMiiwFBVV95cUxPMzRsaWhSdnljYjNYeHVOcDhadERQOGJBNnJTRDdnUTNYSkxNWk5NREF2X29ieXdFT2Vxc0h3RzFLWkJZcFBKMElxSmh2VVp1TDB0bW9tT0tuSVNLLWhySC1zRGFhOHFPTFZnejhoUkFYNnFlTU1rMi04MWVUdmk4aTJiTUlkeEZZamdV?oc=5,RWE brings live 70-MW wind farm in Scotland Renewables Now,,
MENTIONED,5,RWE,Electricity,Google News: RWE,news.google.com,2026-08-11T08:06:00+00:00,UK: Construction complete at RWE’s Enoch Hill onshore wind farm in East Ayrshire - energy-pedia.com,https://news.google.com/rss/articles/CBMi1wFBVV95cUxNU1ZaRzMzcU5pS3FwT1lZNjhjcjFsMHdyOUsySzRFMHFYLUw5Um9nZHVzYTRfUW40MzAxTmRiSy14ZjNZN3YyRk5kdm9YZzZQYjg1U3BrRV80aEVIWDYwSTdqNEJBUVlPUEJZV01PaXFOQTJtbzdQeGZJa09HbEItMThGTjFyYXBjbGVxc3JGOVEtODV4WVpBcWNheGxnNkxldWtmM01xSk9iQ3ppbEstb3RTYVhRTmRDbDFIT0YtcC16UW8zeWI1MnRqYW54WWhSSDJKRERGRQ?oc=5,UK: Construction complete at RWE’s Enoch Hill onshore wind farm in East Ayrshire energy-pedia.com,,
MENTIONED,4,Ofwat,Regulator,Ofwat News,ofwat.gov.uk,2026-08-13T06:00:47+00:00,"£3.4bn of funding set to unlock further improvements for water company customers, communities and the environment",https://www.ofwat.gov.uk/funding-set-to-unlock-further-improvements-for-water-company-customers-communities-and-the-environment/,"£3.4bn of projects provisionally approved for 13 water companies to improve infrastructure, support growth and improve the environment.  Of this, £1.2bn will safeguard services and assets for future generations; £477m will be spent across the […]
The post £3.4bn of funding set to unlock further improvements for water company customers, communities and the environment appeared first on Ofwat.",,
RELEVANT,9,Severn Trent | Ofwat,Water,Google News: Severn Trent,news.google.com,2026-08-13T15:28:27+00:00,Severn Trent customers face further bill increases after Ofwat approves £329m investment - West Bridgford Wire,https://news.google.com/rss/articles/CBMiugFBVV95cUxPUElQbnA2Rlg3Vi0tcDlvOWZvcnJHSVVHWVNLVzFHTkxwa3VubUdvSy10dEEtWDhjWC0xaFNNSkEzNExlYjMwaUJORG5mZmd6NTlZSmpSX3NHWWpwYUFUWEJQVGFOeUkzdWMxekR2bzdjUUFnMlBoTGdLNjJqcEJrRXJ2ekNMaWNYSVlUbmxnSmI3SzJzejF5VjliR1d3aTgyQXJOcjd2dFQ5Z1ZYdXhiWnotc0V4Zk5OM0E?oc=5,Severn Trent customers face further bill increases after Ofwat approves £329m investment West Bridgford Wire,,
RELEVANT,9,Vodafone,Telecoms,Google News: Vodafone,news.google.com,2026-08-17T00:56:47+00:00,"Vodafone Business, TCS Partner to Drive UK Enterprise Transformation - The Fast Mode",https://news.google.com/rss/articles/CBMivwFBVV95cUxOMjFsSmNOb1E4T3F4RjhzdG9aX0JMaEtGZXRnaklPcDlCZERqMzQ1djB2X2NUeU9BWTB2R1hLVmRueUk0Y09leU5aajd0VnFVX2pqSFFzR25DMlZaX0ZFRFAwRGxxSFBQTXY0WXVBRWE2UDZqdkwxUDZibE1wQzgzQWtKOC13MURhQnA5TElCY3hPdngwUE1ESHAta1hIcmZPSU01c0dfT0FZRE9EbGlKQnhpRXo5c1hrbGJ0VktDQQ?oc=5,"Vodafone Business, TCS Partner to Drive UK Enterprise Transformation The Fast Mode",strategy_and_transformation | technology_and_data,
RELEVANT,8,Southern Water,Water,Google News: Southern Water,news.google.com,2026-08-14T10:10:31+00:00,Southern Water bills to rise £43 more for Island customers - Isle of Wight News from OnTheWight,https://news.google.com/rss/articles/CBMiiAFBVV95cUxPajhnREZDNVJQLXg0dmcwN1VNcWlqemY3V2NScFZyYTQwMUVRVGs4b0NTZldla1F2U0ZxbVYwRHl4aGVRSk83MnFWMGVzYWlQOTZqYjRETHhGcnBzWXc3SlRtSTdMdWZpdmFCZWQyMlVxbThMekNlNFd2VmxpNmFFeVRneU5wM3BY?oc=5,Southern Water bills to rise £43 more for Island customers Isle of Wight News from OnTheWight,,+1 other outlet covered this
RELEVANT,8,Ofwat,Regulator,Google News: Ofwat,news.google.com,2026-08-13T08:48:16+00:00,Water bills set to rise again as Ofwat approves £3.4bn investment - London Business News,https://news.google.com/rss/articles/CBMingFBVV95cUxQSlU5MWdrU29yWGR6MHZoM0pPX2EzLTV0RFpOOFZxck9jRnpnbWVwZUpVVGQ0cXNuM0ppdU5NWm5FV3VzeDVkSXFEWktMNTdDYm9OWUVjMEFReXZzUk5PX2QybVhmNEJkQnpfclNWa29oRERuRjRtT3gzMWY2bzJfLW1ybWpfRjRlQ0pEZWtZZDQ1WTVNUElIRzdZTElGUQ?oc=5,Water bills set to rise again as Ofwat approves £3.4bn investment London Business News,,+1 other outlet covered this
RELEVANT,7,Thames Water,Water,Google News: Thames Water,news.google.com,2026-08-13T07:15:21+00:00,"Thames Water outage causing distress, council says - BBC",https://news.google.com/rss/articles/CBMiXEFVX3lxTFB4U3F5UVNjQmIyYW5kSGQyMHg5U2NZcjM3SGNhcmk5c0Z5S2pTT3d4S2oyY2NVNVplb1kxZ3JrcndFM3JmUU9YZlliYk9UeTZkU2xlV1lyTnNZUjNy?oc=5,"Thames Water outage causing distress, council says BBC",customer_and_service,
RELEVANT,7,Thames Water,Water,Google News: Thames Water,news.google.com,2026-08-13T08:53:22+00:00,Thames Water issues major update on east London burst mains chaos - London Evening Standard,https://news.google.com/rss/articles/CBMingFBVV95cUxQLUZaRk5ETW5ZWG15YUN2QTI3aUtjckI1VkhQaXN6WlRUYTZ0SEFXRkNJN3k1SVlGODIzeWtEYWN6RXEtVE1NaUJzaWtuOVNhenQzMHcxMXR0STNxNDJ0T2dta2JaZHFYM0FvVlNvWjZPbWRQUU0zUkJSbHU0RHBDNTFIRnVNMTY2QzI2QlRfQ19tWThHc3dVSUtHUWE5QQ?oc=5,Thames Water issues major update on east London burst mains chaos London Evening Standard,customer_and_service,
RELEVANT,7,Southern Water,Water,Google News: Southern Water,news.google.com,2026-08-16T15:16:50+00:00,Southern Water teams work through night to prevent water outages - Daily Echo,https://news.google.com/rss/articles/CBMikwFBVV95cUxOTW5WNlFnTy10SldvcFphVmM0d0l3NlNiMG14aUdEdlZTWjNJcC1IRDFLR2dSeW9vTUVnQ1NwMkEycUxtbThLNXlMcUdkUzV4Y0tEOGxxR0ZfMzhNbUFiMUtQTkhscVdreTNOVi0yQVJuV19lN3lzR3FDVTU5YWc3eUU2cU4xcHVCOW1IMXcyTUFDdFE?oc=5,Southern Water teams work through night to prevent water outages Daily Echo,customer_and_service,
RELEVANT,7,Severn Trent,Water,Google News: Severn Trent,news.google.com,2026-08-13T17:00:37+00:00,Severn Trent Water criticised by regulator for ‘no hosepipe ban’ boast - The Times,https://news.google.com/rss/articles/CBMioAFBVV95cUxPQTBDaFZnanRLTElBaTFibDY3SHg4YlRBaExYdjRWX3hfRTA5V3FMVlRDUWRicWFxRVJKU1dDTmtsVWxSNDBxQ3BzcUxFdXV4d0tVUlJUVFZ2Qkx3Z293aV9pWTkyZUQ1d0NzVzJjc1JSSUJHdi1TSWpuR01sU2ZocGRhb2p5V3NqWjl0X09za0FlczJtcE5HUk5LZFFBcjlD?oc=5,Severn Trent Water criticised by regulator for ‘no hosepipe ban’ boast The Times,,+1 other outlet covered this
RELEVANT,7,Severn Trent,Water,Google News: Severn Trent,news.google.com,2026-08-10T08:00:09+00:00,Severn Trent enforcement undertakings highlight the cost of permit compliance failures - Envirotech Online,https://news.google.com/rss/articles/CBMigAJBVV95cUxOTDZSdVZRNFpyX25fS2RYeVlyaDluckEwclAtRFhJZDNJTEI4dk85TTQtQVRTME5qM2dVRThtdFpWTXRpWW0xMVNmYTJob05tVVM1Q0xnQjg0UHI5Q012X01CdTNjbVdOdXoxdEpWSVVYWXJLQ2ctYXJ4cWdudDhDX1ducXBqbmZLemR1Y09Hdm1fT0JHZXE5ODJaQTFvN0VTd01fLVdpMHhzU1lUdXVCTHlQa25yZTFTd19pMXRlQUR0OWo3OUYyNXV1b2xtck0wUnljaV9jM1ZnbWpLYWV6NE1lY2RySnBCMXR3MTFBb0h1bkhuUUsyMHpvbnJqcW9C?oc=5,Severn Trent enforcement undertakings highlight the cost of permit compliance failures Envirotech Online,regulatory_and_compliance,
RELEVANT,7,Anglian Water,Water,Google News: Anglian Water,news.google.com,2026-08-15T10:39:08+00:00,Anglian Water Tenders £58.8 Million Amp8 Contract For Major Infrastructure Planning And Consents Support And Advisory Services - megaproject.com,https://news.google.com/rss/articles/CBMi9AFBVV95cUxOWWs1SjlvVDdNWnVIOGtTakNjcTk0b1lqSlRKN3FiaV96QWEtUE9mMURQU0tDQy1oZG1YNjgzRDNVTWpqUDlNVnVyV0NqalpVM3F2MXRkMTJncWMyYmpPNFdRZWhqckRZUWdZZFdxSVM1WkVNanhBUGZoYTRNTHlPYVdKYURmQTRqSTc5Ty1FZHdIZWtoNTVoeFJXR05TWnBDUnVyVmlZVW1Mdy1xaGxXd3paM2h3OTFwQmc2ZEltTjl0dUZRelVrM1FVNTMwX2huM1A0Z24xUHhSeWt2dU1wRE9XSWF4alRyOUplaHdXSGM0aWpx?oc=5,Anglian Water Tenders £58.8 Million Amp8 Contract For Major Infrastructure Planning And Consents Support And Advisory Services megaproject.com,investment_and_capex,
RELEVANT,7,Yorkshire Water,Water,Google News: Yorkshire Water,news.google.com,2026-08-16T05:00:00+00:00,Seems like Yorkshire Water has given up on customer service - David Behrens - Yorkshire Post,https://news.google.com/rss/articles/CBMi0wFBVV95cUxNZk5IYno4dUZZcmEzLXVuR0dkLXEzZU9QTS1jVEplTXBIcEhwbmpsMlpYNlFmeC1RN29BekhKbGl5VHlYME1KaGJaQjUzN0NHWExCVXlRTzdycGtMZnRQX0hpcmxRMGl1ZG5BVG96RkNMdVlnRkE4d2huM1FRQUh1RHNwckVDT0VLS2Vwa0NUNUFQYnFoY1d4dTd3Yzk1NTd2WE5zQ1lTUFBhRVdZaFZXSk5seXRKbUFYQXRTYU1tYWRRN2ctUDlpR05OTDN0ZHQ1ZVpz?oc=5,Seems like Yorkshire Water has given up on customer service - David Behrens Yorkshire Post,customer_and_service,
RELEVANT,7,Yorkshire Water,Water,Google News: Yorkshire Water,news.google.com,2026-08-13T17:51:01+00:00,Yorkshire Water launches recruitment drive to support £8.3bn investment programme - TheBusinessDesk.com,https://news.google.com/rss/articles/CBMi0AFBVV95cUxNUEg5XzNXb3FHUEdyVVotNkE2X3hwRUlzVkpwYVpoSlRDM3p2ZWlfekFsTWVOOHp1ejhDSkk4VU42dERVa0Z2ZmZLTXBnNGdsdDJrRGVDbWx3OTBXd2RtTG9MT3VSSXpPZDMzaHpFaktfVGV2d3VVeF93V0gtejlJVzlBbkZhTjFBd1FhXzZxSDlVQURWZVZLWVhzUTZMTmV1NDItS3F0UmlCT2JHWERPTVhuX3ExUmR0bVlETnZxVjFnek8zb3ZfNTQ3eTVJbkhX?oc=5,Yorkshire Water launches recruitment drive to support £8.3bn investment programme TheBusinessDesk.com,investment_and_capex,+1 other outlet covered this
RELEVANT,7,Yorkshire Water,Water,Google News: Yorkshire Water,news.google.com,2026-08-11T04:00:00+00:00,Shipley MP calls for urgent action over rise in Yorkshire Water pollution incidents - Yahoo News UK,https://news.google.com/rss/articles/CBMie0FVX3lxTE16aTRham41Qk4wdHdaSEV3a0hEWkc1SDR5NXMzMEwwYURobkI1NjVhM2Z4a2R2cHE3VEpHbnhqcGN4bjFBNVZtdXJ1UWNTQ0ZWcnU1QnRJNEpKZ0ktbVhMVG9IMmhOazUzak5mRE1SekMycFczUUhPN29Fcw?oc=5,Shipley MP calls for urgent action over rise in Yorkshire Water pollution incidents Yahoo News UK,customer_and_service,
RELEVANT,7,South West Water,Water,Google News: South West Water,news.google.com,2026-08-10T13:53:40+00:00,South West Water denies sewage discharge into Falmouth waters despite spill alerts - Falmouth Packet,https://news.google.com/rss/articles/CBMipgFBVV95cUxQcVNVNGVfbWM1bWt0M2RiWlZfSEtoOHVmWHV2T2puSUtSTUViaWIwRk5SYkFLTHdFaTNJRkI2TW9UaTI2YlkxVFBsUURrNUViTkYtaXpyRkRqd1ZLNzIxR0JwelRRX0NEdWlBaGlETnFPQWRxZWRabzZHbVlNaDdUTTJHcVlhUG9aUUJYTnVtcl9KbVRaeE5PSmpvRm0zUnI3eXJReUZ3?oc=5,South West Water denies sewage discharge into Falmouth waters despite spill alerts Falmouth Packet,customer_and_service,
RELEVANT,7,Ofwat,Regulator,Google News: Ofwat,news.google.com,2026-08-13T12:05:23+00:00,Ofwat denies £900m of water firms’ £4.3bn extra PR24 funding requests - Utility Week,https://news.google.com/rss/articles/CBMimAFBVV95cUxPcTdISTAycHF2bnJ4S0RVNXgxRlEwYl9CWFE5NEtVSWtOWlYwTGFfLU12a1AtQno2a1BxVC1URUpFUE9pWmFwNEpEVkh4R3kxcmZmYk1DbFhxWVNxWE8xUXVvQmdSMjI5Nk1lZ1lseGY5NFJnRnJTY3Z2cW4wMklaemUtV3pZeVU5TzhSY290RkthVkEtckMyWQ?oc=5,Ofwat denies £900m of water firms’ £4.3bn extra PR24 funding requests Utility Week,regulatory_and_compliance,
RELEVANT,7,Scottish Water,Water,Google News: Scottish Water,news.google.com,2026-08-13T15:32:00+00:00,"Scottish Water bosses receive ‘eye-watering’ £250,000 in bonuses - The Scotsman",https://news.google.com/rss/articles/CBMitAFBVV95cUxOdC1vN2RYdUNLVVUxSVB4aXBsSnI4QkdickZlNHd6dkZYWU1IeHR1RlFOUEdZRTBlMWlrZTE0empqYWlxQ3JnRnVoMkd3NHFTSHRVcXo1NVl6NGtHQXU4RmR4bDFFRC13Z3l2VVpUQmREUnFFYllORW10b2xkenA2TnViUi1Fczl0QXk5YVBheVAtUnZMN19iRGprcEtmVEc5WkJaQUVFVklYUk0zYVlEU1FnNkQ?oc=5,"Scottish Water bosses receive ‘eye-watering’ £250,000 in bonuses The Scotsman",media_and_events,
RELEVANT,7,Scottish Water,Water,Google News: Scottish Water,news.google.com,2026-08-13T13:17:23+00:00,"Scottish Water chiefs awarded £258,000 in bonuses despite price rises for customers - Yahoo News UK",https://news.google.com/rss/articles/CBMif0FVX3lxTE1zNk1MSXFSZFpxUWVEWmFXS2U0RUVPaEplZVYwaWV5YWJmRUY4Q3BsNWxkaFctQ1ViMlY3cHF4US1UNkJjaHY3bG5GdVgtaGphZkxzakJnN01mU215V1RqVGFodFNLdXFyMkRLZjRpTi1XWnpPbWFuRzVEUHJfRXM?oc=5,"Scottish Water chiefs awarded £258,000 in bonuses despite price rises for customers Yahoo News UK",media_and_events,
RELEVANT,7,National Grid,Electricity,Google News: National Grid,news.google.com,2026-08-13T12:44:00+00:00,"The National Grid is becoming ever more fragile, and net zero is to blame - The Telegraph",https://news.google.com/rss/articles/CBMijAFBVV95cUxNWGtXcHpWWGR1eDlFVkpOZ1plS2NTZmhTZTREYTZFN0V5YkdXTkpwZkswMjU5bVA5OGQ1bHNqdW9hZnlyaVBMZjVxeExMV0Ewc0Z6Z1ZQckw2d2NVSWpTbTdaTm1KdS1rNEtHYmkzaXM3eVhoaVgyc203SmI2cHYtbS1KNVlRTWJwLTVrTg?oc=5,"The National Grid is becoming ever more fragile, and net zero is to blame The Telegraph",sustainability_and_net_zero,
RELEVANT,7,Ofgem,Regulator,Google News: Ofgem,news.google.com,2026-08-12T09:28:01+00:00,"Ofgem’s ""Curate"" Consultation: What it means for Grid Connected Data Centre Projects in Great Britain - Addleshaw Goddard LLP",https://news.google.com/rss/articles/CBMiiAJBVV95cUxQS0tmd3gwcEZldXVlZ1JncFhuOHRXMTNmcXp4WGtvWi1YcldLbDZEbkR6SnRzV3N1TzZLLV9xMW9JUnJaYndVblFRY0h6QUwyUWtNRFJYZWZHcHhvSmhmS1RlbktwVXpfWDhnTDU2cV9YM1k4V0c0WHZ6ekx4X096MnFhaV82cFR4OWg4R0h5bklZWXpSNWlYZHdFbnJsWVhoUGEtUUQyUV8wMDc5WUlKaXREYVRDaUdIbktiaDNjQkI2Q2w2b1NJNGRDUG4xeUdGM2J0RElpbEZBQ0RPR0V1ZHFQd0g2cWNJY1NUalR6Szh2NHI1TmhwWW9pdjVvWEU0TXNnRkJyd3U?oc=5,"Ofgem’s ""Curate"" Consultation: What it means for Grid Connected Data Centre Projects in Great Britain Addleshaw Goddard LLP",regulatory_and_compliance,
RELEVANT,7,Vodafone,Telecoms,Google News: Vodafone,news.google.com,2026-08-13T14:09:58+00:00,Vodafone teams up with TCS for UK enterprise push - Telecoms,https://news.google.com/rss/articles/CBMimgFBVV95cUxOeHpfMHFpaXBRTWh5OVlRQ0s1Uk9MVHFGNXA1VnJSLUo5ZjVkREZwMUd0OEhYUEY4OWhKTnh6d1J5NjJCLXpiSzRNbUxPUno5em4xRDFoVDI4bXlvYTBPbXdWQnhFT3Q3Qkw2eG5GTFZ1cGdtRF9SSzlrUDlTbWtWcUwycmxvV2VkSmpwQ3VmNE5zaF9PRVNIeWhB?oc=5,Vodafone teams up with TCS for UK enterprise push Telecoms,technology_and_data,
RELEVANT,6,Ofwat,Regulator,Ofwat News,ofwat.gov.uk,2026-08-11T15:26:55+00:00,Enforcement case into Everflow Limited’s obligations under the Wholesale Retail Code and Market Arrangements Code,https://www.ofwat.gov.uk/enforcement-case-into-everflow-limiteds-obligations-under-the-wholesale-retail-code-and-market-arrangements-code/,"Case summary We have opened an enforcement case into retailer Everflow Limited to investigate concerns that in its work with Third Party Intermediaries the company may be using the Market Dataset in a manner which is not […]
The post Enforcement case into Everflow Limited’s obligations under the Wholesale Retail Code and Market Arrangements Code appeared first on Ofwat.",regulatory_and_compliance,
RELEVANT,5,Thames Water,Water,Google News: Thames Water,news.google.com,2026-08-14T18:10:00+00:00,Thames Water plans to restart desalination plant – after drought has ended - The Guardian,https://news.google.com/rss/articles/CBMinwFBVV95cUxONjFObDhmWWRMOHdrc0xmNXRJeGNYU1FTejl2bEZsSHpzMTNycm4xUGh4dmdJZ00zTlFSNldhOGR4c0Y2c09XV3NYeG10R0VXa0R0ODlPQUtjYnVLWjk0d3R0cTBUOFlrVzJlanA5aE5vVVdKc3ItRC1xWXY3am5vTVhHNU5vR2ZKV1FDZHRXZXlRcG1oa0JCck13Y3JneXM?oc=5,Thames Water plans to restart desalination plant – after drought has ended The Guardian,,+1 other outlet covered this
RELEVANT,5,Thames Water,Water,Google News: Thames Water,news.google.com,2026-08-12T15:58:00+00:00,"Thames Water battling 1,000 leaks a week as heatwave bursts pipes - The Telegraph",https://news.google.com/rss/articles/CBMipwFBVV95cUxQRXYyeDBJdXRvVGowcGlfV0lZVkc0Mm1pekppaTRmOWlfS0Q0VmtfMURwcmVjcy03WjlGaWt2VXdoLVFuMjE3Qm1sY0ozZkpXUFdnQ0ItYTVFaFZ6emlJMGxUSlctSjV1bHlTVHdrcEdsdmJOT2NxMmRPeFFoOVpMTl9RMnZBU3hfSVFMZk1MSE5CN0ZpdnRDZV9NUm55QWU5X1BDVFRxdw?oc=5,"Thames Water battling 1,000 leaks a week as heatwave bursts pipes The Telegraph",,+1 other outlet covered this
RELEVANT,5,Thames Water,Water,Google News: Thames Water,news.google.com,2026-08-13T05:18:16+00:00,Bake Off contestant hit by Essex and London Thames Water shortages - BBC,https://news.google.com/rss/articles/CBMiXEFVX3lxTE5NR0pfUWFwZjd5LWJZazlHb2N4c2l4QWZjd2UwZmtDNjJvb005YXR2T05zeWRWXzdjZmFSNi0zY002R2tMQlVYZ2l0S1RjTEVQeGYxWERGTmFsaW1W?oc=5,Bake Off contestant hit by Essex and London Thames Water shortages BBC,,
RELEVANT,5,Thames Water,Water,Google News: Thames Water,news.google.com,2026-08-10T08:57:54+00:00,Thames Water gave finance boss a £1m signing-on fee - BBC,https://news.google.com/rss/articles/CBMiXEFVX3lxTE1EVERvRXE3RS1WTFlidFBDU0xIOVY4RC1BOVBLdGt6REFzREdZb0ZXeFZ2OVhHTHFyS2U1VDJYQmZ5TDZRWW9tY3VSZEkxUV9PZGtZSkRoMXgyTEI5?oc=5,Thames Water gave finance boss a £1m signing-on fee BBC,,+3 other outlets covered this
RELEVANT,5,Thames Water,Water,Google News: Thames Water,news.google.com,2026-08-11T15:14:48+00:00,Quality of Thames Water 'flagship' chalk stream rated as poor - BBC,https://news.google.com/rss/articles/CBMiXEFVX3lxTE5FN09VdlFnbW5rSmpNek1CQTJlSE9TOHA1dUgxSXFYVk1wWF9EdmNTakw4ejAtcW82cktkQ1JQOEtZVmVybnpqOHVRczlzVEJZZlpEbF9Uc1FodEpq?oc=5,Quality of Thames Water 'flagship' chalk stream rated as poor BBC,,
RELEVANT,5,Thames Water,Water,Google News: Thames Water,news.google.com,2026-08-11T12:35:38+00:00,"Almost nine in 10 back White Horse Reservoir, Thames Water says - BBC",https://news.google.com/rss/articles/CBMiXEFVX3lxTE9DNFk0QjZYZG9VVjRXNzRLX3pYQTZvRWd4ZkZBTmdkU2phVzNSckJBOUNoSGdrRXgyb3RmWDktV1FxcVg5b0xHM0FPVEo5QUl4STd6YXI2cEZMXzRv?oc=5,"Almost nine in 10 back White Horse Reservoir, Thames Water says BBC",,+1 other outlet covered this
RELEVANT,5,Thames Water,Water,Google News: Thames Water,news.google.com,2026-08-10T16:00:00+00:00,Thames Water faces backlash over £1m payout to finance chief - The Times,https://news.google.com/rss/articles/CBMiowFBVV95cUxNRXRuQ2tJOG9ZU0lVcjBQUTdpM2gxVE9UbnFVTVFpb1pINURBWDF6SXpCS0pLcnZaU25iNFdiTVI2aHNlOWVwV28yRGR0T0ZOVmZVYXpRX2ptOGgxWjhGS2o2MlR0ZkI5Ym9VdzJETVBjWW52TnNkQ3h3TVVEQVBYZkpqUnVSVFlBZk15M1RhSTBWb2RsUS1DOFkyeDBlQS1aMnJn?oc=5,Thames Water faces backlash over £1m payout to finance chief The Times,,+1 other outlet covered this
RELEVANT,5,Southern Water,Water,Energy Live News,energylivenews.com,2026-08-14T09:11:22+00:00,Water bills hiked for households,https://www.energylivenews.com/2026/08/14/water-bills-hiked-for-households/,Southern water customers could see an increase of £43 next year The post Water bills hiked for households appeared first on Energy Live News .,,
RELEVANT,5,Southern Water,Water,Google News: Southern Water,news.google.com,2026-08-14T10:16:56+00:00,Southern Water has no plans for Sussex hosepipe ban - BBC,https://news.google.com/rss/articles/CBMiXEFVX3lxTE5TcU5BX0VoNWcyY1M1c1VLYzhTTzRLNzc4ZTNTb1ZOajRNeWI2VUowQlVKWVF5TmtKSEdKV0dyMHYtbUEwdEpISVVrZUdPWF9NLTNKa0EzdGZDUnBx?oc=5,Southern Water has no plans for Sussex hosepipe ban BBC,,
RELEVANT,5,Southern Water,Water,Google News: Southern Water,news.google.com,2026-08-13T14:56:21+00:00,Southern Water customers face another £80 hit as regulator backs fresh bill rises - Meon Valley Times,https://news.google.com/rss/articles/CBMisAFBVV95cUxPWUQwdUg5bW5CaU0yOHRHZXV0Y2gwOE8wUFdMR1F4dnhfelNqc3lYRWFXWWNaZHMxMVBJTG9Jd0xFbG8yZTFfc0NKZTNPRGV3NUpROURnZ2dETGtZTkVsWXFCWmR6VTV6QU1RV21iWEdNeGhMVk5QLU5kSzlmbzZTdWs2ekVGenFwWnR5bTlUUDlIX1NaOTVnNVBZY3VNUXZTWVZ2TzZXUmN4OHRzZnRhUw?oc=5,Southern Water customers face another £80 hit as regulator backs fresh bill rises Meon Valley Times,,
RELEVANT,5,Severn Trent,Water,Google News: Severn Trent,news.google.com,2026-08-14T14:37:00+00:00,Severn Trent under fire for boasting it hasn’t banned hosepipes - The Telegraph,https://news.google.com/rss/articles/CBMipwFBVV95cUxPT1YzeDFEdEZKM2ROQ3VBYVVWTmR1V1Z4WjFvbGgxdWdUTFJyd3dVRkJ0dVBiaEo3Z3NsSXRvcGJmcDVHVzFnVGFvZk9RMC04eTBqb1NqLVVZc0xQUHhnMzJQOUROZ1pCM0UtSG9DazNET1p2RFYtMU9zR1lsbkJWNXpTMzdaMmRSRW5WSWxLTU03QkhjZGZzY1Z3dXhrZHcySklFWG13OA?oc=5,Severn Trent under fire for boasting it hasn’t banned hosepipes The Telegraph,,
RELEVANT,5,Severn Trent,Water,Google News: Severn Trent,news.google.com,2026-08-12T12:53:37+00:00,Severn Trent plea on sprinklers and paddling pools - BBC,https://news.google.com/rss/articles/CBMiXEFVX3lxTE9uc3pFWnRYV0oyZlpTb1N2b0UzVFNFdm42emlJazF1bVdQdXVPa010MkRxQ3lmYkt1SUFPVnhnbFhtSVV6VWxidFk3QXZQel9FNmNlTlIzbjV3bmFQ?oc=5,Severn Trent plea on sprinklers and paddling pools BBC,,
RELEVANT,5,Anglian Water,Water,Google News: Anglian Water,news.google.com,2026-08-12T18:24:37+00:00,Anglian Water to look at restrictions on businesses - BBC,https://news.google.com/rss/articles/CBMiXEFVX3lxTFBmSGNybDBiNzhkdi1LcHZoVEhaMV9Bb2gzdXFPclRjRE9lejNRMUlQdzJ2cXBXS0IxNXBBOWVKa3k2ekcxbXJsVlhLQWpvUk14VkpOZzllZWszeTAx?oc=5,Anglian Water to look at restrictions on businesses BBC,,+1 other outlet covered this
RELEVANT,5,Yorkshire Water,Water,Google News: Yorkshire Water,news.google.com,2026-08-12T05:00:00+00:00,Yorkshire Water investing £35m in North Yorkshire facility - “The health of Yorkshire’s rivers is incredibly important to us and to our customers” - Insider Media Ltd,https://news.google.com/rss/articles/CBMikgJBVV95cUxNVjlEQjBZM05PN0lOMzJBWnB5OE1HSDByRHFDVzF1X29KZEV6alZyV3NfRENwUXVHMnhua2I1NS1obk80YXBNUzBaVnI3V00wQzRDSVlwOXo1SG91LVQ3cFFOR1lKcG56eC1meVBqa2l3aW1iUGpHNFExUWUtb3VuVVZDR1dnQXZ3SDVxdzNYOEpFdWQzTmRsT0VEWVlqTm1objhRT01HNzdmaklWeUV0MTdLSFd0RmNrR2tLRTI4SnZSQUw0YW5jLWcxMl96bGpGZFFPZjZTLXVXaWpodk1FRHR6Ml9OWF8zUnRRZ1ZsNVhYYnplaW1vLWljRUx1YzlPVXBDQ2ZVQUxsVlp5clJPdGRn?oc=5,Yorkshire Water investing £35m in North Yorkshire facility - “The health of Yorkshire’s rivers is incredibly important to us and to our customers” Insider Media Ltd,,
RELEVANT,5,Yorkshire Water,Water,Google News: Yorkshire Water,news.google.com,2026-08-10T10:28:14+00:00,Yorkshire Water to invest £35m to improve health of River Ouse - bbc.com,https://news.google.com/rss/articles/CBMiWkFVX3lxTE1BLWxmUXVMN3VBc1RaR2w0YWN1M3hsemV3ckRVdEF5UG5tZGlmOFlFS2hObzhGakFHSDFNb3Y5Z01DX2JSYU9mZHp3ZzJDbERvRlNkeTNNdXYtQQ?oc=5,Yorkshire Water to invest £35m to improve health of River Ouse bbc.com,,
RELEVANT,5,South West Water,Water,Google News: South West Water,news.google.com,2026-08-10T17:08:57+00:00,Your South West Water hosepipe ban questions answered - BBC,https://news.google.com/rss/articles/CBMiXEFVX3lxTE13cDVOMHFRcE0tSFB6V0tDYkJhWHVYd0pBcGxLZ1ZONVJRcnVBcExHLVdfYXBlejRMNVlybHNzbFZRbkZLOW9ROGg1MG9DNDZtb2hwZGE3VUZ6bkM5?oc=5,Your South West Water hosepipe ban questions answered BBC,,+1 other outlet covered this
RELEVANT,5,Ofwat,Regulator,Google News: Ofwat,news.google.com,2026-08-13T10:42:26+00:00,Ofwat Confirms Provisional Approval Of £3.4 Billion Of Further Funding For 13 Water Companies - megaproject.com,https://news.google.com/rss/articles/CBMiyAFBVV95cUxPQnhQNGxEb3ZSUWZtQnpWN1l5MjN5U0dWTFdzVi0zMmcyYUxONll0T0J3WUJwVW1mY1doQW9FankyMnU5cGhncFpIdFNRczJpcWNHS0tSZkdTRnQzN2ozeWFkU1p0eEplR3BPd1p6VjNWZlppaUlTQ0U0YkZ4Sjhfc2R3RTBBQTc1WUNlQXZ4aGgtcXJ1TC1MS29pdGtkbWF0Tm9ReGZ6ZDdQS2IwRXRhdTc4UERGMTR3bk42Sjg3eGR5aVk2Sno2Zw?oc=5,Ofwat Confirms Provisional Approval Of £3.4 Billion Of Further Funding For 13 Water Companies megaproject.com,,
RELEVANT,5,Ofwat,Regulator,Google News: Ofwat,news.google.com,2026-08-13T07:04:36+00:00,Ofwat provisionally approves £3.4bn in additional water sector investment - Water Magazine,https://news.google.com/rss/articles/CBMifEFVX3lxTFB3ZE4yT1dhblVwUlFrcm9vQTN6RXVKaTNkamZQanNxSVhlVnlCQ014d3pPYmM0c3p0M2p4eVo4bUJkVW96aEdwNGNMMWlvUEJ5QTVZbE1Xb3I5TF9fUkNDSjNHY1RmWHdpdFN2bFhoRVVmWDBGWTJ1OUtwZGM?oc=5,Ofwat provisionally approves £3.4bn in additional water sector investment Water Magazine,,
RELEVANT,5,Ofwat,Regulator,Google News: Ofwat,news.google.com,2026-08-13T08:40:43+00:00,British Water Bills Surge: Ofwat Approves £3.4 Billion for Environmental Overhaul - Devdiscourse,https://news.google.com/rss/articles/CBMi2wFBVV95cUxPNWoxTXJZQl9pNnh1eTJFR3NxUnJQQ1lZTGllNDNSMHpWNk9sUzMyeU5lcm5LZmpwMG1hZGNpcjFHaXZuMmk2aWswS0lFS21pcGduQk1FTUIxS0ZLcVlaNU5QNkN1RGZKZDZENUJYZ3ctUDBFWXBkb0NvT0dKXzBfMWRZdUJYMGJ3c2EwTWhfNzZlRHF1RU9vbllFM3ZJaFpZenlCT1QxVDllVFpqbC05OTRfVUZEWXFCbEJlMTNHN0NXWWlrbGFLM1JIQXZ0MmZUTkNDTE9ZUnNvR1HSAeABQVVfeXFMT2ZSdnI2T3BUbTdNYzk4Z1Fzd1lUUWgyQmloWWhCbkhTTTZjc0xmMmIweHkxNWp3bVhxUlRIQnJUcU1zN0tHVXJ0MmNfRFdEUFJyWU42UVF3ZWVQN2lFNEprOWxOc3owUlpmRkdfSHM2X1U2TTdCSjF6WDNwX1VrWkVfVU9xbklHeU4zcGRJWnhwckljWVl1QkVRVW96aTNVZWNYc1JSQ0puXzlDWlNOcUxxS2Y5V21DMUd6VzRtdmhyZjV5TjlfazdBbHA5RFBETTJILXlqSHVsMGgwSGkwRjI?oc=5,British Water Bills Surge: Ofwat Approves £3.4 Billion for Environmental Overhaul Devdiscourse,,
RELEVANT,5,National Grid,Electricity,Guardian Business,theguardian.com,2026-08-13T17:13:45+00:00,Energy nationalism and interconnectors: the next power threat? | Nils Pratley,https://www.theguardian.com/business/nils-pratley-on-finance/2026/aug/13/energy-nationalism-interconnectors-next-power-,"Solar eclipses are far easier to manage than Europe’s cross-border electricity politics In the end, the solar eclipse did not cause the electricity grid to flicker. The early drop-off in solar generation was manageable, just as the National Energy System Operator (Neso), the state-owned body responsible for keeping the lights on, predicted. Gas-fired generators still had to be paid nose-bleed prices to fire up, and power via high-voltage interconnectors to continental Europe was also expensively sourced. But the system worked. A summer of heatwaves, however, has highlighted European grids’ reliance on those interconnectors – including seven between the UK and the continent – in an age of extreme weather and greater use of intermittent renewables. On Thursday, another low-wind “heat dome” day, a fifth of power to the British grid was coming from the continent at 10am. Cables from France alone were meeting 11%, or 3.54 gigawatts, of demand, or more than twice as much as the output at tha",,
RELEVANT,5,BT Group,Telecoms,Google News: BT Group,news.google.com,2026-08-17T06:15:00+00:00,"See what £15,000 invested in BT shares five years ago is worth with every dividend invested - The Twelfth Magpie",https://news.google.com/rss/articles/CBMiywFBVV95cUxNdkNVV0E0RDR3WHotYmlXeUhkR3JabFBQYktNQlRaN1N1bW1ZWEhsckxiMGJRdko2NDU2VUQyRGtFMTVuNlJVY2NRMnBHVGVaOW1uQVdVR3pkcmw5WHRveTMwczZ1a3F1Y0RlOXB0Nm5TRExnZ0xlVnZMUmk1T1BfQ29BZU9qU2RCUVVLdmFmSTVsV2N1cFBLbVE2NmdTSWJQeThTVG5vQWx2TDl6c3A4YXdWZXl0SDQxamxyOHFDWDNmTXdHRFpNbDIwRQ?oc=5,"See what £15,000 invested in BT shares five years ago is worth with every dividend invested The Twelfth Magpie",,
RELEVANT,5,BT Group,Telecoms,Google News: BT Group,news.google.com,2026-08-13T15:22:47+00:00,BT relocation plan will mean 'no work-life balance' - BBC,https://news.google.com/rss/articles/CBMiXEFVX3lxTE91Ykx0NndMcmlrZzF4OFl6TGhQRmpLdllkaTFrNVVnQWtaOXJuNHZNczFCcW9raElDd0JOWlZMRUcxeHdCeGZSaVU3YWdNaUVBdENzZGNlSGRwc1VF?oc=5,BT relocation plan will mean 'no work-life balance' BBC,,
RELEVANT,5,Vodafone,Telecoms,Google News: Vodafone,news.google.com,2026-08-13T15:15:00+00:00,Free Vodafone SIM cards given to Channel migrants - The Telegraph,https://news.google.com/rss/articles/CBMikwFBVV95cUxPdFhSZ1drd3g3c1pDWmp6UGVqaDlWMGNYZ3NxaXhmS195WWd2QTdkN2JWZElfSkt0cDJWemhnT0FOQzRjNHlvbVYtemFfTGJxN2ttbFUtdm15NlBBdUdkdldVVXZmcVl0ZTZuanpicUo1LU9hRFNOMk5zV2hmbVBZcTFxUE5zY19SRWxLRnFZUGpTVGM?oc=5,Free Vodafone SIM cards given to Channel migrants The Telegraph,,
RELEVANT,5,Vodafone,Telecoms,Google News: Vodafone,news.google.com,2026-08-13T09:52:44+00:00,AO launches Vodafone-powered AO Mobile with £12 500GB tariff - mobilenewscwp.co.uk,https://news.google.com/rss/articles/CBMipwFBVV95cUxQaGcxSW1SNzg1VzRIZk83R2VuT1dvWXNaYnAxWF9CRkZqSjFRVkFsLXJDZ1hlaGYwRXVoSWdKbkh0Z2RrdHZLVlBMM1h6QS1kOUxZWHFMUjAtTmlBREpobFJtSF9LanR6a2VxZHlPcC1CQUJ0Rm1pOXhYTVNTRWJwNlg1bTB3UHhjYzdyZG4ySDNFLUtJWnJFWlRMTXQ2Qlc0VXlmSHF0TQ?oc=5,AO launches Vodafone-powered AO Mobile with £12 500GB tariff mobilenewscwp.co.uk,,
RELEVANT,5,Lyca Mobile,Telecoms,Google News: Lyca Mobile,news.google.com,2026-08-14T01:33:00+00:00,"TPG, Boost and Lyca Mobile deals: Up to $260 off, gift cards and referral bonus - Finder.com.au",https://news.google.com/rss/articles/CBMijAFBVV95cUxOa2NXcHk3QS1LbXhEQ0pZWWZRNVdvT3FCeG53TTFXMUZIZkpBUDdNaDVTUkxZaHZnYmlqMVdKazVaZ3I2M3NkQkd4NUtnN0k3aXAxaVI0WTFDSHYzTUR5QkdqV21iWDFlZ1Y5blEwcUNjUWlBMDFzbjZ5SjFyeFBWSVZtYlBHZXM5LWRIOA?oc=5,"TPG, Boost and Lyca Mobile deals: Up to $260 off, gift cards and referral bonus Finder.com.au",,
RELEVANT,5,RWE,Electricity,Google News: RWE,news.google.com,2026-08-13T08:56:33+00:00,Germany's RWE flags two data centre deals in near-term - Reuters,https://news.google.com/rss/articles/CBMimwFBVV95cUxQWVp3TFlMVzNzb0NYTTJ0T0lIQ3ZJUjlNVUljREdLbkpTVXA2NWhiR1VxdUYxd2o1SE43MHV0SDB0cE8tMnBlQXNsYUdPUlA1LWlnak9Hbm93dXNmR1R4a3Y3RTJkMktPczY2aWw0YWxDMm5BM0Y3Nm00TXVMWERydHJYSjY0UkRIMG9ERGlUNkxMckJoTW9FdEhfZw?oc=5,Germany's RWE flags two data centre deals in near-term Reuters,,
RELEVANT,5,RWE,Electricity,Google News: RWE,news.google.com,2026-08-10T12:20:49+00:00,RWE exits US offshore wind market with $1.22 billion bounty - Maritime Journal,https://news.google.com/rss/articles/CBMiuAFBVV95cUxON2JZLWNqazZiaXdxLUZuRGZaSng1UTl3eUVlSFphYUwxT3hqV0s1M0xsZnBjVmV5aU5FTFh2eXBGallnN3ItbmVGN2ZZeUJqMzF6QktWOC1VSXEwWVFnVV9aZXlkSERYSDdzd0JFc1I0aU1oS3MyMmdEVGhZZjFHbG5qTk1qZ2FFMlJka21taVJuaGYtQXBwTWw0S3N6alV1LURHZ3JtN2d4TzBiTEJIOXRLUGhTTnNp?oc=5,RWE exits US offshore wind market with $1.22 billion bounty Maritime Journal,,
